Mærke,Navn,Adresse,Postnr,By,Latitude,Longitude
1X2 biler,1X2 biler,"Industrivej 16, 4160 Herlufmagle",4160,Herlufmagle,55.299940,11.757020
3B biler,3B biler,"Skovvej 78, 2750 Ballerup",2750,Ballerup,55.748366,12.370833
A! Biler,A! Biler,"Hovedvejen 222, 5580 Nørre Aaby",5580,Nørre Aaby,55.472437,9.878733
"A-T Pejse, Skov og Havecenter","A-T Pejse, Skov og Havecenter","Suderbovej 8, 9900 Frederikshavn",9900,Frederikshavn,57.444110,10.493695
A-Z Have Center,A-Z Have Center,"A F Heidemanns Vej 18A, 9800 Hjørring",9800,Hjørring,57.444606,10.004392
A. Boesenbæk,A. Boesenbæk A/S,"Diagonalvejen 77, 7323 Give",7323,Give,55.844349,9.229297
AFI Marine,AFI Marine A/S,"Stavneagervej 13, 8250 Egå",8250,Egå,56.221819,10.287538
ALK Biler,ALK Biler ApS,"Vejlevej 69, 7000 Fredericia",7000,Fredericia,55.569028,9.723744
AM Bilhus,AM Bilhus,"Håndværkervej 15, 6800 Varde",6800,Varde,55.627509,8.460827
AMB-Biler,AMB-Biler Aps,"Erhvervsparken 7, 8920 Randers NV",8920,Randers NV,56.482372,9.911867
AUBO Køkken & Bad,AUBO Østerbro,"Vennemindevej 2, 2100 København Ø",2100,København Ø,55.708206,12.570385
AUBO Køkken & Bad,AUBO Valby,"Vigerslev Allé 26, 2500 Valby",2500,Valby,55.662263,12.520627
AUBO Køkken & Bad,AUBO København Vest,"Ringager 2B, 2605 Brøndby",2605,Brøndby,55.644436,12.396175
AUBO Køkken & Bad,AUBO Helsingør,"Fabriksvej 3, 3000 Helsingør",3000,Helsingør,56.023779,12.570178
AUBO Køkken & Bad,AUBO Ringsted,"Nørregade 27A, 4100 Ringsted",4100,Ringsted,55.447623,11.788833
AUBO Køkken & Bad,AUBO Slagelse,"Fisketorvet 4H, 4200 Slagelse",4200,Slagelse,55.403421,11.355621
AUBO Køkken & Bad,AUBO Kalundborg,"Elmegade 41, 4400 Kalundborg",4400,Kalundborg,55.679592,11.104069
AUBO Køkken & Bad,AUBO Køge,"Theilgaards Vej 10, 4600 Køge",4600,Køge,55.478345,12.186600
AUBO Køkken & Bad,AUBO Næstved,"Merkurvej 2D, 4700 Næstved",4700,Næstved,55.254602,11.789338
AUBO Køkken & Bad,AUBO Nakskov,"Rødbyvej 87, 4900 Nakskov",4900,Nakskov,54.826244,11.149888
AUBO Køkken & Bad,AUBO Odense,"Tagtækkervej 7, 5230 Odense M",5230,Odense M,55.383557,10.422409
AUBO Køkken & Bad,AUBO Haderslev,"Norgesvej 24C, 6100 Haderslev",6100,Haderslev,55.263360,9.485391
AUBO Køkken & Bad,AUBO Sølsted,"Ribelandevej 84, 6270 Tønder",6270,Tønder,55.016440,8.844203
AUBO Køkken & Bad,AUBO Esbjerg,"Østervangsvej 4A, 6715 Esbjerg N",6715,Esbjerg N,55.501586,8.453754
AUBO Køkken & Bad,AUBO Vejle,"Løversysselvej 2E, 7100 Vejle",7100,Vejle,55.732314,9.594346
AUBO Køkken & Bad,AUBO Aulum,"Vævervej 12, 7490 Aulum",7490,Aulum,56.264062,8.777327
AUBO Køkken & Bad,AUBO Thisted,"Industrivej 61, 7700 Thisted",7700,Thisted,56.962892,8.719381
AUBO Køkken & Bad,AUBO Salling,"Hedegårdvej 1, 7870 Roslev",7870,Roslev,56.737961,8.962470
AUBO Køkken & Bad,AUBO Horsens,"Løvenørnsgade 12, 8700 Horsens",8700,Horsens,55.860478,9.843454
AUBO Køkken & Bad,AUBO Randers,"Grenåvej 90, 8960 Randers SØ",8960,Randers SØ,56.447709,10.063161
AUBO Køkken & Bad,AUBO Aalborg,"Løven 19, 9200 Aalborg SV",9200,Aalborg SV,57.001954,9.874252
AUBO Køkken & Bad,AUBO Løgstør,"Rapsmarken 9, 9670 Løgstør",9670,Løgstør,56.954733,9.262559
AUTOFYN,AUTOFYN ApS,"Mandal Alle 11, 5500 Middelfart",5500,Middelfart,55.503267,9.771503
AUTOONE,AUTOONE,"Ellehammersvej 2, 7100 Vejle",7100,Vejle,55.722537,9.565953
Aabybro Camping og Fritid,Aabybro Camping og Fritid,"Knøsgårdvej 121, 9440 Aabybro",9440,Aabybro,57.147304,9.754730
Aalestrup Motor Co.,Aalestrup Motor Co. ApS,"Testrupvej 6, 9620 Aalestrup",9620,Aalestrup,56.697946,9.491076
Aas Automobiler,Aas Automobiler,"Borgm N Jensens Vej 10, 6800 Varde",6800,Varde,55.624573,8.462658
Aaskov Automobiler,Aaskov Automobiler,"Navervej 4, 6800 Varde",6800,Varde,55.627916,8.460583
Aldershvile Planteskole,Aldershvile Planteskole,"Bagsværdvej 192, 2880 Bagsværd",2880,Bagsværd,55.765821,12.458116
Allan Hansen Automobiler,Allan Hansen Automobiler A/S,"Gl Vejlevej 48, 8721 Daugård",8721,Daugård,55.733192,9.700312
Alpina Marine,Alpina Marine,"Sanddal Bakke 18, 7000 Fredericia",7000,Fredericia,55.552301,9.727038
Als Motor,Als Motor,"Brunde Øst 18, 6230 Rødekro",6230,Rødekro,55.068784,9.358804
Ancher's Havecenter,Ancher's Havecenter,"Kildebrøndevej 52, 2670 Greve",2670,Greve,55.603377,12.295014
Anders Hansen Automobiler,Anders Hansen Automobiler,"Tarp Byvej 6C, 6715 Esbjerg N",6715,Esbjerg N,55.529072,8.452640
Anders Petersen Automobiler,Anders Petersen Automobiler,"Ravnsøvej 10, 8240 Risskov",8240,Risskov,56.203680,10.248560
Andersen & Martini,Andersen & Martini A/S - Glostrup,"Hovedvejen 196, 2600 Glostrup",2600,Glostrup,55.665873,12.386074
Andersen & Martini,Andersen & Martini A/S - Tåstrup,"Husmandsvej 3, 2630 Taastrup",2630,Taastrup,55.638818,12.290337
Andersen & Martini,Andersen & Martini A/S - Søborg,"Gladsaxevej 340, 2860 Søborg",2860,Søborg,55.736718,12.487102
Andersen Biler,Andersen Biler A/S - Taastrup,"Husby Alle 7, 2630 Taastrup",2630,Taastrup,55.658584,12.292658
Andersen Biler,Andersen Biler A/S - Herlev,"Herlev Hovedgade 50, 2730 Herlev",2730,Herlev,55.719592,12.451432
Andersen Biler,Andersen Biler A/S - Energivej 2,"Energivej 2, 2750 Ballerup",2750,Ballerup,55.723359,12.383666
Andersen Biler,Andersen Biler A/S - Amager,"Englandsvej 382B, 2770 Kastrup",2770,Kastrup,55.622104,12.604244
Andersen Biler,Andersen Biler A/S - Gladsaxe,"Gladsaxe Møllevej 14, 2860 Søborg",2860,Søborg,55.734454,12.476435
Andersen Biler,Andersen Biler A/S - Hillerød,"Lokesvej 4, 3400 Hillerød",3400,Hillerød,55.928516,12.260902
Andersen Biler,Andersen Biler A/S Frederikssund,"Vølundsvej 11, 3600 Frederikssund",3600,Frederikssund,55.849493,12.058924
Andersen Biler,Andersen Biler A/S - Roskilde,"Københavnsvej 154, 4000 Roskilde",4000,Roskilde,55.642571,12.120581
Andersen biler,Andersen biler A/S - Holbæk,"Tåstrup Møllevej 6, 4300 Holbæk",4300,Holbæk,55.702966,11.709388
Arne Stubbe Automobiler,Arne Stubbe Automobiler A/S,"Måløv Byvej 7, 2760 Måløv",2760,Måløv,55.744864,12.327308
Arne Stubbe Automobiler,Arne Stubbe Automobiler A/S,"Betonvej 2, 4000 Roskilde",4000,Roskilde,55.643602,12.124386
Asmild Plantecenter,Asmild Plantecenter,"Randersvej 76A, 8800 Viborg",8800,Viborg,56.456354,9.460855
Aston Martin,Aston Martin,"Strandvænget 2, 2100 København Ø",2100,København Ø,55.716458,12.577694
Au2Spot,Au2Spot ApS,"Gammel Køge Landevej 170A, 2500 Valby",2500,Valby,55.646655,12.504370
Audebo Havecenter,Audebo Havecenter,"Nykøbingvej 96, 4300 Holbæk",4300,Holbæk,55.759071,11.629361
Audi,Audi Amager,"Englandsvej 437, 2770 Kastrup",2770,Kastrup,55.613414,12.613486
Audi,Audi Gladsaxe,"Turbinevej 1, 2860 Søborg",2860,Søborg,55.732552,12.459922
Audi,Audi Hørsholm,"Kokkedal Industripark 6, 2980 Kokkedal",2980,Kokkedal,55.904744,12.479679
Audi,Audi Holbæk,"Bilbyen 1, 4300 Holbæk",4300,Holbæk,55.704861,11.674315
Audi,Audi Odense,"Middelfartvej 50, 5200 Odense V",5200,Odense V,55.393907,10.356779
Audi,Audi Fredericia,"Kongens Kvarter 32, 7000 Fredericia",7000,Fredericia,55.540580,9.675061
Audi,Audi Aalborg,"Ny Kærvej 47, 9000 Aalborg",9000,Aalborg,57.032487,9.927817
Aunsbjerg,Aunsbjerg Odense A/S,"Nyborgvej 240, 5220 Odense SØ",5220,Odense SØ,55.392820,10.427639
Aunsbjerg,Aunsbjerg Kolding A/S,"Platinvej 1, 6000 Kolding",6000,Kolding,55.507419,9.455243
Aunsbjerg,Aunsbjerg Aarhus,"Øsselbjergvej 27, 8250 Egå",8250,Egå,56.206838,10.265249
Auto C,Auto C,"Grenåvej 23, 8960 Randers SØ",8960,Randers SØ,56.452520,10.051054
Auto Group LF,Auto Group LF A/S,"Herningvej 24B, 4800 Nykøbing F",4800,Nykøbing F,54.779700,11.881040
Auto Group Nordvest,"Auto Group Nordvest – Škoda, SEAT og CUPRA Herning","Hvidkildevej 5, 7400 Herning",7400,Herning,56.151710,8.934765
Auto Group Nordvest,Auto Group Nordvest – Volkswagen og Audi Servicepartner Herning,"Tjelevej 16, 7400 Herning",7400,Herning,56.150328,8.933306
Auto Group Nordvest,"Auto Group Nordvest – Volkswagen, Škoda og SEAT Servicepartner Holstebro","Nybovej 27, 7500 Holstebro",7500,Holstebro,56.337970,8.641777
Auto-Centralen,Auto-Centralen,"Håndværkervej 10A, 9000 Aalborg",9000,Aalborg,57.035366,9.926595
Auto-House,Auto-House Køge A/S,"Høgevej 1, 4600 Køge",4600,Køge,55.470568,12.174083
Auto-Sørensen,Auto-Sørensen,"Københavnsvej 128, 4600 Køge",4600,Køge,55.485121,12.188981
Autocamp,Autocamp,"Århusvej 10D, 8670 Låsby",8670,Låsby,56.146910,9.816487
Autocentralen,Autocentralen Kolding,"Egtved Alle 1, 6000 Kolding",6000,Kolding,55.517443,9.460671
Autocentralen,Autocentralen Esbjerg,"Skagerrakvej 4, 6715 Esbjerg N",6715,Esbjerg N,55.516729,8.469367
Autocentralen,Autocentralen Skive,"Katkjærvej 10, 7800 Skive",7800,Skive,56.568357,8.994408
Autocentralen,Autocentralen Horsens,"Vejlevej 151, 8700 Horsens",8700,Horsens,55.832492,9.807591
Autocentrum,Autocentrum Odense,"N.J. Haustrups Vej 3, 5220 Odense SØ",5220,Odense SØ,55.374204,10.499206
Autogården,Autogården,"Rugårdsvej 72, 5463 Harndrup",5463,Harndrup,55.465320,10.021060
Autohallen,Autohallen,"Løjtegårdsvej 169, 2770 Kastrup",2770,Kastrup,55.623064,12.601843
Autohjørnet v/Henrik Larsen,Autohjørnet v/Henrik Larsen,"Buddingevej 117, 2800 Kongens Lyngby",2800,Kongens Lyngby,55.757018,12.495667
Autohuset Bornholm,Autohuset Bornholm,"Zahrtmannsvej 46, 3700 Rønne",3700,Rønne,55.095780,14.711197
Autohuset Kronsbjerg,Autohuset Kronsbjerg A/S,"Tarup Engvej 5, 5210 Odense NV",5210,Odense NV,55.403453,10.353975
Autohuset Kronsbjerg,Autohuset Kronsbjerg,"Odensevej 148, 5700 Svendborg",5700,Svendborg,55.077428,10.578958
Autohuset Kronsbjerg,Autohuset Kronsbjerg A/S,"Grønnemosevej 11, 5700 Svendborg",5700,Svendborg,55.075704,10.587274
Autohuset Vanløse,Autohuset Vanløse,"Jyllingevej 24, 2720 Vanløse",2720,Vanløse,55.693095,12.489296
Autohuset Vestergaard,Autohuset Vestergaard A/S,"Nærum Hovedgade 1, 2850 Nærum",2850,Nærum,55.817086,12.529125
Autohuset Vestergaard,Autohuset Vestergaard A/S,"Bondovej 18, 5250 Odense SV",5250,Odense SV,55.361793,10.350314
Autohuset Vestergaard,Autohuset Vestergaard,"Svendborgvej 102, 5260 Odense S",5260,Odense S,55.356107,10.404243
Autohuset Vestergaard,Autohuset Vestergaard A/S,"Odensevej 42, 5700 Svendborg",5700,Svendborg,55.068278,10.585684
Autohuset Vestergaard,Autohuset Vestergaard A/S,"Trianglen 4, 6000 Kolding",6000,Kolding,55.532118,9.462606
Autohuset Vestergaard,Autohuset Vestergaard A/S,"Østergade 57, 6230 Rødekro",6230,Rødekro,55.070256,9.349860
Autohuset Vestergaard,Autohuset Vestergaard A/S,"Strandvejen 220, 7000 Fredericia",7000,Fredericia,55.557311,9.728840
Autohuset Vestergaard,Autohuset Vestergaard,"Vestre Ringvej 2, 7000 Fredericia",7000,Fredericia,55.558098,9.729047
Autohuset Vestergaard,Autohuset Vestergaard A/S,"Løversysselvej 9, 7100 Vejle",7100,Vejle,55.729917,9.592412
Autohuset Vestergaard,Autohuset Vestergaard A/S,"Ormhøjgårdvej 2, 8700 Horsens",8700,Horsens,55.845057,9.834265
Autotjek,Autotjek Herning,"Tjelevej 22, 7400 Herning",7400,Herning,56.151311,8.932591
Autotorvet,Autotorvet ApS,"Følfodvej 3, 9310 Vodskov",9310,Vodskov,57.100331,10.019016
AviBiler,AviBiler,"Ribevej 3, 6800 Varde",6800,Varde,55.612807,8.491364
Ayvens,Ayvens,"Vesterballevej 9C, 7000 Fredericia",7000,Fredericia,55.530261,9.718895
B&D Biler,B&D Biler,"Østergårdsvej 15, 7840 Højslev",7840,Højslev,56.553269,9.086847
BAUHAUS,BAUHAUS Valby,"Julius Andersens Vej 3A, 2450 København SV",2450,København SV,55.649375,12.518345
BAUHAUS,BAUHAUS Glostrup,"Hovedvejen 155, 2600 Glostrup",2600,Glostrup,55.663610,12.383215
BAUHAUS,BAUHAUS Ishøj,"Industridalen 7-9, 2635 Ishøj",2635,Ishøj,55.620116,12.339773
BAUHAUS,BAUHAUS Gladsaxe,"Turbinevej 4, 2860 Søborg",2860,Søborg,55.733254,12.458140
BAUHAUS,BAUHAUS Hillerød,"Sigrunsvej 40, 3400 Hillerød",3400,Hillerød,55.933573,12.259031
BAUHAUS,BAUHAUS Roskilde,"Industrivej 52, 4000 Roskilde",4000,Roskilde,55.646248,12.132750
BAUHAUS,BAUHAUS Holbæk,"Stenhusvej 56, 4300 Holbæk",4300,Holbæk,55.704615,11.668627
BAUHAUS,BAUHAUS Næstved,"Vestergårdsvej 80, 4700 Næstved",4700,Næstved,55.255672,11.802133
BAUHAUS,BAUHAUS Odense,"Risingsvej 69, 5000 Odense C",5000,Odense C,55.404755,10.424450
BAUHAUS,BAUHAUS Kolding,"Vejlevej 249, 6000 Kolding",6000,Kolding,55.512372,9.453635
BAUHAUS,BAUHAUS Sønderborg,"Augustenborg Landevej 15, 6400 Sønderborg",6400,Sønderborg,54.922660,9.815330
BAUHAUS,BAUHAUS Esbjerg,"Gl Vardevej 247, 6715 Esbjerg N",6715,Esbjerg N,55.508507,8.452082
BAUHAUS,BAUHAUS Vejle,"Dandyvej 9, 7100 Vejle",7100,Vejle,55.728278,9.581125
BAUHAUS,BAUHAUS Herning,"Silkeborgvej 128, 7400 Herning",7400,Herning,56.132783,9.009537
BAUHAUS,BAUHAUS Viby,"Ringvej Syd 102, 8260 Viby J",8260,Viby J,56.117792,10.152864
BAUHAUS,BAUHAUS Tilst,"Anelystparken 16, 8381 Tilst",8381,Tilst,56.183733,10.099761
BAUHAUS,BAUHAUS Randers,"Juventusvej 7, 8960 Randers SØ",8960,Randers SØ,56.431482,10.056462
BAUHAUS,BAUHAUS Aalborg,"Stenbukken 2, 9200 Aalborg SV",9200,Aalborg SV,57.000560,9.871593
BAUHAUS,BAUHAUS Hjørring,"Frederikshavnsvej 290, 9800 Hjørring",9800,Hjørring,57.455328,10.034729
BEKA AUTO,BEKA AUTO A/S,"Elholm 23, 6400 Sønderborg",6400,Sønderborg,54.926210,9.790755
BLG Viden Blomstergaarden,BLG Viden Blomstergaarden,"Bjerringholmvej 14, 8830 Tjele",8830,Tjele,56.476569,9.484659
BMW,Bayern AutoGroup Esbjerg A/S,"Storstrømsvej 4, 6715 Esbjerg N",6715,Esbjerg N,55.507463,8.470876
BMW,Bayern AutoGroup Holstebro A/S,"Jens Baggesens Vej 5, 7500 Holstebro",7500,Holstebro,56.371109,8.627211
BMW,Bayern AutoGroup Aalborg A/S,"Jyllandsgade 26, 9000 Aalborg",9000,Aalborg,57.042259,9.927148
BYD,BYD Taastrup,"Roskildevej 323B, 2630 Taastrup",2630,Taastrup,55.657185,12.294601
BYD,BYD,"Skovvangen 42D, 6000 Kolding",6000,Kolding,55.514433,9.461036
Baadhuset,Baadhuset,"Tværskiftet 9, 8330 Beder",8330,Beder,56.055004,10.200676
Bakke Auto,Bakke Auto A/S,"Kattegatvej 5, 6705 Esbjerg Ø",6705,Esbjerg Ø,55.498904,8.468018
Bakken's Auto,Bakken's Auto,"Århusvej 58, 8600 Silkeborg",8600,Silkeborg,56.169446,9.567908
Balling Autohandel,Balling Autohandel,"Skivevej 54, 7860 Spøttrup",7860,Spøttrup,56.610213,8.889893
Barfods Have,Barfods Have,"Kajgaden 7F, 3390 Hundested",3390,Hundested,55.964389,11.847524
Bayern AutoGroup,Bayern AutoGroup Odense A/S,"Sivmosevænget 1, 5260 Odense S",5260,Odense S,55.353704,10.403891
Bayern AutoGroup,Bayern AutoGroup Odense A/S,"Sivmosevænget 1, 5260 Odense S",5260,Odense S,55.354102,10.403134
Bayern AutoGroup,Bayern AutoGroup Kolding A/S,"Trianglen 5, 6000 Kolding",6000,Kolding,55.531479,9.465808
Bayern AutoGroup,Bayern AutoGroup Aarhus A/S,"Blomstervej 4A, 8210 Aarhus V",8210,Aarhus V,56.181264,10.126045
Benny Djarlo Automobiler,Benny Djarlo Automobiler A/S,"Nærum Hovedgade 2, 2850 Nærum",2850,Nærum,55.816660,12.530051
Benny Djarlo Automobiler,Benny Djarlo Automobiler,"Niverød Erhvervspark 2, 2990 Nivå",2990,Nivå,55.937285,12.483984
Benny Djarlo Automobiler,Benny Djarlo Automobiler A/S,"Støberivej 1, 3000 Helsingør",3000,Helsingør,56.019664,12.562540
Bent Pedersen,Bent Pedersen AS,"Hedelundvej 11A, 6705 Esbjerg Ø",6705,Esbjerg Ø,55.482698,8.496015
Bent Pedersen,Bent Pedersen AS,"Jeppe Skovgaards Vej 1, 6800 Varde",6800,Varde,55.603483,8.498151
Bentley,Bentley Copenhagen,"Banevingen 6, 2200 København N",2200,København N,55.706382,12.544938
Bespoke Cars,Bespoke Cars ApS,"Møgelgårdsvej 3A, 8520 Lystrup",8520,Lystrup,56.231315,10.238907
Bil & Co,Bil & Co A/S,"Nørrekobbel 5, 6400 Sønderborg",6400,Sønderborg,54.923540,9.790625
Bil-Centrum Schou-Jensen,Bil-Centrum Schou-Jensen A/S,"Nr. Lindvej 1, 7400 Herning",7400,Herning,56.109493,8.977785
BilButikken,BilButikken,"Trekanten 20, 8500 Grenaa",8500,Grenaa,56.390577,10.875258
Bilcentret,Bilcentret A/S,"Roskildevej 322, 2630 Taastrup",2630,Taastrup,55.659120,12.308003
Bilcentret Peer Glad,Bilcentret Peer Glad A/S,"Slagelsevej 121, 4400 Kalundborg",4400,Kalundborg,55.672626,11.109986
Bilcentret Peer Glad,Bilcentret Peer Glad A/S,"Slagelsevej 88, 4400 Kalundborg",4400,Kalundborg,55.672033,11.109574
Bilco,Bilco A/S,"Grenåvej 36, 8960 Randers SØ",8960,Randers SØ,56.451672,10.051509
Bilerne.com,Bilerne.com - Randers,"Clausholmvej 3, 8960 Randers SØ",8960,Randers SØ,56.445392,10.066178
Bilfabrik.dk,Bilfabrik.dk,"Fabriksvej 5, 5260 Odense S",5260,Odense S,55.347169,10.402674
Bilforhandler,Bilforhandler Hellerup,"Strandvejen 34, 2900 Hellerup",2900,Hellerup,55.722298,12.577795
Bilforhandler,Bilforhandler Helsingør,"H C Ørsteds Vej 10, 3000 Helsingør",3000,Helsingør,56.030279,12.570297
Bilforhandler,Bilforhandler Birkerød,"Birkerød Kongevej 58, 3460 Birkerød",3460,Birkerød,55.840644,12.441716
Bilforhandler,Bilforhandler Birkerød,"Birkerød Kongevej 74, 3460 Birkerød",3460,Birkerød,55.842291,12.438217
Bilforhandler,Bilforhandler Rønne,"Industrivej 14B, 3700 Rønne",3700,Rønne,55.098047,14.718425
Bilforhandler,Bilforhandler Rønne,"Borgmester Nielsens Vej 126, 3700 Rønne",3700,Rønne,55.107019,14.707869
Bilforhandler,Bilforhandler Køge,"Tigervej 22, 4600 Køge",4600,Køge,55.474919,12.170485
Bilforhandler,Bilforhandler Stege,"Klintevej 231, 4780 Stege",4780,Stege,54.995843,12.388706
Bilforhandler,Bilforhandler Middelfart,"Mandal Alle 13, 5500 Middelfart",5500,Middelfart,55.504169,9.771098
Bilforhandler,Bilforhandler Agerskov,"Nitriskærvej 2, 6534 Agerskov",6534,Agerskov,55.135443,9.129724
Bilforhandler,Bilforhandler Skærbæk,"Ribevej 26, 6780 Skærbæk",6780,Skærbæk,55.160447,8.766495
Bilforhandler,Bilforhandler Kjellerup,"Gl Hærkrovej 5, 8620 Kjellerup",8620,Kjellerup,56.326593,9.334585
Bilforhandler,Bilforhandler Horsens,"Korningvej 99, 8700 Horsens",8700,Horsens,55.852013,9.706432
Bilforhandler,Bilforhandler Viborg,"Falkevej 23, 8800 Viborg",8800,Viborg,56.444762,9.388516
Bilforhandler,Bilforhandler Viborg,"Falkevej 21, 8800 Viborg",8800,Viborg,56.445621,9.389060
Bilforhandler,Bilforhandler Hals,"Vestergade 43, 9370 Hals",9370,Hals,57.078071,10.253993
Bilforhandler,Bilforhandler Vadum,"Vejlen 31, 9430 Vadum",9430,Vadum,57.106987,9.817049
Bilforhandler,Bilforhandler Hobro,"Smedevej 17, 9500 Hobro",9500,Hobro,56.623623,9.804819
Bilforhandler,Bilforhandler Hobro,"Smedevej 5, 9500 Hobro",9500,Hobro,56.626130,9.802646
Bilforhandler,Bilforhandler Sindal,"Gaden 107, 9870 Sindal",9870,Sindal,57.491231,10.200493
Bilforhandler,Bilforhandler Frederikshavn,"Toftegårdsvej 24, 9900 Frederikshavn",9900,Frederikshavn,57.442248,10.499578
Bilgaarden,Bilgaarden Vejle,"Gammel Sving 13, 7100 Vejle",7100,Vejle,55.654002,9.592749
Bilgaragen,Bilgaragen,"Sundbrovej 1, 5700 Svendborg",5700,Svendborg,55.041512,10.611757
Bilgo i,Bilgo i Køge A/S,"Valdemarshaab 6C, 4600 Køge",4600,Køge,55.475881,12.188969
Bilgo i,Bilgo i Næstved A/S,"Køgevej 16, 4700 Næstved",4700,Næstved,55.248675,11.766172
Bilgruppen.dk,Bilgruppen.dk,"Bytoften 7, 4000 Roskilde",4000,Roskilde,55.643345,12.107085
Bilhjørnet,Bilhjørnet Odense,"Bogensevej 413, 5270 Odense N",5270,Odense N,55.442172,10.303364
Bilhuset Arnum,Bilhuset Arnum,"Kongevej 330A, 6510 Gram",6510,Gram,55.245439,8.967875
Bilhuset Elmer,Bilhuset Elmer A/S,"Kirstinehøj 66, 2770 Kastrup",2770,Kastrup,55.615440,12.610929
Bilhuset Esbjerg,Bilhuset Esbjerg A/S,"Exnersgade 15, 6700 Esbjerg",6700,Esbjerg,55.463803,8.459000
Bilhuset Jylland,Bilhuset Jylland ApS,"Soldalen 2, 7100 Vejle",7100,Vejle,55.680934,9.567450
Bilhuset Kolding,Bilhuset Kolding A/S,"Vonsildvej 17, 6000 Kolding",6000,Kolding,55.467031,9.472493
Bilhuset Midtsjælland,Bilhuset Midtsjælland ApS,"Dyvelslystvej 7, 4060 Kirke Såby",4060,Kirke Såby,55.639165,11.831711
Bilhuset Ronald Carlsen,Bilhuset Ronald Carlsen Odense A/S,"Rolundvej 9, 5260 Odense S",5260,Odense S,55.349890,10.409744
Bilhuset Taastrup,Bilhuset Taastrup A/S,"Roskildevej 315, 2630 Taastrup",2630,Taastrup,55.658575,12.309872
Bilscenen,Bilscenen A/S Varde,"Tømrervej 8, 6800 Varde",6800,Varde,55.606946,8.497526
Birkerød Bilhus,Birkerød Bilhus A/S,"Toftebakken 4, 3460 Birkerød",3460,Birkerød,55.840468,12.439271
Bjarne Nielsen,Bjarne Nielsen A/S - Roskilde,"Darupvang 13, 4000 Roskilde",4000,Roskilde,55.626647,12.063797
Bjarne Nielsen,Bjarne Nielsen A/S - Holbæk,"Bilbyen 2, 4300 Holbæk",4300,Holbæk,55.706438,11.675186
Bjarne Nielsen,Bjarne Nielsen A/S - Kalundborg,"Elmegade 31, 4400 Kalundborg",4400,Kalundborg,55.679235,11.101763
Bjarne Nielsen,Bjarne Nielsen A/S,"Tangmosevej 108, 4600 Køge",4600,Køge,55.474476,12.185638
Bjarne Nielsen,Bjarne Nielsen A/S,"Storegade 246, 6705 Esbjerg Ø",6705,Esbjerg Ø,55.480951,8.497604
Bjarne Nielsen,Bjarne Nielsen A/S,"Silkeborgvej 110, 7400 Herning",7400,Herning,56.134047,9.005002
Bjarne Nielsen,Bjarne Nielsen A/S,"Nybovej 37, 7500 Holstebro",7500,Holstebro,56.336131,8.644746
Bjarne Nielsen,Bjarne Nielsen Skive,"Elskjærbakken 5, 7800 Skive",7800,Skive,56.570663,9.001893
Bjarne Nielsen,Bjarne Nielsen A/S Silkeborg,"Kejlstruphøjvej 2, 8600 Silkeborg",8600,Silkeborg,56.190468,9.559669
Bjarne Nielsen,Bjarne Nielsen A/S - Viborg,"Industrivej 16, 8800 Viborg",8800,Viborg,56.465598,9.406737
Bjerrum Biler,Bjerrum Biler,"Bødkervej 4, 7600 Struer",7600,Struer,56.476304,8.579755
Bjørn K Blomster,Bjørn K Blomster,"Tarp Hovedvej 70, 6715 Esbjerg N",6715,Esbjerg N,55.543296,8.463555
Blom Biler,Blom Biler,"Sverigesvej 8, 8660 Skanderborg",8660,Skanderborg,56.052894,9.950585
Blomster Stedet,Blomster Stedet,"Vejenvej 56, 6600 Vejen",6600,Vejen,55.469102,9.120364
BlomsterBixen Dronninglund Havecenter,BlomsterBixen Dronninglund Havecenter,"Østre Ringgade 2, 9330 Dronninglund",9330,Dronninglund,57.164576,10.294840
Blomstercentret,Blomstercentret,"Herningvej 10, 4800 Nykøbing F",4800,Nykøbing F,54.780211,11.875642
Blomsterstedet,Blomsterstedet,"Nordre Boulevard 51, 6800 Varde",6800,Varde,55.631574,8.484879
Blue Cars,Blue Cars A/S – Service Center Aarhus,"Holmstrupgårdvej 252, 8210 Aarhus V",8210,Aarhus V,56.180093,10.123697
Bluebay Marine,Bluebay Marine,"Kejlstrupvej 241, 8600 Silkeborg",8600,Silkeborg,56.197626,9.557856
Borup Bilcenter,Borup Bilcenter,"Bækgårdsvej 33B, 4140 Borup",4140,Borup,55.491648,11.975357
Brdr. Clausen,Brdr. Clausen A/S,"Lundemarksvej 31, 4300 Holbæk",4300,Holbæk,55.714428,11.698904
Brdr. Hosbond,Brdr. Hosbond A/S,"Skjernvej 4A, 9220 Aalborg Øst",9220,Aalborg Øst,57.029041,9.975500
Brdr. Hosbond,Brdr. Hosbond,"Skjernvej 4B, 9220 Aalborg Øst",9220,Aalborg Øst,57.030089,9.975345
Brdr. Hosbond,Brdr. Hosbond A/S,"Frederikshavnsvej 325, 9800 Hjørring",9800,Hjørring,57.456591,10.040397
Brdr. Jensen Sales,Brdr. Jensen Sales ApS,"Ole Rømers Vej 32, 8670 Låsby",8670,Låsby,56.156068,9.817208
Bredebro Automobiler,Bredebro Automobiler ApS,"Birkevej 1, 6261 Bredebro",6261,Bredebro,55.046049,8.826461
British MotorGroup,British MotorGroup A/S,"Dynamovej 12A, 2860 Søborg",2860,Søborg,55.731717,12.461807
Brøndum Andersen Autogård,Brøndum Andersen Autogård A/S,"Pedersholmparken 2, 3600 Frederikssund",3600,Frederikssund,55.824404,12.091447
Brørup Bilcenter,Brørup Bilcenter ApS,"Esbjergvej 76, 6650 Brørup",6650,Brørup,55.499258,9.021624
Burgaard Sørensen,Burgaard Sørensen A/S,"Sædding Ringvej 3, 6710 Esbjerg V",6710,Esbjerg V,55.502985,8.407198
Burgaard Sørensen,Burgaard Sørensen A/S - Varde,"Tømrervej 8, 6800 Varde",6800,Varde,55.606946,8.497526
Byens Autocenter,Byens Autocenter,"Thorsvang 8, 3400 Hillerød",3400,Hillerød,55.929108,12.286032
Bygholm Biler,Bygholm Biler,"Smedebakken 2, 8700 Horsens",8700,Horsens,55.856274,9.770493
Bygma,Bygma København,"Oliehavnsbroen 5, 2300 København S",2300,København S,55.670950,12.624165
Bygma,Bygma Amager,"Tømmerupvej 77, 2770 Kastrup",2770,Kastrup,55.608681,12.613801
Bygma,Bygma Herlev,"Transformervej 10, 2860 Søborg",2860,Søborg,55.732467,12.467441
Bygma,Bygma Helsingør,"Energivej 2, 3000 Helsingør",3000,Helsingør,56.021045,12.560363
Bygma,Bygma Frederiksværk,"K. A. Larssensgade 2, 3300 Frederiksværk",3300,Frederiksværk,55.969822,12.017418
Bygma,Bygma Hillerød,"Vølundsvej 14, 3400 Hillerød",3400,Hillerød,55.932516,12.266319
Bygma,Bygma Rønne,"Zahrtmannsvej 67, 3700 Rønne",3700,Rønne,55.096413,14.709316
Bygma,Bygma Nexø,"Industrivej 3, 3730 Nexø",3730,Nexø,55.058219,15.120404
Bygma,Bygma Roskilde,"Bytoften 4, 4000 Roskilde",4000,Roskilde,55.644048,12.109003
Bygma,Bygma Ringsted,"Rugvænget 15, 4100 Ringsted",4100,Ringsted,55.436482,11.805003
Bygma,Bygma Viby Sj.,"Grønningen 1, 4130 Viby Sjælland",4130,Viby Sjælland,55.551689,12.020164
Bygma,Bygma Sorø,"Industrivej 6-8, 4180 Sorø",4180,Sorø,55.443980,11.563441
Bygma,Bygma Hvalsø,"Bentsensvej 12, 4330 Hvalsø",4330,Hvalsø,55.594979,11.870067
Bygma,Bygma Køge,"Københavnsvej 87, 4600 Køge",4600,Køge,55.476877,12.183475
Bygma,Bygma Hårlev,"Industrivej 8, 4652 Hårlev",4652,Hårlev,55.349929,12.228325
Bygma,Bygma St. Heddinge,"Jernbanegade 7, 4660 Store Heddinge",4660,Store Heddinge,55.309922,12.386702
Bygma,Bygma Rønnede,"Industrivej 31, 4683 Rønnede",4683,Rønnede,55.266042,12.026761
Bygma,Bygma Haslev,"Maglemosevej 13, 4690 Haslev",4690,Haslev,55.331084,11.948617
Bygma,Bygma Næstved,"Holsted Park 10, 4700 Næstved",4700,Næstved,55.248794,11.775788
Bygma,Bygma Nykøbing F,"Gaabensevej 48A, 4800 Nykøbing F",4800,Nykøbing F,54.776553,11.867205
Bygma,Bygma Odense,"Nyborgvej 354, 5220 Odense SØ",5220,Odense SØ,55.392074,10.437592
Bygma,Bygma Bellinge,"Rughøjvej 11, 5250 Odense SV",5250,Odense SV,55.338289,10.297855
Bygma,Bygma Kerteminde,"Møllevangen 12, 5300 Kerteminde",5300,Kerteminde,55.457323,10.652234
Bygma,Bygma Lindø,"Østvej 6a, 5330 Munkebo",5330,Munkebo,55.467498,10.541625
Bygma,Bygma Otterup,"Hjorslevvej 2, 5450 Otterup",5450,Otterup,55.507440,10.397672
Bygma,Bygma Svendborg,"Nordre Ringvej 151, 5700 Svendborg",5700,Svendborg,55.075353,10.602073
Bygma,Bygma Ringe,"Østre Ringevej 37, 5750 Ringe",5750,Ringe,55.238237,10.484142
Bygma,Bygma Nyborg,"Lyøvej 7, 5800 Nyborg",5800,Nyborg,55.314247,10.757250
Bygma,Bygma Kolding Byggecenter,"Gejlhavegårdvej 2A, 6000 Kolding",6000,Kolding,55.471074,9.469563
Bygma,Bygma Haderslev,"Sverigesvej 4A, 6100 Haderslev",6100,Haderslev,55.263636,9.483155
Bygma,Bygma Aabenraa,"Tøndervej 50, 6200 Aabenraa",6200,Aabenraa,55.034923,9.413811
Bygma,Bygma Tønder,"Håndværkervej 1, 6270 Tønder",6270,Tønder,54.947522,8.865467
Bygma,Bygma Gråsten,"Ulsnæs 20-22, 6300 Gråsten",6300,Gråsten,54.911975,9.589804
Bygma,Bygma Padborg,"Industrivej 24, 6330 Padborg",6330,Padborg,54.833043,9.350326
Bygma,Bygma Sønderborg,"Elholm 5, 6400 Sønderborg",6400,Sønderborg,54.925104,9.787564
Bygma,Bygma Als,"Nymøllevej 8, 6430 Nordborg",6430,Nordborg,54.985775,9.865593
Bygma,Bygma Esbjerg,"Darumvej 143, 6700 Esbjerg",6700,Esbjerg,55.464023,8.493377
Bygma,Bygma Esbjerg N,"Ulvsundvej 11, 6715 Esbjerg N",6715,Esbjerg N,55.512412,8.499557
Bygma,Bygma Bindslev,"Strandvejen 10B, 6720 Fanø",6720,Fanø,55.438277,8.394822
Bygma,Bygma Agerbæk,"Hellevej 2, 6753 Agerbæk",6753,Agerbæk,55.604733,8.801595
Bygma,Bygma Skærbæk,"Nørre Skærbækvej 31, 6780 Skærbæk",6780,Skærbæk,55.167890,8.754147
Bygma,Bygma Vejle,"Dyrskuevej 13, 7100 Vejle",7100,Vejle,55.700596,9.551003
Bygma,Bygma Jelling,"Nordkrogen 24, 7300 Jelling",7300,Jelling,55.760688,9.433859
Bygma,Bygma Herning,"Mørupvej 17, 7400 Herning",7400,Herning,56.127418,8.945431
Bygma,Bygma Thisted,"Bødkervej 16, 7700 Thisted",7700,Thisted,56.943552,8.641785
Bygma,Bygma Risskov,"Rugvænget 15, 8240 Risskov",8240,Risskov,56.209259,10.223427
Bygma,Bygma Aarhus,"Jens Juuls Vej 25, 8260 Viby J",8260,Viby J,56.108806,10.130558
Bygma,Bygma Galten,"Frichsvej 57, 8464 Galten",8464,Galten,56.157073,9.918407
Bygma,Bygma Grenå,"Åstrupvej 16, 8500 Grenaa",8500,Grenaa,56.419593,10.882438
Bygma,Bygma Silkeborg,"Nørrevænget 11, 8600 Silkeborg",8600,Silkeborg,56.182817,9.541077
Bygma,Bygma Them,"Eksportvej 5, 8653 Them",8653,Them,56.099267,9.574315
Bygma,Bygma Horsens,"Endelavevej 6, 8700 Horsens",8700,Horsens,55.853505,9.850158
Bygma,Bygma Viborg,"Lundborgvej 6, 8800 Viborg",8800,Viborg,56.461383,9.369049
Bygma,Bygma Randers,"Toldbodgade 40, 8930 Randers NØ",8930,Randers NØ,56.465425,10.060549
Bygma,Bygma Aalborg C,"Gasværksvej 38-42, 9000 Aalborg C.",9000,Aalborg C.,57.050398,9.952433
Bygma,Bygma Aalborg,"Anker Engelunds Vej 8, 9200 Aalborg SV",9200,Aalborg SV,57.012026,9.896633
Bygma,Bygma Sæby,"Aalborgvej 105, 9300 Sæby",9300,Sæby,57.322529,10.486476
Bygma,Bygma Støvring,"Hermesvej 10, 9530 Støvring",9530,Støvring,56.901833,9.833693
Bygma,Bygma Aars,"Hjortkjærsvej 2, 9600 Aars",9600,Aars,56.806198,9.503637
Bygma,Bygma Hjørring,"Farøvej 29, 9800 Hjørring",9800,Hjørring,57.452963,10.019981
Bygma,Bygma Hirtshals,"Dalsagervej 6, 9850 Hirtshals",9850,Hirtshals,57.576433,9.983300
Bygma,Bygma Bindslev,"Industrivej 1, 9881 Bindslev",9881,Bindslev,57.537409,10.194793
Bygma,Bygma Bindslev,"Suderbovej 11, 9900 Frederikshavn",9900,Frederikshavn,57.442539,10.494906
Bygma,Bygma Skagen,"Kattegatvej 4, 9990 Skagen",9990,Skagen,57.725875,10.563230
Båd og Motor,Båd og Motor,"Lillestrand 3, 5600 Faaborg",5600,Faaborg,55.096979,10.235617
Bøje & Brøchner,Bøje & Brøchner a/s,"Hedegårdsvej 2, 7190 Billund",7190,Billund,55.716470,9.127217
Børge Hansen Automobiler,Børge Hansen Automobiler A/S,"Thomas Helsteds Vej 1, 8660 Skanderborg",8660,Skanderborg,56.047475,9.939488
C.A. Larsen Automobiler,C.A. Larsen Automobiler A/S Odense,"Hans Egedes Vej 2A, 5210 Odense NV",5210,Odense NV,55.413548,10.341755
C.A. Larsen Automobiler,C.A. Larsen Automobiler A/S Svendborg,"Odensevej 108, 5700 Svendborg",5700,Svendborg,55.073995,10.581078
C.A. Larsen Automobiler,C.A. Larsen Automobiler Ringe,"Bygmestervej 25, 5750 Ringe",5750,Ringe,55.241925,10.486421
C.A. Larsen Automobiler Viby J,C.A. Larsen Automobiler A/S Viby J,"Hasselager Allé 3, 8260 Viby J",8260,Viby J,56.111189,10.121165
C.A.J. Biler,C.A.J. Biler,"Randersvej 26, 6700 Esbjerg",6700,Esbjerg,55.470325,8.495382
C.C. Cars,C.C. Cars ApS,"Bodalen 1, 8643 Ans By",8643,Ans By,56.310383,9.563398
CB Auto,CB Auto Ribe ApS,"Industrivej 47, 6760 Ribe",6760,Ribe,55.355032,8.773311
CH Bilhus,CH Bilhus,"Langagervej 5A, 6630 Rødding",6630,Rødding,55.355651,9.190874
CM Caravan,CM Caravan,"Ravnsøvej 3, 6705 Esbjerg Ø",6705,Esbjerg Ø,55.525740,8.655180
CVK Automobiler,CVK Automobiler,"Løjtegårdsvej 171, 2770 Kastrup",2770,Kastrup,55.623025,12.601515
Camperservice,Camperservice,"Århusvej 10A, 8670 Låsby",8670,Låsby,56.146839,9.815314
Car Choice,Car Choice,"Oddesundvej 37, 6715 Esbjerg N",6715,Esbjerg N,55.515028,8.462832
Car House,Car House,"Tempovej 24, 2750 Ballerup",2750,Ballerup,55.723867,12.376438
Caripo Biler,Caripo Biler A/S,"Høegh Guldbergs Gade 36, 8700 Horsens",8700,Horsens,55.853695,9.848919
Cars,Cars A/S - Hjørring,"Farøvej 3A, 9800 Hjørring",9800,Hjørring,57.453137,10.017606
Carsten Pedersen Automobiler,Carsten Pedersen Automobiler,"Gørtlervej 1, 5750 Ringe",5750,Ringe,55.237184,10.487987
Christiansmindevej’s Plantecenter,Christiansmindevej’s Plantecenter,"Christiansmindevej 5, 8660 Skanderborg",8660,Skanderborg,56.047740,9.907409
Citroën,Virum Auto,"Virumgårdsvej 6, 2830 Virum",2830,Virum,55.788273,12.477743
Citroën,Citroen,"Østervej 50, 6510 Gram",6510,Gram,55.282851,9.061070
Citroën,Bilerne.com,"Jeppe Aakjærs Vej 4, 9500 Hobro",9500,Hobro,56.655103,9.792936
Citroën,Uggerhøj Brønderslev A/S,"Østergade 64, 9700 Brønderslev",9700,Brønderslev,57.263212,9.952017
Citroën,Citroën,"Frederikshavnsvej 68, 9800 Hjørring",9800,Hjørring,57.455631,10.010268
Conradsen Biler,Conradsen Biler,"Nordre Ringvej 56, 5300 Kerteminde",5300,Kerteminde,55.456801,10.653335
Cupra,Cupra Odense,"Middelfartvej 50, 5200 Odense V",5200,Odense V,55.393895,10.357224
Cupra SEAT,Cupra SEAT Birkerød,"Bistrupvej 122, 3460 Birkerød",3460,Birkerød,55.827538,12.429572
Dahl Pedersen,Dahl Pedersen A/S,"Nybovej 39, 7500 Holstebro",7500,Holstebro,56.335689,8.645626
Dahl Pedersen,Dahl Pedersen A/S,"Viborgvej 2, 7800 Skive",7800,Skive,56.563467,9.036826
Dahl Pedersen,Dahl Pedersen A/S,"Lundvej 1, 8800 Viborg",8800,Viborg,56.458686,9.372709
Dalsgaard Biler,Dalsgaard Biler A/S,"Frederikshavnsvej 255, 9800 Hjørring",9800,Hjørring,57.456355,10.027731
Damsgaard Biler,Damsgaard Biler,"Tradsborgvej 26, 6731 Tjæreborg",6731,Tjæreborg,55.476064,8.591665
Damtop Biler,Damtop Biler ApS,"Gl. Landevej 61, 7000 Fredericia",7000,Fredericia,55.536348,9.715644
DanCamper,DanCamper,"Vegavej 8, 8700 Horsens",8700,Horsens,55.834777,9.792295
Daugaard Biler,Daugaard Biler,"Rovsingsgade 90, 2200 København N",2200,København N,55.705693,12.545793
Davidsen,Davidsen Albertslund,"Herstedvang 2C, 2620 Albertslund",2620,Albertslund,55.664855,12.368970
Davidsen,Davidsen Karlslunde,"Motorgangen 1-5, 2690 Karlslunde",2690,Karlslunde,55.572779,12.236805
Davidsen,Davidsen Allerød,"Sortemosevej 14, 3450 Allerød",3450,Allerød,55.864870,12.372131
Davidsen,Davidsen Venslev,"H.C.Vej 8, 4050 Skibby",4050,Skibby,55.776151,11.908617
Davidsen,Davidsen Ringsted (Mellem Broerne),"Mellem Broerne 10, 4100 Ringsted",4100,Ringsted,55.437814,11.794523
Davidsen,Davidsen Stenlille,"Hovedgaden 36, 4295 Stenlille",4295,Stenlille,55.538577,11.588941
Davidsen,Davidsen Køge,"Værftsvej 51, 4600 Køge",4600,Køge,55.479590,12.188210
Davidsen,Davidsen Karise,"Solagervej 26, 4653 Karise",4653,Karise,55.305011,12.193099
Davidsen,Davidsen Odense,"M.P. Allerups Vej 51, 5220 Odense SØ",5220,Odense SØ,55.372629,10.482345
Davidsen,Davidsen Langeskov,"Industrivej 15, 5550 Langeskov",5550,Langeskov,55.353610,10.579380
Davidsen,Davidsen Svendborg,"Grønnemosevej 26 - 30, 5700 Svendborg",5700,Svendborg,55.075419,10.589288
Davidsen,Davidsen Kolding,"Platinvej 5-7, 6000 Kolding",6000,Kolding,55.508026,9.451273
Davidsen,Davidsen Haderslev (Fjelstrupvej),"Fjelstrupvej 1, 6100 Haderslev",6100,Haderslev,55.254066,9.505968
Davidsen,Davidsen Haderslev (Bygnaf),"Bygnaf 8, 6100 Haderslev",6100,Haderslev,55.251512,9.497189
Davidsen,Davidsen Rødekro,"Brunde Vest 12, 6230 Rødekro",6230,Rødekro,55.073008,9.350849
Davidsen,Davidsen Høruphav,"Holtvej 1, 6470 Sydals",6470,Sydals,54.913663,9.907214
Davidsen,Davidsen Vojens,"Fabriksvej 7, 6500 Vojens",6500,Vojens,55.242389,9.275482
Davidsen,Davidsen Toftlund,"Svinget 5, 6520 Toftlund",6520,Toftlund,55.191156,9.061815
Davidsen,Davidsen Vejen,"Søndergade 111, 6600 Vejen",6600,Vejen,55.465734,9.133699
Davidsen,Davidsen Brørup,"Fabriksvej 3, 6650 Brørup",6650,Brørup,55.494001,9.018652
Davidsen,Davidsen Nørre Nebel,"Vesterhavsvej 37, 6830 Nørre Nebel",6830,Nørre Nebel,55.780736,8.278334
Davidsen,Davidsen Fredericia,"Røde Banke 1, Sandal, 7000 Fredericia",7000,Fredericia,55.551407,9.723751
Davidsen,Davidsen Vejle,"Tulipvej 2, 7100 Vejle",7100,Vejle,55.731576,9.568239
Davidsen,Davidsen Grindsted,"Odinsvej 2, 7200 Grindsted",7200,Grindsted,55.754761,8.962047
Davidsen,Davidsen Herning,"Hedelandsvej 10 - 12, 7400 Herning",7400,Herning,56.128438,8.936360
Davidsen,Davidsen Ikast,"Neptunvej 1, 7430 Ikast",7430,Ikast,56.136189,9.140299
Davidsen,Davidsen Vildbjerg,"Industrivej 1-5, 7480 Vildbjerg",7480,Vildbjerg,56.202465,8.767313
Davidsen,Davidsen Aulum,"Industrivej Nord 16-18, 7490 Aulum",7490,Aulum,56.263721,8.781955
Davidsen,Davidsen Holstebro,"Bülowsvej 14, 7500 Holstebro",7500,Holstebro,56.348256,8.613036
Davidsen,Davidsen Struer,"Hjulmagervej 2, 7600 Struer",7600,Struer,56.474654,8.581913
Davidsen,Davidsen Thisted (Silstrupvej),"Silstrupvej 89, 7700 Thisted",7700,Thisted,56.954982,8.645706
Davidsen,Davidsen Thisted (Tigervej),"Tigervej 15, 7700 Thisted",7700,Thisted,56.960583,8.731684
Davidsen,Davidsen Hanstholm,"Industrivangen 2, 7730 Hanstholm",7730,Hanstholm,57.109925,8.640001
Davidsen,Davidsen Hurup,"Industrivej 2, 7760 Hurup Thy",7760,Hurup Thy,56.746866,8.429869
Davidsen,Davidsen Skive,"Bjørnevej 1, 7800 Skive",7800,Skive,56.535372,9.034567
Davidsen,Davidsen Nykøbing Mors,"Soltoften 3, 7900 Nykøbing M",7900,Nykøbing M,56.803654,8.847808
Davidsen,Davidsen Aarhus (Åbyvej),"Åbyvej 159, 8230 Åbyhøj",8230,Åbyhøj,56.145915,10.154416
Davidsen,Davidsen Aarhus (Sletvej),"Sletvej 36, 8310 Tranbjerg J",8310,Tranbjerg J,56.107576,10.135163
Davidsen,Davidsen Viborg,"Asmild Centervej 15, 8800 Viborg",8800,Viborg,56.454653,9.453659
Davidsen,Davidsen Gjern,"Søndergade 62, 8883 Gjern",8883,Gjern,56.220005,9.742883
Davidsen,Davidsen Aalborg,"Mineralvej 10-16, 9220 Aalborg Ø",9220,Aalborg Ø,57.051579,9.969997
Davidsen,Davidsen Hals,"Strandvejen 2, 9370 Hals",9370,Hals,56.999428,10.316376
Davidsen,Davidsen Brovst,"Tømmerpladsen 1, 9460 Brovst",9460,Brovst,57.098100,9.528435
Davidsen,Davidsen Løkken,"Industrivej 9-11, 9480 Løkken",9480,Løkken,57.371667,9.728920
Davidsen,Davidsen Hune,"Vesterhavsparken 2, Hune, 9492 Blokhus",9492,Blokhus,57.246994,9.623239
Davidsen,Davidsen Løgstør,"Limfjordsvej 6, 9670 Løgstør",9670,Løgstør,56.968754,9.263950
Davidsen,Davidsen Fjerritslev,"Håndværkervej 5, 9690 Fjerritslev",9690,Fjerritslev,57.087993,9.253592
De Gamles Hjem,De Gamles Hjem,"Kastanievej 11, 7184 Vandel",7184,Vandel,55.711671,9.221999
Delta Biler,Delta Biler,"Klarkærvej 12, 4600 Køge",4600,Køge,55.482635,12.126126
Designa,Designa København,"Ved Vesterport 6, 1612 København V",1612,København V,55.674967,12.560679
Designa,Designa Glostrup,"Tjalfesvej 11, 2600 Glostrup",2600,Glostrup,55.662364,12.373817
Designa,Designa Hillerød,"Industrivænget 2, 3400 Hillerød",3400,Hillerød,55.931718,12.284316
Designa,Designa Bornholm,"Borgmester Nielsens Vej 14, 3700 Rønne",3700,Rønne,55.099478,14.713580
Designa,Designa Roskilde,"Holbækvej 9, 4000 Roskilde",4000,Roskilde,55.633878,12.069989
Designa,Designa Køge,"Theilgaards Vej 7, 4600 Køge",4600,Køge,55.478866,12.186502
Designa,Designa Nykøbing Falster,"Slotsgade 32, 4800 Nykøbing F",4800,Nykøbing F,54.770106,11.866121
Designa,Designa Nakskov,"Højevej 30, 4900 Nakskov",4900,Nakskov,54.824636,11.158169
Designa,Designa Odense,"Stærmosegårdsvej 52A, 5230 Odense M",5230,Odense M,55.380308,10.424605
Designa,Designa Kolding,"Albuen 21, 6000 Kolding",6000,Kolding,55.514874,9.456864
Designa,Designa Aabenraa,"Vestvejen 170, 6200 Aabenraa",6200,Aabenraa,55.050559,9.404296
Designa,Designa Esbjerg,"Gl. Vardevej 239, 6715 Esbjerg N",6715,Esbjerg N,55.506931,8.452882
Designa,Designa Vejle,"Vestre Engvej 18, 7100 Vejle",7100,Vejle,55.707618,9.526389
Designa,Designa Herning,"Silkeborgvej 80, 7400 Herning",7400,Herning,56.132942,8.993415
Designa,Designa Holstebro,"Nyholmvej 3A, 7500 Holstebro",7500,Holstebro,56.377854,8.620190
Designa,Designa Lemvig,"Saturnvej 1A, 7620 Lemvig",7620,Lemvig,56.537141,8.307326
Designa,Designa Thisted,"Sennelsvej 2C, 7700 Thisted",7700,Thisted,56.960178,8.716484
Designa,Designa Aarhus,"Agerøvej 27A, 8381 Tilst",8381,Tilst,56.182465,10.112214
Designa,Designa Kjellerup,"Industriparken 1, 8620 Kjellerup",8620,Kjellerup,56.276597,9.418758
Designa,Designa Horsens,"Ormhøjgårdvej 17, 8700 Horsens",8700,Horsens,55.843667,9.834665
Designa,Designa Randers,"Nikkelvej 5, 8940 Randers SV",8940,Randers SV,56.429002,10.053753
Designa,Designa Aalborg,"Stenbukken 3C, 9200 Aalborg SV",9200,Aalborg SV,56.998766,9.872234
Designa,Designa Farsø,"Søndergade 33, 9640 Farsø",9640,Farsø,56.769646,9.340388
Designa,Designa Frederikshavn,"Maigårdsvej 11B, 9900 Frederikshavn",9900,Frederikshavn,57.447399,10.500805
Det Gamle Gartneri Bod,Det Gamle Gartneri Bod,"Lille Solhøjvej 5B, 2640 Hedehusene",2640,Hedehusene,55.633125,12.220847
Det lille gardneri,Det lille gardneri,"Munkevej 5A, 8680 Ry",8680,Ry,56.052569,9.750400
Diagonalvejens Auto,Diagonalvejens Auto,"Ryttervangen 3, 7323 Give",7323,Give,55.858672,9.249846
Dodge,eCAR A/S,"Messingvej 1A, 8940 Randers SV",8940,Randers SV,56.429442,10.051657
Donica Biler,Donica Biler ApS,"Houstedgårdsvej 42, 7000 Fredericia",7000,Fredericia,55.531870,9.703973
Dragsholm Bilsalg,Dragsholm Bilsalg,"Kalundborgvej 6A, 4540 Fårevejle",4540,Fårevejle,55.803730,11.438801
Dreyer Automobiler,Dreyer Automobiler A/S,"Vandtårnsvej 79, 2860 Søborg",2860,Søborg,55.735616,12.481634
Drivers Collection,Drivers Collection,"Transformervej 23, 2860 Søborg",2860,Søborg,55.732233,12.467961
Due Andersen Biler,Due Andersen Biler A/S,"Frejasvej 31, 3400 Hillerød",3400,Hillerød,55.930906,12.285693
EJ BILER,EJ BILER ApS,"Hovedgaden 48B, 6230 Rødekro",6230,Rødekro,55.075560,9.210166
EK Biler,EK Biler,"Mejerivej 12, 7250 Hejnsvig",7250,Hejnsvig,55.686635,9.024251
EP Engros,EP Engros,"Sundvej 3, 4600 Køge",4600,Køge,55.487562,12.190269
Ejner Hessel,Ejner Hessel,"Gammel Køge Landevej 135B, 2500 Valby",2500,Valby,55.645616,12.504458
Ejner Hessel,Ejner Hessel Albertslund,"Roskildevej 20, 2620 Albertslund",2620,Albertslund,55.664120,12.360546
Ejner Hessel,"Ejner Hessel A/S, Kastrup","Kirstinehøj 62, 2770 Kastrup",2770,Kastrup,55.616509,12.609848
Ejner Hessel,Ejner Hessel - Nye varebiler - Roskilde,"Københavnsvej 299, 4000 Roskilde",4000,Roskilde,55.645333,12.143048
Ejner Hessel,Ejner Hessel Ringsted,"Bragesvej 9, 4100 Ringsted",4100,Ringsted,55.430060,11.796772
Ejner Hessel,Ejner Hessel Slagelse,"Merkurvej 1, 4200 Slagelse",4200,Slagelse,55.411563,11.389090
Ejner Hessel,Ejner Hessel Næstved,"Transportbuen 1, 4700 Næstved",4700,Næstved,55.251388,11.788596
Ejner Hessel,Ejner Hessel – Nykøbing,"Ndr Ringvej 1, 4800 Nykøbing F",4800,Nykøbing F,54.783319,11.867903
Ejner Hessel,Ejner Hessel A/S,"Christmas Møllers Vej 6, 5200 Odense V",5200,Odense V,55.394938,10.354449
Ejner Hessel,Ejner Hessel Ringkøbing,"Birkmosevej 14, 6950 Ringkøbing",6950,Ringkøbing,56.087803,8.270327
Ejner Hessel,Ejner Hessel Aarhus,"Agerøvej 53, 8381 Tilst",8381,Tilst,56.180729,10.121375
Ejner Hessel,Ejner Hessel,"Agerøvej 49, 8381 Tilst",8381,Tilst,56.181202,10.118613
Ejner Hessel,Ejner Hessel,"Stagehøjvej 3A, 8600 Silkeborg",8600,Silkeborg,56.186240,9.571595
Ejner Hessel,Ejner Hessel Horsens,"Høegh Guldbergs Gade 18, 8700 Horsens",8700,Horsens,55.856210,9.851583
Ejner Hessel,Ejner Hessel Randers,"Ribevej 11, 8940 Randers SV",8940,Randers SV,56.434274,10.050883
Ejner Hessel,Ejner Hessel Hjørring,"Vester Hedevej 255, 9800 Hjørring",9800,Hjørring,57.461994,10.018903
Ejner Hessel Aalborg,Ejner Hessel Aalborg,"Sundsholmen 10, 9400 Nørresundby",9400,Nørresundby,57.066409,9.953808
Ejner Hessel TRP Aars,Ejner Hessel TRP Aars,"Tolstrup Byvej 1, 9600 Aars",9600,Aars,56.818131,9.502363
Ejner Hessel TRP Thisted,Ejner Hessel TRP Thisted,"Løvevej 15, 7700 Thisted",7700,Thisted,56.967597,8.734441
Ejner Hessel TRP Vejle,Ejner Hessel TRP Vejle,"Niels Finsensvej 2, 7100 Vejle",7100,Vejle,55.723362,9.571828
Ejvind Larsen,Ejvind Larsen,"Hovedgaden 41, 7260 Sønder Omme",7260,Sønder Omme,55.839031,8.889391
Eleter Biler,Eleter Biler ApS,"Brovadvej 23E, 7000 Fredericia",7000,Fredericia,55.546201,9.695643
Enemærkets Hostahave,Enemærkets Hostahave,"Schubertsvej 2, 6950 Ringkøbing",6950,Ringkøbing,56.083669,8.317392
Engelbrecht Biler,Engelbrecht Biler Middelfart,"Fynsvej 62, 5500 Middelfart",5500,Middelfart,55.499565,9.768946
Erling Høi-Nielsen,Erling Høi-Nielsen,"Elholm 21, 6400 Sønderborg",6400,Sønderborg,54.925787,9.788965
Esbjerg Auto,Esbjerg Auto,"Darumvej 115, 6700 Esbjerg",6700,Esbjerg,55.464067,8.486126
Esbjerg Planteskole,Esbjerg Planteskole,"Storegade 280, 6705 Esbjerg Ø",6705,Esbjerg Ø,55.483281,8.502933
Esbjerg Sand,Esbjerg Sand,"Stenhuggervej 19, 6710 Esbjerg V",6710,Esbjerg V,55.508580,8.415683
Esline Auto,Esline Auto,"Frichsvej 38, 8600 Silkeborg",8600,Silkeborg,56.195643,9.566508
Faaborg Bil-center,Faaborg Bil-center ApS,"Telemarken 2, 5600 Faaborg",5600,Faaborg,55.109174,10.228491
Faster's Have,Faster's Have,"J. F. Willumsens Vej 40B, 3600 Frederikssund",3600,Frederikssund,55.844406,12.092538
Fasterholdt Biler,Fasterholdt Biler ApS,"Grindstedvej 10, 7190 Billund",7190,Billund,55.735229,9.102980
Fiat,REA Erhvervsbiler A/S,"Skovsøviadukten 2, 4200 Slagelse",4200,Slagelse,55.414046,11.398261
Fiat,Jensen & Nørgård,"Vestermarksvej 3, 7200 Grindsted",7200,Grindsted,55.761260,8.913667
Finn Allan Eriksen Automobiler,Finn Allan Eriksen Automobiler A/S,"Runetoften 21, 8210 Aarhus V",8210,Aarhus V,56.175501,10.143740
Fjord-Frandsen biler,Fjord-Frandsen biler ApS,"Niels Bohrs Vej 2, 6100 Haderslev",6100,Haderslev,55.264921,9.498378
Fløe Auto,Fløe Auto,"Fynsvej 1, 7330 Brande",7330,Brande,55.927270,9.156859
Ford,Andersen Biler A/S - Ford København,"Rovsingsgade 78, 2200 København N",2200,København N,55.707869,12.548469
Ford,Andersen Biler A/S - Energivej 4,"Energivej 4, 2750 Ballerup",2750,Ballerup,55.724042,12.383866
Ford,Bjarne Nielsen A/S,"Birkerød Kongevej 37, 3460 Birkerød",3460,Birkerød,55.839161,12.443133
Ford,Bilhuset Elmer,"Åkirkebyvej 51, 3700 Rønne",3700,Rønne,55.097253,14.715011
Ford,Ford & Nissan Vordingborg,"Næstvedvej 64, 4760 Vordingborg",4760,Vordingborg,55.023861,11.888127
Ford,Autohuset Vestergaard A/S,"Svendborgvej 90, 5260 Odense S",5260,Odense S,55.356285,10.401602
Ford,Bilhuset Thybo A/S,"Bredgade 74, 5492 Vissenbjerg",5492,Vissenbjerg,55.379346,10.102285
Ford,Gildberg A/S,"Gammel Christiansfeldvej 74, 6100 Haderslev",6100,Haderslev,55.265947,9.495893
Ford,Jes P. Jessen,"Gasværksvej 34, 6200 Aabenraa",6200,Aabenraa,55.046841,9.422941
Ford,Bjarne Nielsen A/S,"Storegade 229, 6705 Esbjerg Ø",6705,Esbjerg Ø,55.480118,8.498603
Ford,Auto-Cramer,"Præstevej 30, 6740 Bramming",6740,Bramming,55.467684,8.688523
Ford,Auto-Cramer,"Bohrsvej 1, 6760 Ribe",6760,Ribe,55.351505,8.778619
Ford,Varde Biler,"Jeppe Skovgaards Vej 9, 6800 Varde",6800,Varde,55.599572,8.499188
Ford,Bjarne Nielsen A/S - Ringkøbing,"Skaadsmosevej 20, 6950 Ringkøbing",6950,Ringkøbing,56.086208,8.272830
Ford,Bøje & Brøchner a/s,"Boulevarden 58, 7100 Vejle",7100,Vejle,55.708878,9.522206
Ford,Bjarne Nielsen A/S - Holstebro,"Sletten 3, 7500 Holstebro",7500,Holstebro,56.360453,8.652519
Ford,"Ejner Hessel A/S, Thisted","Løvevej 17, 7700 Thisted",7700,Thisted,56.967967,8.735965
Ford,KRISTIAN ODGAARD ApS,"Vester Fald 1, 7900 Nykøbing M",7900,Nykøbing M,56.789488,8.829390
Ford,Via Biler A/S - Aarhus Vest,"Vintervej 11, 8210 Aarhus V",8210,Aarhus V,56.175831,10.147455
Ford,Pedersen & Nielsen A/S Hadsund,"Plastvænget 2, 9560 Hadsund",9560,Hadsund,56.730996,10.104875
Ford,Jens Buus Biler,"Hobrovej 5, 9600 Aars",9600,Aars,56.802793,9.529181
Ford,Jens Buus Biler A/S,"Hobrovej 1, 9600 Aars",9600,Aars,56.805019,9.528759
Ford,Brdr. Hosbond A/S,"Østergade 148, 9700 Brønderslev",9700,Brønderslev,57.259656,9.967468
Ford,Ford Brdr. Hosbond A/S,"Søndergade 253, 9900 Frederikshavn",9900,Frederikshavn,57.418562,10.523247
Formula Automobile,Formula Automobile - Lyngby,"Lundtoftegårdsvej 10, 2800 Kongens Lyngby",2800,Kongens Lyngby,55.778032,12.523983
Fredericia Auto-Service,Fredericia Auto-Service,"Vesterballevej 9B, 7000 Fredericia",7000,Fredericia,55.530634,9.717699
Fredericia Automobiler,Fredericia Automobiler ApS,"Vejlevej 79, 7000 Fredericia",7000,Fredericia,55.569035,9.722520
Fredericia Bilhus,Fredericia Bilhus,"Vejlevej 30, 7000 Fredericia",7000,Fredericia,55.569650,9.721892
FriCamping Tarp,FriCamping Tarp,"Hammeren 4, 6715 Esbjerg N",6715,Esbjerg N,55.526385,8.454124
Frikke Automobiler,Frikke Automobiler,"Tarp Byvej 4B, 6715 Esbjerg N",6715,Esbjerg N,55.530098,8.449746
Frimann Hansen Automobiler,Frimann Hansen Automobiler Hillerød,"Lokesvej 6, 3400 Hillerød",3400,Hillerød,55.929175,12.260882
Frimann Hansen Automobiler,Frimann Hansen Automobiler – Slagelse,"Skovsøviadukten 1B, 4200 Slagelse",4200,Slagelse,55.414468,11.399714
Frimann Hansen Automobiler,Frimann Hansen Automobiler A/S - Næstved,"Transportbuen 2, 4700 Næstved",4700,Næstved,55.251037,11.788886
Frimann Hansen Automobiler,Frimann Hansen Automobiler A/S,"Kulsøvej 8, 4760 Vordingborg",4760,Vordingborg,54.998075,12.006445
Frimann Hansen Automobiler,Frimann Hansen Automobiler A/S,"Herningvej 11, 4800 Nykøbing F",4800,Nykøbing F,54.780455,11.878826
Frøbutikken v/ Diane Nielsen,Frøbutikken v/ Diane Nielsen,"Billeshavevej 47, 5500 Middelfart",5500,Middelfart,55.534443,9.799695
Fårevejle Auto,Fårevejle Auto- & Pladeværksted,"Ordrupvej 17, 4540 Fårevejle",4540,Fårevejle,55.804972,11.434863
G. Bech Hansen,G. Bech Hansen A/S,"Enghavevej 21, 6950 Ringkøbing",6950,Ringkøbing,56.093381,8.242423
GO Biler,GO Biler,"Møllegaardsvej 42, 6933 Kibæk",6933,Kibæk,56.035842,8.865371
GR Biler,GR Biler,"Katkjærvej 3, 7800 Skive",7800,Skive,56.567510,9.000004
GT Biler,GT Biler A/S,"Ambolten 7, 6000 Kolding",6000,Kolding,55.465384,9.474644
Gadeberg Auto,Gadeberg Auto ApS,"Nordre Kobbelvej 5, 7000 Fredericia",7000,Fredericia,55.593381,9.756547
Gardenshop Høsterkøb,Gardenshop Høsterkøb,"Hørsholm Kongevej 37, 2970 Hørsholm",2970,Hørsholm,55.856247,12.493923
Gartneren i Nonnebo,Gartneren i Nonnebo,"Gartnervænget 1, 5550 Langeskov",5550,Langeskov,55.369920,10.569953
Gartnergården,Gartnergården,"Odsherredvej 5, 4572 Nørre Asmindrup",4572,Nørre Asmindrup,55.875646,11.595188
Gartneri Toftegaard,Gartneri Toftegaard,"Højskolevej 5, 4600 Køge",4600,Køge,55.406737,12.179860
Gartneriet,Gartneriet,"Sønderbjerg 6, 7620 Lemvig",7620,Lemvig,56.540686,8.308033
Grenaa Bil-Center,Grenaa Bil-Center A/S,"Fasanvej 40, 8500 Grenaa",8500,Grenaa,56.406213,10.876145
Grome Auto,Grome Auto,"Hvedemarken 16, 3520 Farum",3520,Farum,55.817603,12.375068
Gråskov Biler,Gråskov Biler,"Rugårdsvej 271, 5210 Odense NV",5210,Odense NV,55.418135,10.302650
Grønne Hjem,Grønne Hjem,"Peter Bangs Vej 269, 2500 Valby",2500,Valby,55.674604,12.485106
Grønne Hjem,Grønne Hjem Ballerup,"Baltorpvej 214, 2750 Ballerup",2750,Ballerup,55.731224,12.323813
Grønne Hjem,Grønne Hjem,"Jægersborg Alle 172, 2820 Gentofte",2820,Gentofte,55.762984,12.533131
Grøntbørsen Have & Plantecenter,Grøntbørsen Have & Plantecenter,"Tarp Hovedvej 50, 6715 Esbjerg N",6715,Esbjerg N,55.529668,8.457619
Gug Anlæg og Planteskole,Gug Anlæg og Planteskole,"Indkildevej 17, 9210 Aalborg SØ",9210,Aalborg SØ,57.007065,9.917071
Gunnar Carlsen & Søn,Gunnar Carlsen & Søn,"Barfredsvej 84, 9900 Frederikshavn",9900,Frederikshavn,57.445301,10.532486
Gunner Due,Gunner Due A/S,"Tangmosevej 105, 4600 Køge",4600,Køge,55.474665,12.184752
Gunner Due Biler,Gunner Due Biler Roskilde A/S,"Københavnsvej 148, 4000 Roskilde",4000,Roskilde,55.642502,12.119024
Gunner Due Biler Stevns,Gunner Due Biler Stevns,"Frøslevvej 38, 4660 Store Heddinge",4660,Store Heddinge,55.303849,12.380496
Gørding Autohandel,Gørding Autohandel,"Nygade 25, 6690 Gørding",6690,Gørding,55.467574,8.795856
Gørløse Autoimport,Gørløse Autoimport,"Raasigvangen 8, 3550 Slangerup",3550,Slangerup,55.849544,12.157283
HAC Biler,HAC Biler,"Glentevej 19, 6950 Ringkøbing",6950,Ringkøbing,56.086719,8.268264
HJ Biler,HJ Biler,"Elskjærbakken 10, 7800 Skive",7800,Skive,56.569915,9.001310
HLT Service,HLT Service,"Kathale 36, 6200 Aabenraa",6200,Aabenraa,55.047464,9.425903
HN Biler,HN Biler ApS,"Farøvej 32, 9800 Hjørring",9800,Hjørring,57.452294,10.021897
HTH,HTH København,"Gl. Kongevej 1, 1610 København",1610,København,55.674500,12.560100
HTH,HTH Glostrup,"Hovedvejen 211, 2600 Glostrup",2600,Glostrup,55.662698,12.372383
HTH,HTH Amager,"Kirstinehøj 58E, 2770 Kastrup",2770,Kastrup,55.617454,12.612984
HTH,HTH Kgs. Lyngby,"Hovedgade 82, 2800 Kongens Lyngby",2800,Kongens Lyngby,55.768500,12.505900
HTH,HTH Hillerød,"Vølundsvej 19, 3400 Hillerød",3400,Hillerød,55.932000,12.264000
HTH,HTH Bornholm,"Åkirkebyvej 50, 3700 Rønne",3700,Rønne,55.096598,14.713445
HTH,HTH Roskilde,"Ro's have 11, 4000 Roskilde",4000,Roskilde,55.642990,12.103090
HTH,HTH Slagelse,"Japanvej 1, 4200 Slagelse",4200,Slagelse,55.388902,11.327627
HTH,HTH Holbæk,"Stenhusvej 51B, 4300 Holbæk",4300,Holbæk,55.702297,11.671988
HTH,HTH Køge,"Theilgaards Vej 9, 4600 Køge",4600,Køge,55.478881,12.186744
HTH,HTH Næstved,"Vestergårdsvej 56, 4700 Næstved",4700,Næstved,55.254865,11.795482
HTH,HTH Nykøbing Falster,"Guldborgsundcentret 9, 4800 Nykøbing Falster",4800,Nykøbing Falster,54.758407,11.851341
HTH,HTH Odense,"Tagtækkervej 4B, 5230 Odense M",5230,Odense M,55.383796,10.420932
HTH,HTH Svendborg,"Vestergade 157, 5700 Svendborg",5700,Svendborg,55.063999,10.590965
HTH,HTH Kolding,"Skovvangen 59, 6000 Kolding",6000,Kolding,55.510212,9.456874
HTH,HTH Aabenraa,"Vestvejen 155, 6200 Aabenraa",6200,Aabenraa,55.048300,9.404000
HTH,HTH Esbjerg,"Østre Gjesingvej 19, 6715 Esbjerg N",6715,Esbjerg N,55.507213,8.456528
HTH,HTH Ølgod,"Industrivej 5, 6870 Ølgod",6870,Ølgod,55.808600,8.624200
HTH,HTH Vejle,"Stiftsvej 57A, 7100 Vejle",7100,Vejle,55.731600,9.599100
HTH,HTH Herning,"Silkeborgvej 84, 7400 Herning",7400,Herning,56.134138,8.994380
HTH,HTH Holstebro,"Gartnerivej 36, 7500 Holstebro",7500,Holstebro,56.379700,8.612900
HTH,HTH Thisted,"Industrivej 34G, 7700 Thisted",7700,Thisted,56.962374,8.715107
HTH,HTH Skive,"Elskjærbakken 6, 7800 Skive",7800,Skive,56.569200,9.000900
HTH,HTH Aarhus,"Agerøvej 29A, 8381 Tilst",8381,Tilst,56.182200,10.113100
HTH,HTH Grenå,"Hesselvang 3E, 8500 Grenaa",8500,Grenaa,56.382995,10.862984
HTH,HTH Silkeborg,"Stagehøjvej 11, 8600 Silkeborg",8600,Silkeborg,56.187300,9.566600
HTH,HTH Horsens,"Vejlevej 68D, 8700 Horsens",8700,Horsens,55.846700,9.822600
HTH,HTH Viborg,"Ålandsvej 1, 8800 Viborg",8800,Viborg,56.458989,9.369776
HTH,HTH Randers,"Marsvej 13, 8960 Randers SØ",8960,Randers SØ,56.426086,10.059649
HTH,HTH Aalborg,"Stenbukken 1B, 9200 Aalborg SV",9200,Aalborg SV,56.999800,9.873600
HTH,HTH Hjørring,"Frederikshavnsvej 324, 9800 Hjørring",9800,Hjørring,57.455600,10.037700
Halkjærs Auto,Halkjærs Auto,"Limfjordsvej 44, 7900 Nykøbing M",7900,Nykøbing M,56.806629,8.847362
Hammer Biler,Hammer Biler,"Aalborgvej 4, 9500 Hobro",9500,Hobro,56.650504,9.795069
Hampen,Hampen A/S,"Solvangsvej 4, 4681 Herfølge",4681,Herfølge,55.423238,12.146824
Handimobil,Handimobil,"Fabriksparken 3, 9230 Svenstrup J",9230,Svenstrup J,56.978953,9.853064
Hansen Biler,Hansen Biler A/S,"Slagelsevej 162, 4400 Kalundborg",4400,Kalundborg,55.667673,11.119375
Harald Nyborg,Harald Nyborg København V,"Ved Vesterport 6, 1612 København V",1612,København V,55.674965,12.560645
Harald Nyborg,Harald Nyborg København NV,"Lygten 35, 2400 København NV",2400,København NV,55.703747,12.537572
Harald Nyborg,Harald Nyborg Glostrup,"Ejby Industrivej 21, 2600 Glostrup",2600,Glostrup,55.694009,12.414696
Harald Nyborg,Harald Nyborg Glostrup 2,"Hermods Allé 4, 2600 Glostrup",2600,Glostrup,55.663955,12.378438
Harald Nyborg,Harald Nyborg City 2,"Poul Anchers Gade 17, 2630 Taastrup",2630,Taastrup,55.644092,12.274748
Harald Nyborg,Harald Nyborg Ishøj,"Industribuen 11, 2635 Ishøj",2635,Ishøj,55.617820,12.332484
Harald Nyborg,Harald Nyborg Herlev,"Herlev Hovedgade 41, 2730 Herlev",2730,Herlev,55.717666,12.450741
Harald Nyborg,Harald Nyborg Ballerup,"Tempovej 23, 2750 Ballerup",2750,Ballerup,55.722511,12.378093
Harald Nyborg,Harald Nyborg Tårnby,"Kirstinehøj 60, 2770 Kastrup",2770,Kastrup,55.617072,12.610957
Harald Nyborg,Harald Nyborg Gladsaxe,"Gladsaxevej 371, 2860 Søborg",2860,Søborg,55.739438,12.485985
Harald Nyborg,Harald Nyborg Hørsholm,"Hørsholm Midtpunkt 151, 2970 Hørsholm",2970,Hørsholm,55.881459,12.497185
Harald Nyborg,Harald Nyborg Helsingør,"Birkedalsvej 16, 3000 Helsingør",3000,Helsingør,56.020531,12.569395
Harald Nyborg,Harald Nyborg Helsinge,"Skovgårdsvej 23, 3200 Helsinge",3200,Helsinge,56.021768,12.175488
Harald Nyborg,Harald Nyborg Frederiksværk,"Industrivej 1A, 3300 Frederiksværk",3300,Frederiksværk,55.978653,12.006012
Harald Nyborg,Harald Nyborg Hillerød,"Industrivænget 10, 3400 Hillerød",3400,Hillerød,55.932699,12.281290
Harald Nyborg,Harald Nyborg Frederikssund,"Falkenborggården 4, 3600 Frederikssund",3600,Frederikssund,55.839707,12.064158
Harald Nyborg,Harald Nyborg Ølstykke,"Valdemarsvej 7, 3650 Ølstykke",3650,Ølstykke,55.776627,12.185386
Harald Nyborg,Harald Nyborg Rønne,"Åkirkebyvej 53A, 3700 Rønne",3700,Rønne,55.097577,14.715976
Harald Nyborg,Harald Nyborg Roskilde,"Industrivej 29A, 4000 Roskilde",4000,Roskilde,55.644549,12.120950
Harald Nyborg,Harald Nyborg Ringsted,"Klosterkrogen 8, 4100 Ringsted",4100,Ringsted,55.454191,11.785649
Harald Nyborg,Harald Nyborg Slagelse,"Japanvej 15, 4200 Slagelse",4200,Slagelse,55.386722,11.328639
Harald Nyborg,Harald Nyborg Holbæk,"Stenhusvej 64, 4300 Holbæk",4300,Holbæk,55.703553,11.666871
Harald Nyborg,Harald Nyborg Kalundborg,"Stejlhøj 29, 4400 Kalundborg",4400,Kalundborg,55.678199,11.136091
Harald Nyborg,Harald Nyborg Køge,"Gammel Lyngvej 19, 4600 Køge",4600,Køge,55.482504,12.182397
Harald Nyborg,Harald Nyborg Haslev,"Lysholm Alle 81, 4690 Haslev",4690,Haslev,55.328080,11.933222
Harald Nyborg,Harald Nyborg Næstved,"Vestergårdsvej 32, 4700 Næstved",4700,Næstved,55.254567,11.792685
Harald Nyborg,Harald Nyborg Vordingborg,"Vindrosen 1, 4760 Vordingborg",4760,Vordingborg,55.024325,11.893452
Harald Nyborg,Harald Nyborg Nykøbing Falster,"Guldborgsundcentret 24, 4800 Nykøbing F",4800,Nykøbing F,54.759702,11.851167
Harald Nyborg,Harald Nyborg Nakskov,"Perlestikkergade 23A, 4900 Nakskov",4900,Nakskov,54.831520,11.145843
Harald Nyborg,Harald Nyborg Tarup Center,"Solgårdsvej 2A, 5210 Odense NV",5210,Odense NV,55.408489,10.339641
Harald Nyborg,Harald Nyborg Odense,"Tagtækkervej 2, 5230 Odense M",5230,Odense M,55.383320,10.419799
Harald Nyborg,Harald Nyborg Middelfart,"Nyvang 14B, 5500 Middelfart",5500,Middelfart,55.508433,9.765848
Harald Nyborg,Harald Nyborg Faaborg,"Markedspladsen 7D, 5600 Faaborg",5600,Faaborg,55.099606,10.242918
Harald Nyborg,Harald Nyborg Assens,"Dalvænget 16, 5610 Assens",5610,Assens,55.259796,9.911179
Harald Nyborg,Harald Nyborg Svendborg,"Mølmarksvej 191, 5700 Svendborg",5700,Svendborg,55.062397,10.590017
Harald Nyborg,Harald Nyborg Ringe,"Bygmestervej 23, 5750 Ringe",5750,Ringe,55.240569,10.487577
Harald Nyborg,Harald Nyborg Nyborg,"Storebæltsvej 30, 5800 Nyborg",5800,Nyborg,55.307945,10.807450
Harald Nyborg,Harald Nyborg Kolding,"Vejlevej 255C, 6000 Kolding",6000,Kolding,55.514336,9.454508
Harald Nyborg,Harald Nyborg Haderslev,"Vinkelvej 6D, 6100 Haderslev",6100,Haderslev,55.253692,9.504292
Harald Nyborg,Harald Nyborg Rødekro,"Kometvej 3B, 6230 Rødekro",6230,Rødekro,55.068646,9.360402
Harald Nyborg,Harald Nyborg Tønder,"Centerbuen 8, 6270 Tønder",6270,Tønder,54.950411,8.886175
Harald Nyborg,Harald Nyborg Sønderborg,"Centerpassagen 13, 6400 Sønderborg",6400,Sønderborg,54.921163,9.806446
Harald Nyborg,Harald Nyborg Vejen,"Gl. Esbjergvej 1A, 6600 Vejen",6600,Vejen,55.489531,9.129164
Harald Nyborg,Harald Nyborg Esbjerg,"Kjersing Ringvej 28, 6715 Esbjerg N",6715,Esbjerg N,55.509351,8.463660
Harald Nyborg,Harald Nyborg Ribe,"Industrivej 20C, 6760 Ribe",6760,Ribe,55.350747,8.778473
Harald Nyborg,Harald Nyborg Skjern,"Erhvervsparken 15, 6900 Skjern",6900,Skjern,55.955671,8.510483
Harald Nyborg,Harald Nyborg Fredericia,"Venusvej 12C, 7000 Fredericia",7000,Fredericia,55.567740,9.719854
Harald Nyborg,Harald Nyborg Vejle,"Solkilde Alle 5E, 7100 Vejle",7100,Vejle,55.725514,9.584477
Harald Nyborg,Harald Nyborg Brande,"Vestergårdsvej 10, 7330 Brande",7330,Brande,55.960351,9.107660
Harald Nyborg,Harald Nyborg Herning,"Industrivej Syd 7, 7400 Herning",7400,Herning,56.132717,9.039655
Harald Nyborg,Harald Nyborg Holstebro,"Nyholmvej 18, 7500 Holstebro",7500,Holstebro,56.375970,8.619953
Harald Nyborg,Harald Nyborg Lemvig,"Merkurvej 2C, 7620 Lemvig",7620,Lemvig,56.539116,8.304351
Harald Nyborg,Harald Nyborg Skive,"Østergårdsbakken 17, 7800 Skive",7800,Skive,56.569972,8.994671
Harald Nyborg,Harald Nyborg Nykøbing Mors,"Vester Fald 4, 7900 Nykøbing M",7900,Nykøbing M,56.788959,8.827509
Harald Nyborg,Harald Nyborg Viby Jylland,"Ringvej Syd 94, 8260 Viby J",8260,Viby J,56.115166,10.152197
Harald Nyborg,Harald Nyborg Hørning,"Inge Lehmanns Vej 2, 8362 Hørning",8362,Hørning,56.077670,10.016188
Harald Nyborg,Harald Nyborg Tilst,"Tilst Søndervej 1, 8381 Tilst",8381,Tilst,56.182223,10.121179
Harald Nyborg,Harald Nyborg Grenå,"Hesselvang 20, 8500 Grenaa",8500,Grenaa,56.384362,10.865404
Harald Nyborg,Harald Nyborg Silkeborg,"Viborgvej 22, 8600 Silkeborg",8600,Silkeborg,56.186010,9.544737
Harald Nyborg,Harald Nyborg Horsens,"Høegh Guldbergs Gade 15A, 8700 Horsens",8700,Horsens,55.855043,9.852171
Harald Nyborg,Harald Nyborg Viborg,"Christiansminde 1, 8800 Viborg",8800,Viborg,56.446967,9.363159
Harald Nyborg,Harald Nyborg Randers,"Marsvej 19C, 8960 Randers SØ",8960,Randers SØ,56.425265,10.058713
Harald Nyborg,Harald Nyborg Aalborg,"Løven 4, 9200 Aalborg SV",9200,Aalborg SV,57.001281,9.874410
Harald Nyborg,Harald Nyborg Nørresundby,"Loftbrovej 23, 9400 Nørresundby",9400,Nørresundby,57.089493,9.981373
Harald Nyborg,Harald Nyborg Aabybro,"Teknologiparken 17, 9440 Aabybro",9440,Aabybro,57.151990,9.748357
Harald Nyborg,Harald Nyborg Hobro,"Drejøvej 5, 9500 Hobro",9500,Hobro,56.623605,9.807880
Harald Nyborg,Harald Nyborg Støvring,"Neptunvej 9, 9530 Støvring",9530,Støvring,56.904601,9.844277
Harald Nyborg,Harald Nyborg Aars,"Markedsvej 24B, 9600 Aars",9600,Aars,56.798196,9.506309
Harald Nyborg,Harald Nyborg Brønderslev,"Jernaldervej 4, 9700 Brønderslev",9700,Brønderslev,57.265938,9.971863
Harald Nyborg,Harald Nyborg Hjørring,"Bispetorv 3, 9800 Hjørring",9800,Hjørring,57.454852,9.993828
Harald Nyborg,Harald Nyborg Frederikshavn,"H.C. Ørsteds Vej 3C, 9900 Frederikshavn",9900,Frederikshavn,57.445211,10.495233
Havecenter,Havecenter Kongens Lyngby,"Lyngby Hovedgade 10B, 2800 Kongens Lyngby",2800,Kongens Lyngby,55.775120,12.497425
Havecenter,Havecenter Rønne,"Industrivej 16, 3700 Rønne",3700,Rønne,55.098453,14.718376
Havecenter,Havecenter Sakskøbing,"Grønningen 40, 4990 Sakskøbing",4990,Sakskøbing,54.787235,11.688361
Havecenter,Havecenter Gistrup,"Sagavej 18, 9260 Gistrup",9260,Gistrup,57.000285,10.002932
Havecentret Hobbyland,Havecentret Hobbyland,"Navervej 11, 4000 Roskilde",4000,Roskilde,55.640141,12.123091
Havero Planteskole,Havero Planteskole,"Emdrupvej 32, 2100 København Ø",2100,København Ø,55.719625,12.550583
Havlykke,Havlykke,"Pærgårdsvej 8A, 7130 Juelsminde",7130,Juelsminde,55.780459,10.004715
Havlykke Biler,Havlykke Biler,"Vejlevej 16B, 7000 Fredericia",7000,Fredericia,55.569846,9.729051
Hedegaard Biler,Hedegaard Biler A/S,"Dueoddevej 4, 7400 Herning",7400,Herning,56.155496,8.974865
Helas,Helas,"Follerup Møllevej 1, 7000 Fredericia",7000,Fredericia,55.596907,9.632721
Helge Andersen Fr.Havn,Helge Andersen Fr.Havn A/S,"Toftegårdsvej 2B, 9900 Frederikshavn",9900,Frederikshavn,57.445473,10.500758
Hellers,Hellers,"Kastrup Strandpark 9, 2770 Kastrup",2770,Kastrup,55.640927,12.651383
Henrik Christensen,Henrik Christensen A/S,"Vesterballevej 7A, 7000 Fredericia",7000,Fredericia,55.529774,9.717224
Henrik Larsen Automobiler,Henrik Larsen Automobiler,"Rovsingsgade 40, 2100 København Ø",2100,København Ø,55.711802,12.555134
Henrik Wessel,"Henrik Wessel A/S, Amager","Englandsvej 397, 2770 Kastrup",2770,Kastrup,55.620041,12.605512
Henrik Wessel,"Henrik Wessel A/S, Kgs. Lyngby","Firskovvej 21, 2800 Kongens Lyngby",2800,Kongens Lyngby,55.770494,12.515331
Herborg Planteskole,Herborg Planteskole,"Finderupvej 35, 6920 Videbæk",6920,Videbæk,56.053038,8.564490
Herlev Biler,Herlev Biler,"Herlev Hovedgade 228C, 2730 Herlev",2730,Herlev,55.725861,12.418526
Hesselbækgård Havecenter,Hesselbækgård Havecenter,"Bistrupvej 190, 3460 Birkerød",3460,Birkerød,55.823681,12.417141
Hobbyhaven,Hobbyhaven,"Møllebakken 52A, 8361 Hasselager",8361,Hasselager,56.108695,10.114296
Holden Classics,Holden Classics,"Rytterdam 15, 6630 Rødding",6630,Rødding,55.366424,9.072483
HolmLy Biler,HolmLy Biler ApS,"Georg Jensens Vej 11, 9800 Hjørring",9800,Hjørring,57.446041,10.013311
Holmland Biler,Holmland Biler ApS,"Neptunvej 12C, 7430 Ikast",7430,Ikast,56.137895,9.142326
Holsted Biler,Holsted Biler,"Energivej 12, 6670 Holsted",6670,Holsted,55.522521,8.906032
Honda,Due Andersen Automobiler ApS,"Frederiksværkvej 18, 3600 Frederikssund",3600,Frederikssund,55.844891,12.066147
Honda,Denmark,"Kokholm 13B, 6000 Kolding",6000,Kolding,55.533491,9.478313
Honda,Bakke Auto - Honda,"Høgevej 20, 6705 Esbjerg Ø",6705,Esbjerg Ø,55.492142,8.472153
Honda,Honda Glejbjerg,"Borgergade 2, 6752 Glejbjerg",6752,Glejbjerg,55.551418,8.823362
Honda,Honda,"Enggårdvej 5, 7400 Herning",7400,Herning,56.133187,8.907486
Hou Auto v/Ole Steen Jensen,Hou Auto v/Ole Steen Jensen,"Houvej 38, 9370 Hals",9370,Hals,57.058411,10.349806
Hovedvejens Autocenter,Hovedvejens Autocenter,"Hovedvejen 1, 6261 Bredebro",6261,Bredebro,55.050280,8.829093
Husby Ny Auto,Husby Ny Auto,"Sognegårdsvej 13, 6990 Ulfborg",6990,Ulfborg,56.280427,8.179382
Hviids Caravanservice,Hviids Caravanservice,"Ulvedalsvej 5, 8410 Rønde",8410,Rønde,56.335025,10.468684
Hyundai,Terminalen Amager A/S,"Englandsvej 391, 2770 Kastrup",2770,Kastrup,55.620931,12.605242
Hyundai,Jønssons Auto A/S,"Krakasvej 5, 3400 Hillerød",3400,Hillerød,55.930660,12.262576
Hyundai,Bjarne Nielsen A/S - Slagelse,"Asienvej 3, 4200 Slagelse",4200,Slagelse,55.387178,11.322516
Hyundai,Storgaard Biler,"Ribevej 4, 6740 Bramming",6740,Bramming,55.463996,8.704210
Hyundai,Terminalen Aarhus A/S,"Ravnsøvej 9, 8240 Risskov",8240,Risskov,56.203276,10.249515
Hyundai,Terminalen Viby,"Gunnar Clausens Vej 4, 8260 Viby J",8260,Viby J,56.110283,10.125912
Hyundai,Jørgen Olsen,"Industrivej 16, 8800 Viborg",8800,Viborg,56.465362,9.407172
Hyundai,Bilhuset Haldrup Randers A/S,"Århusvej 108, 8940 Randers SV",8940,Randers SV,56.438071,10.050257
Højland Biler,Højland Biler,"Vilhelmsborgvej 17, 7700 Thisted",7700,Thisted,56.964983,8.726352
Højmose Havecenter,Højmose Havecenter,"Ribelandevej 109, 6270 Tønder",6270,Tønder,55.015029,8.846665
Høyer Automobiler,Høyer Automobiler - Odense,"Svendborgvej 80B, 5260 Odense S",5260,Odense S,55.357969,10.398817
IA Camping,IA Camping,"Herningvej 94, 7540 Haderup",7540,Haderup,56.291360,8.998955
Idé Biler,Idé Biler Skjern A/S,"Erhvervsparken 5, 6900 Skjern",6900,Skjern,55.954062,8.513572
Ikast Planteskole,Ikast Planteskole,"Vestergade 77, 7430 Ikast",7430,Ikast,56.136369,9.120266
Indkilde Auto,Indkilde Auto A/S,"Hobrovej 325A, 9200 Aalborg SV",9200,Aalborg SV,57.016620,9.896074
Invita,Invita København,"Frederiksborggade 33, 1360 København K",1360,København K,55.685338,12.566851
Invita,Invita Glostrup,"Tjalfesvej 1, 2600 Glostrup",2600,Glostrup,55.662995,12.373656
Invita,Invita Hillerød,"Industrivænget 19, 3400 Hillerød",3400,Hillerød,55.932275,12.278571
Invita,Invita Roskilde,"Københavnsvej 106B, 4000 Roskilde",4000,Roskilde,55.640868,12.114185
Invita,Invita Næstved,"Holsted Park 8C, 4700 Næstved",4700,Næstved,55.250009,11.779081
Invita,Invita Odense,"Tagtækkervej 1, 5230 Odense M",5230,Odense M,55.382727,10.420674
Invita,Invita Kolding,"Albuen 5C, 6000 Kolding",6000,Kolding,55.516003,9.457191
Invita,Invita Aabenraa,"Industrivej 1, 6200 Aabenraa",6200,Aabenraa,55.047145,9.404083
Invita,Invita Esbjerg,"Østre Gjesingvej 19, 6715 Esbjerg N",6715,Esbjerg N,55.507167,8.456699
Invita,Invita Ringkøbing,"Skaadsmosevej 15, 6950 Ringkøbing",6950,Ringkøbing,56.086436,8.270753
Invita,Invita Vejle,"Løversysselvej 5A, 7100 Vejle",7100,Vejle,55.730300,9.593983
Invita,Invita Herning,"Industrivej Syd 9B, 7400 Herning",7400,Herning,56.133062,9.038742
Invita,Invita Aarhus,"Tilst Søndervej 100, 8381 Tilst",8381,Tilst,56.183199,10.112038
Invita,Invita Ryomgård,"Slotsgade 18, 8550 Ryomgård",8550,Ryomgård,56.380661,10.504818
Invita,Invita Randers,"Nikkelvej 5, 8940 Randers SV",8940,Randers SV,56.429002,10.053753
Invita,Invita Aalborg,"Stenbukken 11, 9200 Aalborg SV",9200,Aalborg SV,56.998038,9.870979
Invita,Invita Hobro,"Jyllandsvej 2, 9500 Hobro",9500,Hobro,56.630646,9.813802
Invita,Invita Aars,"Vestre Boulevard 1, 9600 Aars",9600,Aars,56.798624,9.507661
Invita,Invita Hjørring,"Frederikshavnsvej 62A, 9800 Hjørring",9800,Hjørring,57.455574,10.008935
Isuzu,Varebil-Leasing Kolding ApS,"Birkedam 2, 6000 Kolding",6000,Kolding,55.520175,9.446834
Isuzu,Pedersen & Nielsen A/S - Sønderborg,"Ellegårdvej 5, 6400 Sønderborg",6400,Sønderborg,54.927791,9.797580
J. Dawall & Sønner,J. Dawall & Sønner,"Grønnevej 141, 2830 Virum",2830,Virum,55.788802,12.473927
J.B. Biler,J.B. Biler,"Harbogade 39, 6990 Ulfborg",6990,Ulfborg,56.271427,8.315343
JK Auto,JK Auto,"Følfodvej 16, 9310 Vodskov",9310,Vodskov,57.099724,10.021610
JKE Design,JKE København,"Falkoner Alle 41, 2000 Frederiksberg",2000,Frederiksberg,55.683855,12.536617
JKE Design,JKE Glostrup,"Søndre Ringvej 35, 2605 Brøndby",2605,Brøndby,55.657789,12.393044
JKE Design,JKE Lyngby,"Jernbanepladsen 1B, 2800 Kongens Lyngby",2800,Kongens Lyngby,55.767937,12.505567
JKE Design,JKE Roskilde,"Holbækvej 7, 4000 Roskilde",4000,Roskilde,55.633866,12.070512
JKE Design,JKE Ringsted,"Roskildevej 233, 4100 Ringsted",4100,Ringsted,55.464275,11.806873
JKE Design,JKE Holbæk,"Stenhusvej 60, 4300 Holbæk",4300,Holbæk,55.704447,11.666452
JKE Design,JKE Nykøbing Falster,"Brogade 12, 4800 Nykøbing Falster",4800,Nykøbing Falster,54.765367,11.865774
JKE Design,JKE Kolding,"Haderslevvej 27A, 6000 Kolding",6000,Kolding,55.484804,9.471903
JKE Design,JKE Esbjerg,"Østre Gjesingvej 9D, 6715 Esbjerg N",6715,Esbjerg N,55.504831,8.456923
JKE Design,JKE Thisted,"Silstrupvej 89, 7700 Thisted",7700,Thisted,56.954887,8.645731
JKE Design,JKE Nykøbing Mors,"Soltoften 3, 7900 Nykøbing Mors",7900,Nykøbing Mors,56.803742,8.847642
JKE Design,JKE Aarhus,"Søren Frichs Vej 13B, 8000 Aarhus C",8000,Aarhus C,56.152730,10.185307
JKE Design,JKE Horsens FEINHAUS,"Ove Jensens Allé 11A, 8700 Horsens",8700,Horsens,55.857917,9.848402
JKE Design,JKE Viborg,"Lundvej 54, 8800 Viborg",8800,Viborg,56.459526,9.370191
JKE Design,JKE Aalborg,"Hobrovej 347, 9200 Aalborg SV",9200,Aalborg SV,57.013835,9.891390
JKE Design,JKE St. Ajstrup,"Brugsvej 7, 9240 Nibe",9240,Nibe,56.950175,9.504056
JKE Design,JKE Brønderslev,"Hjørringvej 1, 9700 Brønderslev",9700,Brønderslev,57.267380,9.969682
Jacon Biler,Jacon Biler A/S,"Vejlevej 88, 7000 Fredericia",7000,Fredericia,55.568767,9.705382
Jakob Automobiler,Jakob Automobiler,"Randersvej 346A, 8200 Aarhus N",8200,Aarhus N,56.218886,10.168132
Jan Heiselberg Automobiler,Jan Heiselberg Automobiler,"Januarvej 2, 6705 Esbjerg Ø",6705,Esbjerg Ø,55.497453,8.530981
Jan Nygaard,Jan Nygaard A/S,"Firskovvej 33, 2800 Kongens Lyngby",2800,Kongens Lyngby,55.770186,12.518900
Jan Nygaard,Jan Nygaard A/S - Hillerød,"Lodbrogsvej 5, 3400 Hillerød",3400,Hillerød,55.928628,12.267270
Jensen Bike & Cars,Jensen Bike & Cars,"Hjørringvej 125, 9400 Nørresundby",9400,Nørresundby,57.076716,9.954064
Jensen Bilsalg,Jensen Bilsalg,"Stendisvej 26, 7830 Vinderup",7830,Vinderup,56.422061,8.812242
Jensen's Planteskole,Jensen's Planteskole,"Idræts Alle 3, 6740 Bramming",6740,Bramming,55.469545,8.695996
JensenBiler,JensenBiler,"Vejrup Storegade 80C, 6740 Bramming",6740,Bramming,55.521473,8.769073
Jepsen Biler,Jepsen Biler Aps,"Fuglesangsalle 12, 6600 Vejen",6600,Vejen,55.472783,9.143451
Johannes Fog,Johannes Fog Lyngby,"Firskovvej 20, 2800 Kongens Lyngby",2800,Kongens Lyngby,55.769907,12.515070
Johannes Fog,Johannes Fog Hørsholm,"Kokkedal Industripark 15, 2980 Kokkedal",2980,Kokkedal,55.903463,12.485361
Johannes Fog,Johannes Fog Helsinge,"Nørretoftevej 1, 3200 Helsinge",3200,Helsinge,56.012590,12.198206
Johannes Fog,Johannes Fog Fredensborg,"Kongevejen 25B, 3480 Fredensborg",3480,Fredensborg,55.968194,12.404240
Johannes Fog,Johannes Fog Kvistgård,"Egeskovvej 1, 3490 Kvistgård",3490,Kvistgård,55.990645,12.498761
Johannes Fog,Johannes Fog Farum,"Farum Gydevej 59, 3520 Farum",3520,Farum,55.818556,12.361806
Johannes Fog,Johannes Fog Værebro (Ølstykke),"Lyshøjvej 14, 3650 Ølstykke",3650,Ølstykke,55.767727,12.142824
Johannes Fog,Johannes Fog Vordingborg,"Broværket 5, 4760 Vordingborg",4760,Vordingborg,55.023428,11.890100
Johs. Jørgensen & Sønner,Johs. Jørgensen & Sønner,"Øllebøllevej 24, 4894 Øster Ulslev",4894,Øster Ulslev,54.690331,11.574644
Jyderup Camping Center,Jyderup Camping Center,"Industriparken 22, 4450 Jyderup",4450,Jyderup,55.659034,11.413454
Jørgen Hansen Biler,Jørgen Hansen Biler A/S,"Sædding Ringvej 1B, 6710 Esbjerg V",6710,Esbjerg V,55.502334,8.406396
Jørgen Hansen Biler,Jørgen Hansen Biler A/S,"Ribevej 40, 6780 Skærbæk",6780,Skærbæk,55.161963,8.764560
Jørgen Jensen Automobiler,Jørgen Jensen Automobiler,"Toftvej 4, 6950 Ringkøbing",6950,Ringkøbing,56.104927,8.222043
K & L Auto,K & L Auto A/S,"Industrivej Nord 11, 7490 Aulum",7490,Aulum,56.259024,8.791435
K. Holm Biler,K. Holm Biler,"Fabriksvej 8, 6650 Brørup",6650,Brørup,55.495984,9.013220
K2 Biler,K2 Biler ApS,"Energivej 14, 2750 Ballerup",2750,Ballerup,55.724392,12.381545
KG Camping,KG Camping,"Mønten 6, 6000 Kolding",6000,Kolding,55.510530,9.454177
KGM,Lemvig Autocenter ApS,"Industrivej 34, 7620 Lemvig",7620,Lemvig,56.541178,8.294636
KJ Auto,KJ Auto,"Industrivej 5, 8963 Auning",8963,Auning,56.424419,10.374343
KP Autohandel,KP Autohandel,"Nørregade 6, 9300 Sæby",9300,Sæby,57.323400,10.383429
KT-S,KT-S,"Kobbervej 14, 6000 Kolding",6000,Kolding,55.506625,9.453349
Kaj From Automobiler,Kaj From Automobiler,"Vibeholmsvej 24, 2605 Brøndby",2605,Brøndby,55.665990,12.417554
Karvil Biler,Karvil Biler A/S,"Faaborgvej 149, 5250 Odense SV",5250,Odense SV,55.365273,10.353862
Karvil Biler,Karvil Biler A/S,"Damgårdvej 5, 5500 Middelfart",5500,Middelfart,55.496928,9.767259
Kia,Andersen & Martini A/S,"Tempovej 17, 2750 Ballerup",2750,Ballerup,55.722796,12.379568
Kia,Knud Nielsen A/S,"Frejasvej 27, 3400 Hillerød",3400,Hillerød,55.931626,12.286205
Kia,MAX DUE A/S – Ringsted,"Huginsvej 1, 4100 Ringsted",4100,Ringsted,55.427934,11.791496
Kia,MAX DUE A/S – Køge,"Tangmosevej 101, 4600 Køge",4600,Køge,55.473824,12.185072
Kia,MAX DUE A/S - Næstved,"Holsted Park 23, 4700 Næstved",4700,Næstved,55.248110,11.770583
Kia,Leif Pedersen Biler A/S,"Næstvedvej 70, 4760 Vordingborg",4760,Vordingborg,55.025816,11.885925
Kia,AutoCentro A/S - Nykøbing F,"Havnepladsen 2, 4800 Nykøbing F",4800,Nykøbing F,54.764167,11.866354
Kia,Qnique Biler Skjern,"Erhvervsparken 5, 6900 Skjern",6900,Skjern,55.954219,8.514320
Kia,Carl Edelholt Automobiler A/S,"Bjerrevej 27, 8700 Horsens",8700,Horsens,55.851937,9.845262
Kia,Mørch Automobiler A/S,"Anders Mørchs Vej 3, 9400 Nørresundby",9400,Nørresundby,57.073891,9.901609
Kinnerup Autokommision,Kinnerup Autokommision A/S,"Grindstedvej 2, 9310 Vodskov",9310,Vodskov,57.129679,10.075728
Kiri Automobiler,Kiri Automobiler,"Skanderborgvej 2, 8370 Hadsten",8370,Hadsten,56.319066,10.042223
Kirkedalens Auto,Kirkedalens Auto,"Bakkedalsvej 27, 7130 Juelsminde",7130,Juelsminde,55.774525,9.929097
Kjerulff,Kjerulff A/S,"Sverigesvej 12, 4200 Slagelse",4200,Slagelse,55.405245,11.370718
Kjær Jensen Automobiler,Kjær Jensen Automobiler,"Randersvej 2, 6700 Esbjerg",6700,Esbjerg,55.465761,8.496609
Kjærsgaard Auto,Kjærsgaard Auto A/S,"Håndværkervej 22, 9000 Aalborg",9000,Aalborg,57.031770,9.923419
Kjølbys Auto,Kjølbys Auto,"Odensevej 173, 5492 Vissenbjerg",5492,Vissenbjerg,55.387080,10.196190
Klokholm Automobiler,Automester - Klokholm Automobiler,"Snedkervænget 1, 5560 Aarup",5560,Aarup,55.377420,10.055320
Knud Pedersens Planteskole,Knud Pedersens Planteskole,"Tåstrup Søvej 8, 8462 Harlev J",8462,Harlev J,56.128277,9.986645
Knud Uggerhøj,Knud Uggerhøj A/S,"Søndergade 246, 9900 Frederikshavn",9900,Frederikshavn,57.419328,10.521565
Koch Biler,Koch Biler A/S - Aarhus Nord,"Åmarksvej 2, 8250 Egå",8250,Egå,56.204873,10.258167
Koch biler,Koch biler A/S,"Gunnar Clausens Vej 10, 8260 Viby J",8260,Viby J,56.110111,10.128527
Kolding Plantecenter,Kolding Plantecenter,"Esbjergvej 42, 6000 Kolding",6000,Kolding,55.505116,9.452706
Kongeaa Trailercenter,Kongeaa Trailercenter,"Stenbro Allè 2, 6650 Brørup",6650,Brørup,55.501056,9.022168
Kongevejens Planteskole,Kongevejens Planteskole,"Birkerød Kongevej 15, 3460 Birkerød",3460,Birkerød,55.835959,12.449701
Kongeå Blomster,Kongeå Blomster,"Kongeåvej 138, 6660 Lintrup",6660,Lintrup,55.417332,8.950382
Koring & Lund,Koring & Lund,"Åkirkebyvej 57, 3700 Rønne",3700,Rønne,55.096995,14.716584
Korskro Biler,Korskro Biler,"Korskrovej 5, 6705 Esbjerg Ø",6705,Esbjerg Ø,55.524240,8.589480
Kraft Biler,Kraft Biler A/S,"Navervej 2, 7000 Fredericia",7000,Fredericia,55.531825,9.715462
Kragelund Planteskole,Kragelund Planteskole,"Kragelundvej 14, 6622 Bække",6622,Bække,55.577823,9.174045
Kridtvejs Planter,Kridtvejs Planter,"Kridtvej 18, 7980 Vils",7980,Vils,56.749159,8.750676
Kris Petersen,Kris Petersen,"Østergade 59, 5580 Nørre Aaby",5580,Nørre Aaby,55.461050,9.881789
Krogsgaard-Jensen,Krogsgaard-Jensen A/S,"Birkerød Kongevej 84, 3460 Birkerød",3460,Birkerød,55.843340,12.436335
Krogsgaard-Jensen Automobiler,Krogsgaard-Jensen Automobiler,"Herlev Hovedgade 197, 2730 Herlev",2730,Herlev,55.724922,12.424349
Krogsgaard-Jensen Automobiler,Krogsgaard-Jensen Automobiler A/S,"Mesterlodden 37, 2820 Gentofte",2820,Gentofte,55.754124,12.511709
Kronbiler,Kronbiler Hinnerup,"Samsøvej 28, 8382 Hinnerup",8382,Hinnerup,56.248762,10.072144
Kronborg Marine,Kronborg Marine Bådudstyr,"Nordhavnsvej 9, 3000 Helsingør",3000,Helsingør,56.041092,12.613290
Krukkeladen,Krukkeladen,"Assedrupvej 7, 8300 Odder",8300,Odder,56.008142,10.182531
Kurt Krogager Automobiler,Kurt Krogager Automobiler,"Middelfartvej 4, 5000 Odense C",5000,Odense C,55.394191,10.364460
Kvalitetsbiler,Kvalitetsbiler,"Torvegade 155A, 7160 Tørring",7160,Tørring,55.843620,9.498606
Kvik,Kvik København Østerbro,"Jagtvej 201, 2100 København Ø",2100,København Ø,55.708151,12.571281
Kvik,Kvik Valby,"Valby Maskinfabriksvej 18, 2500 Valby",2500,Valby,55.661175,12.512693
Kvik,Kvik Glostrup,"Tjalfesvej 1, 2600 Glostrup",2600,Glostrup,55.663009,12.373599
Kvik,Kvik København Amager,"Kirstinehøj 58F, 2770 Kastrup",2770,Kastrup,55.617158,12.612991
Kvik,Kvik Gentofte,"Nybrovej 87, 2820 Gentofte",2820,Gentofte,55.758708,12.502978
Kvik,Kvik Helsingør,"Birkedalsvej 10, 3000 Helsingør",3000,Helsingør,56.020884,12.570529
Kvik,Kvik Hillerød,"Industrivænget 2, 3400 Hillerød",3400,Hillerød,55.932023,12.283744
Kvik,Kvik Roskilde,"Darupvang 11, 4000 Roskilde",4000,Roskilde,55.626838,12.064228
Kvik,Kvik Slagelse,"Kinavej 10, 4200 Slagelse",4200,Slagelse,55.387497,11.326690
Kvik,Kvik Holbæk,"Njordvej 2, 4300 Holbæk",4300,Holbæk,55.703398,11.669401
Kvik,Kvik Køge,"Stormøllevej 92, 4600 Køge",4600,Køge,55.472171,12.182989
Kvik,Kvik Næstved,"Merkurvej 1, 4700 Næstved",4700,Næstved,55.254139,11.786892
Kvik,Kvik Nykøbing Falster,"Skovalleén 44, 4800 Nykøbing Falster",4800,Nykøbing Falster,54.778470,11.882300
Kvik,Kvik Odense Risingsvej,"Risingvej 55, 5000 Odense",5000,Odense,55.404334,10.422761
Kvik,Kvik Svendborg,"Ole Rømers Vej 63, 5700 Svendborg",5700,Svendborg,55.060780,10.586362
Kvik,Kvik Kolding,"Albuen 17A, 6000 Kolding",6000,Kolding,55.515767,9.455988
Kvik,Kvik Aabenraa,"Industrivej 16, 6200 Aabenraa",6200,Aabenraa,55.049177,9.404018
Kvik,Kvik Sønderborg,"Grundtvigs Allé 198, 6400 Sønderborg",6400,Sønderborg,54.922844,9.809455
Kvik,Kvik Esbjerg,"Østre Gjesingvej 23, 6715 Esbjerg",6715,Esbjerg,55.508176,8.457021
Kvik,Kvik Fredericia,"Vejlevej 133, 7000 Fredericia",7000,Fredericia,55.568518,9.708899
Kvik,Kvik Vejle,"Stiftsvej 59A, 7100 Vejle",7100,Vejle,55.731452,9.598359
Kvik,Kvik Herning,"Silkeborgvej 80, 7400 Herning",7400,Herning,56.132388,8.992219
Kvik,Kvik Holstebro,"Hjermvej 4, 7500 Holstebro",7500,Holstebro,56.378158,8.619472
Kvik,Kvik Lemvig,"Skous Gade 3, 7620 Lemvig",7620,Lemvig,56.551474,8.307869
Kvik,Kvik Thisted,"Tigervej 15, 7700 Thisted",7700,Thisted,56.960847,8.730544
Kvik,Kvik Hurup,"Industrivej 2, 7760 Hurup",7760,Hurup,56.746832,8.429981
Kvik,Kvik Aarhus Egå,"Muslingevej 26, 8250 Egå",8250,Egå,56.211072,10.278139
Kvik,Kvik Aarhus Viby,"Ringvej Syd 96, 8260 Viby J",8260,Viby J,56.115521,10.153269
Kvik,Kvik Aarhus Tilst,"Agerøvej 25A, 8381 Tilst",8381,Tilst,56.182206,10.111649
Kvik,Kvik Silkeborg,"Nørrevænget 3, 8600 Silkeborg",8600,Silkeborg,56.182819,9.538542
Kvik,Kvik Horsens,"Ove Jensens Allé 11E, 8700 Horsens",8700,Horsens,55.857774,9.849576
Kvik,Kvik Viborg,"Ålandsvej 1C, 8800 Viborg",8800,Viborg,56.458552,9.370373
Kvik,Kvik Randers,"Marsvej 25, 8960 Randers SØ",8960,Randers SØ,56.427271,10.057425
Kvik,Kvik Aalborg SV,"Stenbukken 16, 9200 Aalborg",9200,Aalborg,56.997900,9.869080
Kvik,Kvik Frederikshavn,"Maigårdsvej 2D, 9900 Frederikshavn",9900,Frederikshavn,57.446654,10.501733
Køgevejens Planteskole,Køgevejens Planteskole,"Gammel Køge Landevej 501, 2650 Hvidovre",2650,Hvidovre,55.622818,12.467063
Køng Gårdbutik,Køng Gårdbutik,"Bankevejen 1, 4750 Lundby",4750,Lundby,55.113170,11.817398
LILLEBÆLT AUTO,LILLEBÆLT AUTO,"Odensevej 185, 5500 Middelfart",5500,Middelfart,55.498754,9.761624
LK Biler,LK Biler ApS,"Industrivej 8B, 4340 Tølløse",4340,Tølløse,55.612640,11.761640
LKJ Biler,LKJ Biler A/S,"Dalgas Alle 4, 6600 Vejen",6600,Vejen,55.467592,9.141894
LM Biler,LM Biler,"Hjermind Byvej 25, 8850 Bjerringbro",8850,Bjerringbro,56.396255,9.677830
LN-Bilcenter,LN-Bilcenter,"Salbjergvej 1, 4622 Havdrup",4622,Havdrup,55.554199,12.119012
Lamborghini,Lamborghini Copenhagen,"Banevingen 6, 2200 København N",2200,København N,55.706382,12.544938
Langer biler,Langer biler,"Hovedgaden 19B, 8860 Ulstrup",8860,Ulstrup,56.391146,9.794203
Langeskov Planteskole,Langeskov Planteskole,"Nyborgvej 37, 5550 Langeskov",5550,Langeskov,55.360421,10.600435
Lars E. Alrø Automobiler,Lars E. Alrø Automobiler,"Østerbrogade 33, 7100 Vejle",7100,Vejle,55.709626,9.545301
Lars Hein Automobiler,Lars Hein Automobiler,"Industrivej 48B, 6760 Ribe",6760,Ribe,55.357510,8.773298
Lau Frugt Grønt Blomster,Lau Frugt Grønt Blomster,"Randersvej 14, 8600 Silkeborg",8600,Silkeborg,56.188174,9.577951
Leasevarebil.dk,Leasevarebil.dk,"Yderholmen 9, 2750 Ballerup",2750,Ballerup,55.726920,12.324343
Leif Biler,Leif Biler,"Industrivej 12, 6760 Ribe",6760,Ribe,55.347304,8.778016
Leif Bording Biler,Leif Bording Biler,"Diagonalvejen 17, 7323 Give",7323,Give,55.857183,9.248891
Leif Thygesen Biler,Leif Thygesen Biler Roskilde,"Industrivej 36, 4000 Roskilde",4000,Roskilde,55.644164,12.125713
Leonhard Biler,Leonhard Biler,"Nørreskovvej 7, 6340 Kruså",6340,Kruså,54.902502,9.513905
Lindegaardens Havecenter,Lindegaardens Havecenter,"Sæbyvej 9, 4270 Høng",4270,Høng,55.520666,11.294992
Lindholm Biler,Lindholm Biler A/S - Viborg,"Gl. Århusvej 241B, 8800 Viborg",8800,Viborg,56.417215,9.410464
Lindholm Collection,Lindholm Collection,"Gl. Århusvej 239, 8800 Viborg",8800,Viborg,56.418381,9.408643
Linding Biler,Linding Biler A/S,"Jeppe Skovgaards Vej 5, 6800 Varde",6800,Varde,55.601487,8.500190
Linnebæk Biler,Linnebæk Biler,"Støberivej 6, 3660 Stenløse",3660,Stenløse,55.770726,12.199342
Lund & Olsen,Lund & Olsen A/S,"Birkerød Kongevej 61, 3460 Birkerød",3460,Birkerød,55.840806,12.439689
Lunds Auto,Lunds Auto,"Isafjordsgade 9, 2300 København S",2300,København S,55.665232,12.578292
Lynettens Bådservice,Lynettens Bådservice,"Refshalevej 200Z, 1432 København K",1432,København K,55.689488,12.618547
Lyngsø Biler,Lyngsø Biler,"Haderslevvej 117, 6000 Kolding",6000,Kolding,55.477416,9.469479
Læborg Autohandel,Læborg Autohandel,"Ådalen 23, 6600 Vejen",6600,Vejen,55.492610,9.133963
Løgstør Caravan Center,Løgstør Caravan Center,"Danmarksvej 18, 9670 Løgstør",9670,Løgstør,56.958062,9.263898
Løgtved Gartneri,Løgtved Gartneri,"Frederiksberg 71, 4470 Svebølle",4470,Svebølle,55.674512,11.294438
Løkkes Biler,Løkkes Biler,"Rugårdsvej 417, 5210 Odense NV",5210,Odense NV,55.421120,10.282730
MA-bihandel,MA-bihandel,"Hedemarken 35, 7200 Grindsted",7200,Grindsted,55.753241,8.970110
MAN Odense,MAN Odense A/S,"Højmevej 19, 5250 Odense SV",5250,Odense SV,55.355791,10.333162
MAN Truck & Bus,MAN Truck & Bus,"Guldborgsundvej 2, 6705 Esbjerg Ø",6705,Esbjerg Ø,55.510197,8.496001
MAX DUE,MAX DUE A/S - Slagelse,"Ndr.Ringgade 1A, 4200 Slagelse",4200,Slagelse,55.410950,11.339113
ME-Haveservice & Anlæg,ME Haveservice & Anlæg,"Industriparken 30B, 9560 Hadsund",9560,Hadsund,56.731473,10.142051
MH Automobiler,MH Automobiler ApS,"Hans Egedes Vej 2B, 5210 Odense NV",5210,Odense NV,55.414390,10.341880
MK Biler,MK Biler,"Viborgvej 104, 7500 Holstebro",7500,Holstebro,56.364082,8.689495
MP Biler,MP Biler,"Bredskiftevej 2, 8210 Aarhus V",8210,Aarhus V,56.178100,10.137417
Magtenbølle Planteskole,Magtenbølle Planteskole,"Lyholmvej 10, 5492 Vissenbjerg",5492,Vissenbjerg,55.378071,10.176831
Majholm Anlæg & Planter,Majholm Anlæg & Planter,"Smedevej 6, 6740 Bramming",6740,Bramming,55.466172,8.679235
Marineshoppen,Marineshoppen,"Havnen 1A, 7130 Juelsminde",7130,Juelsminde,55.713629,10.015540
Marinetorvet,Marinetorvet,"Amagerbrogade 207, 2300 København S",2300,København S,55.649548,12.613129
Maritime Engineering,Maritime Engineering,"Pakhusvej 3, 5960 Marstal",5960,Marstal,54.855683,10.521881
Martin Kristensen Biler,Martin Kristensen Biler ApS,"Dandyvej 5E, 7100 Vejle",7100,Vejle,55.727914,9.579255
Maxus,Bjergs Biler,"Åboulevarden 50, 6880 Tarm",6880,Tarm,55.913147,8.520156
Maxus,S&S Bilhus,"Enggårdvej 27, 7400 Herning",7400,Herning,56.133555,8.913632
Maxus,JL Auto Aps,"Niels Bohrs Vej 14, 8660 Skanderborg",8660,Skanderborg,56.066901,9.984065
Mazda,Daugaard Biler A/S,"Ejby Industrivej 3, 2600 Glostrup",2600,Glostrup,55.693818,12.419416
Mazda,Pedersen & Nielsen - Mazda,"Ellegårdvej 2, 6400 Sønderborg",6400,Sønderborg,54.926730,9.794695
Mazda,Jens P Buch Biler A/S,"Niels Finsensvej 5, 7100 Vejle",7100,Vejle,55.723792,9.570272
Mazda,Bjarne Nielsen A/S,"Elskjærbakken 10, 7800 Skive",7800,Skive,56.570126,9.001317
Mazda,MATCHBILER A/S,"Fabrikvej 16, 8260 Viby J",8260,Viby J,56.111332,10.136424
Mehlsen Automobiler,Mehlsen Automobiler A/S,"Assensvej 1, 5672 Broby",5672,Broby,55.253475,10.238829
Meiniche,Meiniche A/S,"Jens Baggesens Vej 5, 7500 Holstebro",7500,Holstebro,56.371109,8.627211
Meng Biler,Meng Biler ApS,"Erritsø Møllebanke 4, 7000 Fredericia",7000,Fredericia,55.543741,9.689757
Mercedes-Benz,Van Mossel København,"Sydhavnsgade 16, 2450 København SV",2450,København SV,55.649975,12.538991
Mercedes-Benz,Van Mossel Greve,"Ventrupparken 12, 2670 Greve",2670,Greve,55.589281,12.266927
Mercedes-Benz,Mercedes-Benz CPH Herlev,"Dynamovej 7, 2860 Søborg",2860,Søborg,55.731781,12.462832
Mercedes-Benz,Van Mossel Hørsholm,"Ådalsvej 54, 2970 Hørsholm",2970,Hørsholm,55.900880,12.482812
Mercedes-Benz,Starmark,"Københavnsvej 277B, 4000 Roskilde",4000,Roskilde,55.645161,12.140292
Mercedes-Benz,"P. Christensen A/S, Odense","Krumtappen 20, 5260 Odense S",5260,Odense S,55.349406,10.416323
Mercedes-Benz,"P. Christensen A/S, Rødekro","Brunde Vest 7, 6230 Rødekro",6230,Rødekro,55.071016,9.351701
Mercedes-Benz,P. Christensen,"Industrivej 17, 6330 Padborg",6330,Padborg,54.834355,9.345700
Mercedes-Benz,Bent Pedersen AS,"Storegade 244, 6705 Esbjerg Ø",6705,Esbjerg Ø,55.480479,8.495869
Mercedes-Benz,Ejner Hessel,"Nystedvej 15, 7400 Herning",7400,Herning,56.158300,8.970262
Mercedes-Benz,Lemvig Autoteknik A/S,"Industrivej 28, 7620 Lemvig",7620,Lemvig,56.542804,8.293889
Mercedes-Benz,Ejner Hessel,"Ålandsvej 5, 8800 Viborg",8800,Viborg,56.457646,9.369946
Mercedes-Benz,Viborg Autogård,"Lundvej 28B, 8800 Viborg",8800,Viborg,56.462555,9.373696
Mercedes-Benz,F.S. Automobiler,"Hovedvejen 1, 9632 Møldrup",9632,Møldrup,56.585094,9.498831
Michaels Automobiler,Michaels Automobiler,"Jeppe Skovgaards Vej 2, 6800 Varde",6800,Varde,55.604709,8.496811
Midtjydsk Gartnerhal,Midtjydsk Gartnerhal,"Ringkøbingvej 116, 7400 Herning",7400,Herning,56.135331,8.920461
Midtjysk Bilhus,Midtjysk Bilhus,"Måbjerg Skolevej 21, 7500 Holstebro",7500,Holstebro,56.385860,8.619096
Mini-corner Automobiler,Mini-corner Automobiler,"Grøndals Parkvej 104B, 2720 Vanløse",2720,Vanløse,55.684245,12.493865
Mitsubishi,Hindsgaul Biler A/S,"Fynsvej 15, 5500 Middelfart",5500,Middelfart,55.503490,9.757123
Mitsubishi,Globus Biler A/S,"Navervej 4, 8600 Silkeborg",8600,Silkeborg,56.183026,9.535950
Moesgård Havecenter,Moesgård Havecenter,"Moesgård Allé 4A, 8320 Mårslet",8320,Mårslet,56.082900,10.210340
Mogens Christensen,Mogens Christensen Viborg A/S,"Marsk Stigs Vej 3, 8800 Viborg",8800,Viborg,56.444211,9.392531
Mogens Planteskole,Mogens Planteskole,"Holstebrovej 41, 6950 Ringkøbing",6950,Ringkøbing,56.110393,8.259955
Mogens Schelde Hansen,Mogens Schelde Hansen A/S,"Industrivej 2, 6630 Rødding",6630,Rødding,55.375207,9.055946
Motorgården i,Motorgården i Skive A/S,"Viborgvej 4, 7800 Skive",7800,Skive,56.563044,9.038299
Muldgaarden,Muldgaarden,"Ole Rømers Vej 2, 2630 Taastrup",2630,Taastrup,55.683812,12.284925
Multiform,Multiform Hillerød,"Slotsgade 43, 3400 Hillerød",3400,Hillerød,55.931615,12.298797
Multiform,Multiform Roskilde,"Holbækvej 7, 4000 Roskilde",4000,Roskilde,55.633830,12.070383
Multiform,Multiform Kolding,"Adelgade 12A, 6000 Kolding",6000,Kolding,55.491019,9.472567
Multiform,Multiform Herning,"Søndergade 5, 7400 Herning",7400,Herning,56.135617,8.976131
Multiform,Multiform Horsens,"Ove Jensens Alle 11A, 8700 Horsens",8700,Horsens,55.857876,9.848439
Multiform,Multiform Aalborg,"Bådehavnsvej 11B, 9000 Aalborg",9000,Aalborg,57.056789,9.902072
Munich Cars,Munich Cars ApS,"Hovedvejen 19, 5500 Middelfart",5500,Middelfart,55.496710,9.771598
Møllegårdens Camping,Møllegårdens Camping,"Skyumvej 4, 7700 Thisted",7700,Thisted,56.882009,8.625923
N O Jensen,N O Jensen Aalborg A/S,"Hattemagervej 16, 9000 Aalborg",9000,Aalborg,57.034735,9.923290
N. Kjær Bilcentret,N. Kjær Bilcentret,"Odensevej 94, 5700 Svendborg",5700,Svendborg,55.073017,10.582701
N. T. Auto,N. T. Auto,"Julius Thomsensvej 5, 7100 Vejle",7100,Vejle,55.724521,9.566325
NBC Jels Camper,NBC Jels Camper,"Haderslevvej 59, 6630 Rødding",6630,Rødding,55.357449,9.188104
NELTOFT GRUPPEN.DK,NELTOFT GRUPPEN.DK,"Bygmestervej 21, 5750 Ringe",5750,Ringe,55.239965,10.487982
NEMBiler,NEMBiler,"Over Hadstenvej 26, 8370 Hadsten",8370,Hadsten,56.318139,10.037673
NH Camping,NH Camping,"Nr Hostrupvej 27, 6230 Rødekro",6230,Rødekro,55.088405,9.275382
NS Auto,NS Auto,"Brolæggervej 17, 6710 Esbjerg V",6710,Esbjerg V,55.507571,8.415159
NS Auto,NS Auto,"Lillebæltsvej 20, 6715 Esbjerg N",6715,Esbjerg N,55.505307,8.461051
Naturplanteskolen,Naturplanteskolen,"Stærkendevej 179, 2640 Hedehusene",2640,Hedehusene,55.612224,12.210397
Nellemann,Nellemann A/S,"Gammel Køge Landevej 105, 2500 Valby",2500,Valby,55.649602,12.507674
Nellemann,Nellemann A/S - Ishøj,"Baldersbækvej 4B, 2635 Ishøj",2635,Ishøj,55.617690,12.325213
Nellemann,Nellemann Roskilde,"Betonvej 1, 4000 Roskilde",4000,Roskilde,55.643603,12.123832
Nellemann,Nellemann A/S,"Odensevej 101, 5260 Odense S",5260,Odense S,55.369709,10.394129
Nellemann,Nellemann A/S,"Jens Juuls Vej 14, 8260 Viby J",8260,Viby J,56.113645,10.133081
Nellemann,Nellemann,"Øllegårdsvej 2D, 8260 Viby J",8260,Viby J,56.114116,10.133822
Netto Biler,Netto Biler A/S,"Borgdalsvej 1, 8600 Silkeborg",8600,Silkeborg,56.154506,9.638478
Nettoline,Nettoline Brønshøj,"Frederikssundsvej 274A, 2700 Brønshøj",2700,Brønshøj,55.710129,12.479333
Nettoline,Nettoline Hillerød,"Markedsstræde 8, 3400 Hillerød",3400,Hillerød,55.930235,12.298792
Nettoline,Nettoline Roskilde,"Helligkorsvej 12, 4000 Roskilde",4000,Roskilde,55.639117,12.069143
Nettoline,Nettoline Ringsted,"Nørregade 16, 4100 Ringsted",4100,Ringsted,55.447339,11.789164
Nettoline,Nettoline Sorø,"Absalonsgade 12, 4180 Sorø",4180,Sorø,55.434202,11.559926
Nettoline,Nettoline Holbæk,"Mellemvang 3, 4300 Holbæk",4300,Holbæk,55.701105,11.725158
Nettoline,Nettoline Nykøbing Falster,"Langgade 17, 4800 Nykøbing F",4800,Nykøbing F,54.766706,11.867209
Nettoline,Nettoline Odense NV,"Tarupvej 71, 5210 Odense NV",5210,Odense NV,55.413489,10.341090
Nettoline,Nettoline Odense,"Odensevej 115, 5260 Odense S",5260,Odense S,55.370937,10.394998
Nettoline,Nettoline Kolding,"Platinvej 4A, 6000 Kolding",6000,Kolding,55.507979,9.454894
Nettoline,Løgumkloster Køkken & Bad,"Industrivej 29, 6240 Løgumkloster",6240,Løgumkloster,55.049913,8.945985
Nettoline,Køkkencenter Esbjerg,"Stenhuggervej 2, 6710 Esbjerg V",6710,Esbjerg V,55.510608,8.406560
Nettoline,Nettoline Ribe,"Øster Vedsted Vej 6, 6760 Ribe",6760,Ribe,55.315303,8.748125
Nettoline,Nettoline Spjald,"Hovedgaden 50, 6971 Spjald",6971,Spjald,56.125530,8.506960
Nettoline,Holstebro Køkkencenter,"Gartnerivej 2, 7500 Holstebro",7500,Holstebro,56.376570,8.614661
Nettoline,Vilsund Køkkencenter,"Parkvej 28, 7700 Thisted",7700,Thisted,56.880669,8.622496
Nettoline,Nettoline Skive,"Viborgvej 6C, 7800 Skive",7800,Skive,56.562438,9.039990
Nettoline,Nettoline Aarhus,"Agerøvej 17, 8381 Tilst",8381,Tilst,56.182007,10.110735
Nettoline,Køkkenlageret Trustrup,"Århusvej 179, 8570 Trustrup",8570,Trustrup,56.348518,10.773400
Nettoline,Nettoline Silkeborg,"Navervej 2, 8600 Silkeborg",8600,Silkeborg,56.182636,9.537219
Nettoline,Nettoline Skanderborg,"Vestervang 7, 8660 Skanderborg",8660,Skanderborg,56.034288,9.923374
Nettoline,Nettoline Randers,"Messingvej 20K, 8940 Randers SV",8940,Randers SV,56.431979,10.052311
Nettoline,Nettoline Sæby,"Grønnegade 22, 9300 Sæby",9300,Sæby,57.334242,10.517781
Nettoline,Kærsgaard Hvidevarer,"Hjørringvej 42, 9400 Nørresundby",9400,Nørresundby,57.067785,9.944029
Nettoline,Nettoline Hobro,"Søndre Ringvej 12, 9500 Hobro",9500,Hobro,56.626836,9.804521
Nettoline,Nettoline Aars,"Vestre Boulevard 29C, 9600 Aars",9600,Aars,56.812739,9.501403
Nettoline,Nettoline Fjerritslev,"Industrivej 1, 9690 Fjerritslev",9690,Fjerritslev,57.088222,9.252131
Next Mobility,Next Mobility Tønder,"Ribelandevej 55, 6270 Tønder",6270,Tønder,54.945744,8.872804
Next Mobility,Next Mobility Ribe,"Industrivej 1, 6760 Ribe",6760,Ribe,55.344839,8.776036
Niels Petersen Automobiler,Niels Petersen Automobiler A/S,"Holsted Park 12, 4700 Næstved",4700,Næstved,55.249028,11.776324
Nielsen Biler,Nielsen Biler,"Tarp Byvej 32, 6715 Esbjerg N",6715,Esbjerg N,55.527147,8.458734
Nissan,Nielsen Car Group Bilernes Hus A/S,"Bredhøjvej 5, 8600 Silkeborg",8600,Silkeborg,56.188194,9.554662
Nissan,Dahl Biler A/S,"Ålandsvej 1, 8800 Viborg",8800,Viborg,56.458964,9.369785
Nissan,Bilhuset Haldrup,"Smedevej 9, 9500 Hobro",9500,Hobro,56.625298,9.803545
Norch,Norch,"Poul Due Jensens Vej 3, 8850 Bjerringbro",8850,Bjerringbro,56.380140,9.665312
Nordbjærg's,Nordbjærgs Bådeværft,"Skovshoved Havn 14, 2920 Charlottenlund",2920,Charlottenlund,55.759098,12.600197
Nordic Granite Co.,Nordic Granite Co.,"Gl Tingvej 2, 6705 Esbjerg Ø",6705,Esbjerg Ø,55.525593,8.606887
Nottelmann's Autohandel,Centrum Biler Haderslev,"Klintevej 3, 6100 Haderslev",6100,Haderslev,55.236450,9.503996
Nottelmanns Autohandel,Nottelmanns Autohandel ApS,"Klintevej 1, 6100 Haderslev",6100,Haderslev,55.236929,9.503213
Nybo Planteskole,Nybo Planteskole,"Hørsholmvej 27, 3490 Kvistgård",3490,Kvistgård,55.969166,12.496227
Nyby Larsen Tøving,Nyby Larsen Tøving,"Bjørnvadbro 37, 7950 Erslev",7950,Erslev,56.852472,8.781685
Næsbjerg Havecenter,Næsbjerg Havecenter,"Kærgårdsvej 28B, 6800 Varde",6800,Varde,55.655121,8.680649
Nøhrs Bilcenter,Nøhrs Bilcenter,"Englandsvej 381, 2770 Kastrup",2770,Kastrup,55.623735,12.605047
OHA Biler,OHA Biler,"Peder Skrams Vej 33, 5220 Odense SØ",5220,Odense SØ,55.383317,10.436975
Ola Nissum Automobiler,Ola Nissum Automobiler,"Landevejen 20, 8350 Hundslund",8350,Hundslund,55.915658,10.053679
Ole Garner Automobiler,Ole Garner Automobiler,"Tjelevej 40, 7400 Herning",7400,Herning,56.155214,8.929025
Ole Winther Auto,Ole Winther Auto A/S,"Transportbuen 2, 7400 Herning",7400,Herning,56.123957,9.103603
Ole Winther Auto,Ole Winther Auto A/S,"Fejøvej 15, 8600 Silkeborg",8600,Silkeborg,56.150011,9.495808
Oluf Østergaard AutoMobiler,Oluf Østergaard AutoMobiler,"Niels Ebbesens Vej 22, 7500 Holstebro",7500,Holstebro,56.347234,8.611586
Opel,Sorø Autoværksted ApS,"Norgesvej 1B, 4180 Sorø",4180,Sorø,55.415551,11.563950
Opel,TK Bilsalg Aps,"Rjukanvej 1, 4900 Nakskov",4900,Nakskov,54.830262,11.164479
Opel,Andersen Automobiler,"Ribevej 43, 6500 Vojens",6500,Vojens,55.242108,9.254539
Opel,Jørgen Laursen,"Katkjærvej 7, 7800 Skive",7800,Skive,56.565563,8.999386
Orlas Auto,Orlas Auto,"Bottrupvej 1, 8723 Løsning",8723,Løsning,55.806858,9.763272
Outzen Bil Center,Outzen Bil Center ApS,"Bygmestervej 16B, 5750 Ringe",5750,Ringe,55.239975,10.486645
Ove B. Dirksen,Ove B. Dirksen A/S,"Dronning Sophies Allé 110, 8660 Skanderborg",8660,Skanderborg,56.048570,9.938316
Ovesen Biler,Ovesen Biler ApS,"Danmarksgade 3, 9293 Kongerslev",9293,Kongerslev,56.887913,10.111804
P. Christensen,P. Christensen A/S,"Rovsingsgade 40, 2100 København Ø",2100,København Ø,55.711879,12.555408
P. Christensen,P. Christensen A/S,"Roskildevej 249, 2620 Albertslund",2620,Albertslund,55.660180,12.329601
P. Christensen,P. Christensen,"Krumtappen 10, 5260 Odense S",5260,Odense S,55.350325,10.415785
P. Christensen,P. Christensen,"Stensgårdvej 19, 5500 Middelfart",5500,Middelfart,55.509216,9.778780
P. Christensen,"P. Christensen A/S, Stellantis Kolding","Trianglen 11, 6000 Kolding",6000,Kolding,55.530765,9.460216
P. Christensen,"P. Christensen, Skejby A/S","Graham Bells Vej 15, 8200 Aarhus N",8200,Aarhus N,56.205755,10.180077
P. Sørensen,"P. Sørensen, Øster Assels A/S","Asselsvej 166, 7990 Øster Assels",7990,Øster Assels,56.701477,8.699470
PG Biler,PG Biler,"Tjelevej 24, 7400 Herning",7400,Herning,56.151817,8.931923
PJ Biler,PJ Biler,"Sdr. Ringvej 37, 6000 Kolding",6000,Kolding,55.472203,9.476205
PMABILER,PMABILER A/S,"Præstemarksvænge 16, 4000 Roskilde",4000,Roskilde,55.644466,12.111540
PMABILER,PMABILER A/S,"Falkevej 8, 4600 Køge",4600,Køge,55.473321,12.179105
Pedersen & Nielsen,Pedersen & Nielsen A/S - Aabenraa,"Langrode 25, 6200 Aabenraa",6200,Aabenraa,55.049218,9.406531
Pedersen & Nielsen,Pedersen & Nielsen A/S Randers,"Århusvej 115, 8960 Randers SØ",8960,Randers SØ,56.438107,10.051392
Pedersen & Nielsen,Pedersen & Nielsen A/S Auning,"Industrivej 114, 8963 Auning",8963,Auning,56.432136,10.363128
Pedersen & Nielsen,Pedersen & Nielsen A/S Aalborg,"Jyllandsgade 28, 9000 Aalborg",9000,Aalborg,57.042207,9.928033
Pedersen & Nielsen,Pedersen & Nielsen A/S Hjørring,"Frederikshavnsvej 256, 9800 Hjørring",9800,Hjørring,57.455610,10.029521
Pedersen & Nielsen,Pedersen & Nielsen A/S Frederikshavn,"Maigårdsvej 5, 9900 Frederikshavn",9900,Frederikshavn,57.446795,10.498781
Per Christensen Automobiler,Per Christensen Automobiler,"Slotsherrensvej 361, 2610 Rødovre",2610,Rødovre,55.704111,12.437619
Per Johansen Automobiler,Per Johansen Automobiler,"Tarp Byvej 89, 6715 Esbjerg N",6715,Esbjerg N,55.523674,8.467782
Peugeot,Bo Kjeldsmark Automobiler A/S,"Islevdalvej 75, 2610 Rødovre",2610,Rødovre,55.693348,12.432452
Peugeot,Andersen & Martini A/S,"Tempovej 21, 2750 Ballerup",2750,Ballerup,55.723020,12.378491
Peugeot,Peugeot,"Ydunsvej 8, 3400 Hillerød",3400,Hillerød,55.934180,12.264201
Peugeot,Winther Auto,"Maglegårdsvej 5B, 4000 Roskilde",4000,Roskilde,55.628752,12.079074
Peugeot,Peugeot,"Møllevej 2, 4100 Ringsted",4100,Ringsted,55.422680,11.786376
Peugeot,Bilhuset Køge A/S,"Tangmosevej 95, 4600 Køge",4600,Køge,55.471963,12.184853
Peugeot,C.A. Larsen Automobiler A/S Haarby,"Faaborgvej 9, 5683 Haarby",5683,Haarby,55.221247,10.132560
Peugeot,P. Christensen A/S,"Trianglen 11, 6000 Kolding",6000,Kolding,55.530505,9.460521
Peugeot,Kjær Biler A/S,"Gammel Christiansfeldvej 57, 6100 Haderslev",6100,Haderslev,55.267896,9.495604
Peugeot,C.A. Larsen Automobiler A/S Herning,"Lollandsvej 6, 7400 Herning",7400,Herning,56.151365,8.997604
Peugeot,Peugeot Holstebro,"Sletten 7, 7500 Holstebro",7500,Holstebro,56.360961,8.655415
Peugeot,Peugeot Thisted,"Tigervej 2, 7700 Thisted",7700,Thisted,56.965842,8.729351
Peugeot,Auto-Huset Skive,"Viborgvej 46, 7800 Skive",7800,Skive,56.559193,9.049375
Peugeot,P. Christensen A/S,"Ravnsøvej 12, 8240 Risskov",8240,Risskov,56.203403,10.247177
Peugeot,Erik Maibom A/S,"Padevænget 3, 9000 Aalborg",9000,Aalborg,57.025299,9.913825
Peugeot,Bilhuset Brønderslev,"Eventyrvej 14, 9700 Brønderslev",9700,Brønderslev,57.273210,9.968846
Peugeot,Peugeot Frederikshavn,"Hjørringvej 158, 9900 Frederikshavn",9900,Frederikshavn,57.447002,10.504208
Planteforum,Planteforum,"Langemosevej 1, 4100 Ringsted",4100,Ringsted,55.434395,11.750079
Planteudsalg,Planteudsalg,"Egeskov Gade 12, 5772 Kværndrup",5772,Kværndrup,55.174057,10.486717
Plantorama,Plantorama Taastrup,"Helgeshøj Allé 32, 2630 Taastrup",2630,Taastrup,55.660779,12.285809
Plantorama,Plantorama Vallensbæk,"Vejlegårdsvej 79, 2665 Vallensbæk Strand",2665,Vallensbæk Strand,55.628283,12.368759
Plantorama,Plantorama Amager,"Englandsvej 441, 2770 Kastrup",2770,Kastrup,55.611860,12.614744
Plantorama,Plantorama Hørsholm,"Ådalsvej 50, 2970 Hørsholm",2970,Hørsholm,55.902089,12.487018
Plantorama,Plantorama Hillerød,"Emblasvang 2, 3400 Hillerød",3400,Hillerød,55.927220,12.264903
Plantorama,Plantorama Odense,"Risingsvej 67, 5000 Odense C",5000,Odense C,55.402606,10.421962
Plantorama,Plantorama Kolding,"Skovvangen 41, 6000 Kolding",6000,Kolding,55.511218,9.461757
Plantorama,Plantorama Sønderborg,"Grundtvigs Allé 194, 6400 Sønderborg",6400,Sønderborg,54.922569,9.811176
Plantorama,Plantorama Vejle,"Stiftsvej 61, 7100 Vejle",7100,Vejle,55.731149,9.596641
Plantorama,Plantorama Egå,"Grenåvej 517B, 8250 Egå",8250,Egå,56.233175,10.294605
Plantorama,Plantorama Tilst,"Anelystparken 50, 8381 Tilst",8381,Tilst,56.185060,10.096110
Plantorama,Plantorama Silkeborg,"F.L.Smidths Vej 21, 8600 Silkeborg",8600,Silkeborg,56.204270,9.598590
Plantorama,Plantorama Horsens,"Vegavej 6, 8700 Horsens",8700,Horsens,55.834528,9.793798
Plantorama,Plantorama Viborg,"Holstebrovej 81B, 8800 Viborg",8800,Viborg,56.445664,9.364051
Plantorama,Plantorama Randers,"Marsvej 14, 8960 Randers SØ",8960,Randers SØ,56.427718,10.058960
Plantorama,Plantorama Aalborg,"Fiskene 34, 9200 Aalborg SV",9200,Aalborg SV,56.998009,9.864998
Plantula,Plantula,"Saxogade 83, 1662 København V",1662,København V,55.668164,12.551407
Porsche,Porsche Center Aarhus,"Ravnsøvej 5, 8240 Risskov",8240,Risskov,56.203474,10.251255
Porshauge,Porshauge,"Hobrovej 20, 7840 Højslev",7840,Højslev,56.571117,9.120863
Poul Larsen,Poul Larsen A/S,"Gammel Gugvej 59, 9000 Aalborg",9000,Aalborg,57.027194,9.928104
Poul Munk,Poul Munk A/S,"Nørrevænget 9, 8600 Silkeborg",8600,Silkeborg,56.182814,9.540721
PreLovedCars,PreLovedCars,"Ragnasvej 1, 8600 Silkeborg",8600,Silkeborg,56.154601,9.635191
Premium Biler,Premium Biler,"Haderslevvej 130, 6760 Ribe",6760,Ribe,55.309666,8.834731
Quick Autohandel,Quick Autohandel,"Industriparken 11, 6933 Kibæk",6933,Kibæk,56.037216,8.868606
RAF Motors,RAF Motors A/S,"Vejlevej 160, 8700 Horsens",8700,Horsens,55.826888,9.797129
REA Erhvervsbiler,REA Erhvervsbiler,"Avedøreholmen 76, 2650 Hvidovre",2650,Hvidovre,55.610272,12.468040
REA Erhvervsbiler,REA Erhvervsbiler A/S,"Københavnsvej 176, 4000 Roskilde",4000,Roskilde,55.642826,12.123095
RK Biler,RK Biler,"Esbjergvej 73, 6650 Brørup",6650,Brørup,55.498528,9.020767
RS Biler,RS Biler,"Rødovrevej 199, 2610 Rødovre",2610,Rødovre,55.687057,12.463958
Rafn-Larsen Automobiler,Rafn-Larsen Automobiler,"Energivej 16, 2750 Ballerup",2750,Ballerup,55.724430,12.380836
Reedorf Biler,Reedorf Biler,"Brostykkevej 176, 2650 Hvidovre",2650,Hvidovre,55.635554,12.468382
Rehabiler,Rehabiler,"Industrivej 43, 7080 Børkop",7080,Børkop,55.640207,9.669977
Renault,KH Automobiler A/S,"Jægervej 2, 6900 Skjern",6900,Skjern,55.952438,8.515496
Renault,Kaa Auto,"Dalvej 5, 8450 Hammel",8450,Hammel,56.257587,9.861284
Renault,Auto Fjerritslev,"Vestergade 48, 9690 Fjerritslev",9690,Fjerritslev,57.088580,9.256216
Rene Schröter,Rene Schröter A/S,"Vestergade 130, 7200 Grindsted",7200,Grindsted,55.761463,8.906113
Rhododendron-Haven,Rhododendron-Haven,"Viborg Hovedvej 114, 7160 Tørring",7160,Tørring,55.905015,9.446662
Ribe Auto,Ribe Auto,"Haderslevvej 96, 6760 Ribe",6760,Ribe,55.313530,8.790198
Richs.dk,Richs.dk,"Pårup Møllevej 200, 4951 Nørreballe",4951,Nørreballe,54.804398,11.441110
Rindebæk Biler,Rindebæk Biler,"Landevejen 44, 5683 Haarby",5683,Haarby,55.196647,10.156376
Ry Auto-compagni,Ry Auto-compagni,"Brunhøjvej 2, 8680 Ry",8680,Ry,56.090282,9.777784
Rårup Automobiler,Rårup Automobiler,"Bakkedalsvej 2, 7130 Juelsminde",7130,Juelsminde,55.767128,9.929400
Rævhede Auto,Rævhede Auto,"Rævhedevej 69, 9440 Aabybro",9440,Aabybro,57.174454,9.699211
Rødekro Blomster- og Havecenter,Rødekro Blomster- og Havecenter,"Brunde Øst 2, 6230 Rødekro",6230,Rødekro,55.070096,9.356839
S. A. B.,S. A. B.,"Bogensevej 149, 5620 Glamsbjerg",5620,Glamsbjerg,55.326310,10.049540
S.N. Kjær,S. N. Kjær,"Nyvej 4, 6200 Aabenraa",6200,Aabenraa,55.040541,9.421060
SB Biler,SB Biler,"Lykkevej 3, 6240 Løgumkloster",6240,Løgumkloster,55.004019,9.038880
SHS Auto,SHS Auto,"Sneumvej 50, 6731 Tjæreborg",6731,Tjæreborg,55.460501,8.596216
SL Biler,SL Biler,"Landevejen 13, 6780 Skærbæk",6780,Skærbæk,55.120211,8.808665
SP Leasing,SP Leasing,"Mellerupvej 2A, 6534 Agerskov",6534,Agerskov,55.128383,9.138815
STARK,STARK Frederiksberg,"C.F. Richs Vej 111, 2000 Frederiksberg",2000,Frederiksberg,55.686926,12.502544
STARK,STARK SHOP FRB C,"Falkoner Allé 75, 2000 Frederiksberg",2000,Frederiksberg,55.686639,12.539864
STARK,STARK Shop Østerbro,"Øster Farimagsgade 23, 2100 København Ø",2100,København Ø,55.689861,12.574474
STARK,STARK Nordhavn,"Kattegatvej 21, 2150 Nordhavn",2150,Nordhavn,55.719573,12.606682
STARK,STARK Shop Nørrebro,"Nørrebrogade 55, 2200 København N",2200,København N,55.689719,12.555529
STARK,STARK SHOP KBH S,"Amagerbrogade 73, 2300 København S",2300,København S,55.660303,12.605326
STARK,STARK City 24-7,"Fragtvej 9, 2450 København SV",2450,København SV,55.641202,12.536511
STARK,STARK Glostrup,"Fabriksparken 2, 2600 Glostrup",2600,Glostrup,55.685321,12.394820
STARK,STARK Brøndby,"Nyager 3A, 2605 Brøndby",2605,Brøndby,55.647055,12.386041
STARK,STARK Ishøj,"Industribuen 15, 2635 Ishøj",2635,Ishøj,55.617272,12.330956
STARK,STARK Hørsholm,"Kokkedal Industripark 7, 2980 Kokkedal",2980,Kokkedal,55.903473,12.481794
STARK,STARK Helsingør,"H C Ørsteds Vej 2-4, 3000 Helsingør",3000,Helsingør,56.028934,12.568079
STARK,STARK Græsted,"Græsted Stationsvej 78, 3230 Græsted",3230,Græsted,56.071715,12.285997
STARK,STARK Frederiksværk,"K.A. Larssensgade 7, 3300 Frederiksværk",3300,Frederiksværk,55.970160,12.015342
STARK,STARK Hillerød,"Industrivænget 16, 3400 Hillerød",3400,Hillerød,55.933242,12.276928
STARK,STARK Frederikssund,"Askelundsvej 3, 3600 Frederikssund",3600,Frederikssund,55.844187,12.071799
STARK,STARK Rønne,"Lillevangsvej 4, 3700 Rønne",3700,Rønne,55.092620,14.736184
STARK,STARK Allinge,"Pilegade 33, 3770 Allinge",3770,Allinge,55.275216,14.792910
STARK,STARK Roskilde C,"Ringstedgade 68, 4000 Roskilde",4000,Roskilde,55.635488,12.074839
STARK,STARK Roskilde Øst,"Industrivej 33, 4000 Roskilde",4000,Roskilde,55.645422,12.122579
STARK,STARK Ringsted,"Næstvedvej 29, 4100 Ringsted",4100,Ringsted,55.436825,11.792317
STARK,STARK Slagelse,"Nordvej 3, 4200 Slagelse",4200,Slagelse,55.412893,11.340986
STARK,STARK Holbæk,"Frejasvej 4, 4300 Holbæk",4300,Holbæk,55.705274,11.666268
STARK,STARK Kalundborg,"Nørre Allé 131, 4400 Kalundborg",4400,Kalundborg,55.683210,11.113774
STARK,STARK Nykøbing S.,"Vesterlyngvej 20, 4500 Nykøbing Sj",4500,Nykøbing Sj,55.927079,11.656096
STARK,STARK Køge,"Tangmosevej 104, 4600 Køge",4600,Køge,55.473365,12.186815
STARK,STARK Faxe,"Industriparken 16, 4640 Faxe",4640,Faxe,55.262681,12.107005
STARK,STARK Næstved,"Øverup Erhvervsvej 51, 4700 Næstved",4700,Næstved,55.253648,11.802828
STARK,STARK Nykøbing F.,"Energivej 7, 4800 Nykøbing F",4800,Nykøbing F,54.782288,11.882929
STARK,STARK Nakskov,"Rødbyvej 87, 4900 Nakskov",4900,Nakskov,54.826233,11.148945
STARK,STARK Maribo,"C. E. Christiansens Vej 8, 4930 Maribo",4930,Maribo,54.778867,11.501999
STARK,STARK Odense,"Jarlsberggade 10, 5000 Odense C",5000,Odense C,55.402290,10.376659
STARK,STARK Bogense,"Østre Havnevej 6, 5400 Bogense",5400,Bogense,55.567031,10.083602
STARK,STARK Middelfart,"Lollandsvej 2, 5500 Middelfart",5500,Middelfart,55.505773,9.765837
STARK,STARK Aarup,"Indre Ringvej 20, 5560 Aarup",5560,Aarup,55.378400,10.057511
STARK,STARK Faaborg,"Nyborgvej 52, 5600 Faaborg",5600,Faaborg,55.110869,10.227691
STARK,STARK Assens,"Søndre Ringvej 25, 5610 Assens",5610,Assens,55.260540,9.910003
STARK,STARK Tommerup,"Møllebakken 34, 5690 Tommerup",5690,Tommerup,55.322990,10.206339
STARK,STARK Svendborg,"Odensevej 116, 5700 Svendborg",5700,Svendborg,55.075722,10.579720
STARK,STARK JS Rudkøbing,"Schnohrsvej 40, 5900 Rudkøbing",5900,Rudkøbing,54.938863,10.731979
STARK,STARK JS Ærø,"Industrivej 5, 5960 Marstal",5960,Marstal,54.850563,10.503191
STARK,STARK Kolding,"Fabriksvej 3-5, 6000 Kolding",6000,Kolding,55.471557,9.475227
STARK,STARK Rødekro,"Skånevej 5-7, 6230 Rødekro",6230,Rødekro,55.069095,9.354429
STARK,STARK Sønderborg,"Jyllandsgade 19, 6400 Sønderborg",6400,Sønderborg,54.918530,9.816939
STARK,Stark - Arnum rør,"Stensbækvej 12, 6510 Gram",6510,Gram,55.251610,8.962215
STARK,STARK Esbjerg,"Kvaglundvej 81, 6705 Esbjerg Ø",6705,Esbjerg Ø,55.487205,8.475890
STARK,STARK Ribe,"Stampemøllevej 6, 6760 Ribe",6760,Ribe,55.325499,8.755873
STARK,STARK Varde,"Ringkøbingvej 13, 6800 Varde",6800,Varde,55.626093,8.481795
STARK,STARK Ølgod,"Nr Alle 1, 6870 Ølgod",6870,Ølgod,55.811027,8.620813
STARK,STARK Skjern,"Smedevej 6, 6900 Skjern",6900,Skjern,55.956699,8.497605
STARK,STARK Fredericia,"Nordre Ringvej 7, 7000 Fredericia",7000,Fredericia,55.587724,9.758315
STARK,STARK Vejle,"Ibæk Strandvej 5, 7100 Vejle",7100,Vejle,55.701611,9.547560
STARK,STARK Give,"Hjortsvangen 1, 7323 Give",7323,Give,55.860076,9.248871
STARK,STARK Brande,"Bonusvej 2, 7330 Brande",7330,Brande,55.954524,9.114616
STARK,STARK Herning,"Rønnevej 2, 7400 Herning",7400,Herning,56.150298,8.992142
STARK,STARK Ikast,"Industrivej 27, 7430 Ikast",7430,Ikast,56.125695,9.170421
STARK,STARK Holstebro,"Hjermvej 1, 7500 Holstebro",7500,Holstebro,56.379079,8.618902
STARK,STARK Lemvig,"Ringkøbingvej 10, 7620 Lemvig",7620,Lemvig,56.536584,8.304264
STARK,STARK Aarhus C,"Daugbjergvej 18, 8000 Aarhus C",8000,Aarhus C,56.155940,10.184740
STARK,STARK Skejby,"P.O. Pedersens Vej 5, 8200 Aarhus N",8200,Aarhus N,56.202425,10.188402
STARK,STARK Brabrand,"Edwin Rahrs Vej 60, 8220 Brabrand",8220,Brabrand,56.165406,10.114240
STARK,STARK RDC Click & Collect,"Rosbjergvej 25, 8220 Brabrand",8220,Brabrand,56.154141,10.057666
STARK,STARK Risskov,"Mosevej 1, 8240 Risskov",8240,Risskov,56.209367,10.236421
STARK,STARK Viby,"Gunnar Clausens Vej 3, 8260 Viby J",8260,Viby J,56.111353,10.127022
STARK,STARK Odder,"Banegårdsgade 27, 8300 Odder",8300,Odder,55.967864,10.149420
STARK,STARK Rønde,"Åkærsvej 2, 8410 Rønde",8410,Rønde,56.302201,10.463831
STARK,STARK Grenå,"Grønland 22A, 8500 Grenaa",8500,Grenaa,56.416501,10.876841
STARK,STARK Silkeborg,"Stagehøj Tværvej 13, 8600 Silkeborg",8600,Silkeborg,56.189819,9.565742
STARK,STARK Skanderborg,"Danmarksvej 20, 8660 Skanderborg",8660,Skanderborg,56.049284,9.945319
STARK,STARK Horsens,"Strandpromenaden 4, 8700 Horsens",8700,Horsens,55.860156,9.869106
STARK,STARK Horsens Syd,"Thorsvej 10, 8700 Horsens",8700,Horsens,55.849274,9.821049
STARK,STARK Hedensted,"Gesagervej 93, 8722 Hedensted",8722,Hedensted,55.783574,9.685856
STARK,STARK Viborg,"Industrivej 30, 8800 Viborg",8800,Viborg,56.469995,9.413422
STARK,STARK Randers,"Ydervangen 2, 8920 Randers NV",8920,Randers NV,56.485810,10.023736
STARK,STARK Aalborg,"Håndværkervej 5, 9000 Aalborg",9000,Aalborg,57.036950,9.928554
STARK,STARK Dronninglund,"Nørrevænget 2, 9330 Dronninglund",9330,Dronninglund,57.164845,10.293766
STARK,STARK Aabybro,"Mølhavevej 5, 9440 Aabybro",9440,Aabybro,57.152089,9.742032
STARK,STARK Hobro,"Lucernevej 2, 9500 Hobro",9500,Hobro,56.650055,9.800411
STARK,STARK Brønderslev,"Østergade 88, 9700 Brønderslev",9700,Brønderslev,57.261445,9.956103
STARK,STARK Frederikshavn,"Toftegårdsvej 14, 9900 Frederikshavn",9900,Frederikshavn,57.444261,10.499496
STS Biler,STS Biler A/S - Herning,"Allingevej 1, 7400 Herning",7400,Herning,56.152243,8.988200
Sander Biler,Sander Biler,"Lægårdsvej 34D, 8520 Lystrup",8520,Lystrup,56.228363,10.251750
Scania,Scania,"Måde Industrivej 18, 6705 Esbjerg Ø",6705,Esbjerg Ø,55.461358,8.498564
Scantruck,Scantruck,"Katkjærvej 5, 7800 Skive",7800,Skive,56.567196,8.999414
Seat,Auto-House Hvidovre A/S,"Gammel Køge Landevej 471, 2650 Hvidovre",2650,Hvidovre,55.624402,12.471719
Seat,Seat Kastrup,"Vadum Alle 40, 2770 Kastrup",2770,Kastrup,55.614180,12.611900
Seat,SEAT Holbæk,"Bilbyen 1, 4300 Holbæk",4300,Holbæk,55.704861,11.674315
Seehusen Biler,Seehusen Biler,"Bymosevej 7, 3200 Helsinge",3200,Helsinge,56.015713,12.199862
Sejs Svejbæk Biler,Sejs Svejbæk Biler,"Julsøvej 143A, 8600 Silkeborg",8600,Silkeborg,56.137959,9.619803
Select Car,Select Car A/S,"Oddesundvej 28, 6715 Esbjerg N",6715,Esbjerg N,55.514628,8.466286
Semler Mobility,Semler Mobility Ringsted,"Bragesvej 1, 4100 Ringsted",4100,Ringsted,55.429298,11.789316
Semler Mobility Risskov,SMC,"Ravnsøvej 4, 8240 Risskov",8240,Risskov,56.204082,10.251718
Semler Truck & Bus,Semler Truck & Bus A/S,"Kokbjerg 2, 6000 Kolding",6000,Kolding,55.533496,9.474347
Semler Truck & Bus,Semler Truck & Bus A/S,"Grydhøjparken 22, 8381 Tilst",8381,Tilst,56.181279,10.093623
Shelbys,Shelbys,"Smørmosevej 16, 2880 Bagsværd",2880,Bagsværd,55.754135,12.449443
Siim Båd og Motor,Siim Båd og Motor,"Knudlundvej 8, 8653 Them",8653,Them,56.099823,9.575911
Silvan,Silvan Kultorvet,"Købmagergade 69, 1150 København K",1150,København K,55.682110,12.574414
Silvan,Silvan Fisketorvet,"Kalvebod Brygge 59, 1561 København V",1561,København V,55.661194,12.560626
Silvan,Silvan Vesterbrogade,"Vesterbrogade 10, 1620 København V",1620,København V,55.673523,12.560664
Silvan,Silvan Frederiksberg,"Nordens Plads 8A, 2000 Frederiksberg C",2000,Frederiksberg C,55.671313,12.501415
Silvan,Silvan Amagerbrogade,"Amagerbrogade 25, 2300 København S",2300,København S,55.666020,12.599260
Silvan,Silvan Fields,"Arne Jacobsens Allé 12, 2300 København S",2300,København S,55.630999,12.575893
Silvan,Silvan Nørrebro,"Lygten 2M, 1, 2400 København NV",2400,København NV,55.704278,12.538726
Silvan,Silvan Valby,"Gl. Køgelandevej 85, 2500 Valby",2500,Valby,55.651949,12.509703
Silvan,Silvan Hvidovre,"Laurits Olsens Vej 1, 2650 Hvidovre",2650,Hvidovre,55.663544,12.475742
Silvan,Silvan Greve,"Ventrupparken 18, 2670 Greve",2670,Greve,55.592610,12.267943
Silvan,Silvan Vanløse,"Slotsherrensvej 123, 2720 Vanløse",2720,Vanløse,55.698329,12.472114
Silvan,Silvan Ballerup,"Tempovej 3-5, 2750 Ballerup",2750,Ballerup,55.722582,12.383685
Silvan,Silvan Tårnby,"Kirstinehøj 64, 2770 Kastrup",2770,Kastrup,55.615769,12.609981
Silvan,Silvan Lyngby Hovedgade,"Lyngby Hovedgade 66, 2800 Kongens Lyngby",2800,Kongens Lyngby,55.770619,12.503085
Silvan,Silvan Gladsaxe,"Gladsaxe Møllevej 27, 2860 Søborg",2860,Søborg,55.735611,12.475213
Silvan,Silvan Helsingør,"H C Ørsteds Vej 12, 3000 Helsingør",3000,Helsingør,56.029393,12.569415
Silvan,Silvan Græsted,"Græsted Stationsvej 78, 3230 Græsted",3230,Græsted,56.071609,12.287010
Silvan,Silvan Birkerød,"Birkerød Kongevej 49-57, 3460 Birkerød",3460,Birkerød,55.840345,12.440708
Silvan,Silvan Farum,"Gammelgårdsvej 93, 3520 Farum",3520,Farum,55.822011,12.373336
Silvan,Silvan Frederikssund,"Askelundsvej 3, 3600 Frederikssund",3600,Frederikssund,55.844655,12.072252
Silvan,Silvan Roskilde,"Industrivej 26, 4000 Roskilde",4000,Roskilde,55.643818,12.120578
Silvan,Silvan Slagelse,"Nordvej 1, 4200 Slagelse",4200,Slagelse,55.411976,11.342356
Silvan,Silvan Nykøbing S,"Vesterlyngvej 20, 4500 Nykøbing Sj",4500,Nykøbing Sj,55.926972,11.656840
Silvan,Silvan Køge,"Gl. Lyngvej 2B, 4600 Køge",4600,Køge,55.483198,12.186134
Silvan,Silvan Næstved,"Østre Ringvej 65, 4700 Næstved",4700,Næstved,55.237243,11.779094
Silvan,Silvan Nykøbing F,"Holger Brodthagensvej 14, 4800 Nykøbing F",4800,Nykøbing F,54.753582,11.899003
Silvan,Silvan Maribo,"Østre Landevej 47, 4930 Maribo",4930,Maribo,54.778035,11.517099
Silvan,Silvan Odense C,"Roersvej 33, 5000 Odense C",5000,Odense C,55.393680,10.367627
Silvan,Silvan Odense M,"Rødegårdsvej 184, 5230 Odense M",5230,Odense M,55.380169,10.423004
Silvan,Silvan Svendborg,"Ole Rømers Vej 52, 5700 Svendborg",5700,Svendborg,55.060718,10.584234
Silvan,Silvan Nyborg,"Vestergade 31, 5800 Nyborg",5800,Nyborg,55.317594,10.783062
Silvan,Silvan Kolding,"Mosevej 1B, 6000 Kolding",6000,Kolding,55.471088,9.469838
Silvan,Silvan Sønderborg,"Grundtvigs Allé 188, 6400 Sønderborg",6400,Sønderborg,54.922128,9.811631
Silvan,Silvan Esbjerg,"Østre Gjesingvej 10, 6715 Esbjerg N",6715,Esbjerg N,55.503853,8.454642
Silvan,Silvan Fredericia,"Ndr. Ringvej 7, 7000 Fredericia",7000,Fredericia,55.587631,9.757389
Silvan,Silvan Vejle,"Damhaven 7, 7100 Vejle",7100,Vejle,55.703832,9.527739
Silvan,Silvan Aarhus Silkeborgvej,"Silkeborgvej 39, 8000 Aarhus C",8000,Aarhus C,56.155986,10.181268
Silvan,Silvan Lille Torv,"Lille Torv 6, 8000 Aarhus C",8000,Aarhus C,56.157803,10.206928
Silvan,Silvan Bruuns Galleri,"M.P. Bruuns Gade 25, 8000 Aarhus C",8000,Aarhus C,56.149100,10.204700
Silvan,Silvan Skejby,"Graham Bells Vej 3, 8200 Århus N",8200,Århus N,56.201979,10.181405
Silvan,Silvan Viby,"Skanderborgvej 190, 8260 Viby J",8260,Viby J,56.128561,10.161617
Silvan,Silvan Grenå,"Grønland 22, 8500 Grenå",8500,Grenå,56.416415,10.876407
Silvan,Silvan Silkeborg,"Bredhøjvej 34, 8600 Silkeborg",8600,Silkeborg,56.187196,9.549253
Silvan,Silvan Horsens,"Frederik Winthers Vej 4, 8700 Horsens",8700,Horsens,55.859822,9.871109
Silvan,Silvan Viborg,"Industrivej 28, 8800 Viborg",8800,Viborg,56.469350,9.412809
Silvan,Silvan Randers,"Ydervangen 2, 8920 Randers NV",8920,Randers NV,56.486505,10.024277
Silvan,Silvan Aalborg,"Håndværkervej 21-23, 9000 Aalborg",9000,Aalborg,57.033839,9.927439
Skads Blomster,Skads Blomster,"Skads Blomstervej 6, 6705 Esbjerg Ø",6705,Esbjerg Ø,55.502086,8.569156
Skanderborg Bilcentrum,Skanderborg Bilcentrum A/S,"Grønlandsvej 6, 8660 Skanderborg",8660,Skanderborg,56.052119,9.959471
Skifter Lastbil,Skifter Lastbil,"Industrivej 11B, 6330 Padborg",6330,Padborg,54.831279,9.350570
Skinbjerg Auto,Skinbjerg Auto,"Hjørringvej 173, 9400 Nørresundby",9400,Nørresundby,57.083322,9.962271
Skive Bilhus,Skive Bilhus ApS,"Katkjærvej 26, 7800 Skive",7800,Skive,56.567409,8.995369
Skov & Nielsen,Skov & Nielsen ApS,"Industrivej 58, 6740 Bramming",6740,Bramming,55.469101,8.671171
Skovlund Auto,Skovlund Auto,"Skovlundvej 1A, 7830 Vinderup",7830,Vinderup,56.475741,8.797195
Skårup Autohandel,Skårup Autohandel,"Nyborgvej 487, 5881 Skårup Fyn",5881,Skårup Fyn,55.096964,10.701351
Slagelse Camping Center,Slagelse Camping Center,"Karolinevej 2, 4200 Slagelse",4200,Slagelse,55.397646,11.329089
Smart Autohus,Smart Autohus ApS,"Silkeborgvej 2, 8700 Horsens",8700,Horsens,55.872714,9.828252
Solbjerg Havecenter,Solbjerg Havecenter,"Onstedvej 2, 8355 Solbjerg",8355,Solbjerg,56.029654,10.063723
Sondrup Bilcenter,Sondrup Bilcenter,"Ravnsøvej 40E, 8240 Risskov",8240,Risskov,56.202402,10.245478
Sorø Bilcenter,Sorø Bilcenter ApS,"Holbækvej 108, 4180 Sorø",4180,Sorø,55.448291,11.557995
Spar to biler,Spar to biler,"Roskildevej 549, 2605 Brøndby",2605,Brøndby,55.667434,12.419332
Spørring Planteskole,Spørring Planteskole,"Randersvej 570, 8380 Trige",8380,Trige,56.282896,10.151477
Starmark Engros,Starmark Engros,"Herredsvej 30, 7100 Vejle",7100,Vejle,55.744720,9.584069
Staudeengen,Staudeengen,"Gunderstedvej 24, 9240 Nibe",9240,Nibe,56.898040,9.485211
Staurbyskov Havecenter,Staurbyskov Havecenter,"Staurbyskovvej 23, 5500 Middelfart",5500,Middelfart,55.515813,9.777461
Stengaard Biler,Stengaard Biler,"Fjeldhammervej 23, 2610 Rødovre",2610,Rødovre,55.674482,12.438031
Stig Rasmussen Automobiler,Stig Rasmussen AutomobilerA/S,"Industrivej 11, 4230 Skælskør",4230,Skælskør,55.254254,11.318364
Stiholt Erhverv,Stiholt Erhverv A/S - Esbjerg,"Uglvigvej 8, 6705 Esbjerg Ø",6705,Esbjerg Ø,55.479003,8.498653
Stiholt Erhverv,Stiholt Erhverv A/S - Aalborg,"Tarmvej 2, 9220 Aalborg Øst",9220,Aalborg Øst,57.027371,9.975106
Store Magleby Blomster,Store Magleby Blomster,"Gartnerstræde 8, 2791 Dragør",2791,Dragør,55.596724,12.631843
Storstrøms Camping Service,Storstrøms Camping Service,"Nykøbingvej 58, 4840 Nørre Alslev",4840,Nørre Alslev,54.890229,11.859381
Strand Biler,Strand Biler A/S,"Hedevej 8, 6740 Bramming",6740,Bramming,55.460631,8.713888
Strandvejens Auto,Strandvejens Auto,"Trafikcenter Alle 3, 4200 Slagelse",4200,Slagelse,55.386658,11.364803
Supergrønt Plantecenter,Supergrønt Plantecenter,"Venusvej 4, 7000 Fredericia",7000,Fredericia,55.567481,9.722565
Suzuki,Carsten Andersen Biler ApS,"Gammel Køge Landevej 248, 2650 Hvidovre",2650,Hvidovre,55.637766,12.495484
Suzuki,Harris Hansen Biler A/S,"Fabriksvej 7, 3000 Helsingør",3000,Helsingør,56.023645,12.568393
Suzuki,Selch Biler A/S,"Birkerød Kongevej 85, 3460 Birkerød",3460,Birkerød,55.844653,12.432909
Suzuki,Suzuki Frederikssund,"Pedersholmparken 3, 3600 Frederikssund",3600,Frederikssund,55.824839,12.094094
Suzuki,M. Skotte Automobiler ApS,"Herningvej 24A, 4800 Nykøbing F",4800,Nykøbing F,54.779797,11.879620
Suzuki,Bakke Biler A/S,"Hirsevej 7, 6100 Haderslev",6100,Haderslev,55.236651,9.502053
Suzuki,Tang Biler A/S,"Skaadsmosevej 14, 6950 Ringkøbing",6950,Ringkøbing,56.086226,8.275110
Suzuki,DK Automobiler A/S,"Dandyvej 5, 7100 Vejle",7100,Vejle,55.727180,9.580274
Suzuki,Autogaarden Ikast A/S,"E Christensens Vej 2, 7430 Ikast",7430,Ikast,56.139551,9.145913
Suzuki,"Tang Biler, Holstebro A/S","Nybo Bakke 1, 7500 Holstebro",7500,Holstebro,56.341069,8.637993
Suzuki,Ernst Jensen Biler,"Viborgvej 50A, 7800 Skive",7800,Skive,56.558918,9.050035
Suzuki,Junges Automobiler,"Samsøvej 26, 8382 Hinnerup",8382,Hinnerup,56.249283,10.071551
Suzuki,Ole Winther Auto A/S,"Høegh Guldbergs Gade 38, 8700 Horsens",8700,Horsens,55.853034,9.849029
Suzuki,Suzuki Hobro,"Randersvej 91, 9500 Hobro",9500,Hobro,56.616907,9.807479
Suzuki,H. J. Nielsen,"Svinkløvvej 85, 9690 Fjerritslev",9690,Fjerritslev,57.096633,9.293073
Suzuki,Suzuki Brønderslev,"Østergade 65, 9700 Brønderslev",9700,Brønderslev,57.263945,9.951585
Suzuki,ABS Auto,"Frederikshavnsvej 256, 9800 Hjørring",9800,Hjørring,57.455531,10.029292
Suzuki-Mazda i,Suzuki-Mazda i Vejen,"Søndergade 109, 6600 Vejen",6600,Vejen,55.465744,9.134260
Svane Køkkenet,Svane Køkkenet København K,"Gothersgade 12, 1123 København K",1123,København K,55.681892,12.584166
Svane Køkkenet,Svane Køkkenet København,"Gammel Kongevej 99, 1850 Frederiksberg C",1850,Frederiksberg C,55.675006,12.547228
Svane Køkkenet,Svane Køkkenet Glostrup,"Tjalfesvej 15, 2600 Glostrup",2600,Glostrup,55.662399,12.374255
Svane Køkkenet,Svane Køkkenet Lyngby,"Jernbanepladsen 1, 2800 Kongens Lyngby",2800,Kongens Lyngby,55.768013,12.505771
Svane Køkkenet,Svane Køkkenet Hillerød,"Frejasvej 32, 3400 Hillerød",3400,Hillerød,55.933335,12.284206
Svane Køkkenet,Svane Køkkenet Roskilde,"Ringstedgade 78, 4000 Roskilde",4000,Roskilde,55.633900,12.072964
Svane Køkkenet,Svane Køkkenet Slagelse,"Japanvej 9, 4200 Slagelse",4200,Slagelse,55.387985,11.325713
Svane Køkkenet,Svane Køkkenet Holbæk,"Stenhusvej 68A, 4300 Holbæk",4300,Holbæk,55.703255,11.668987
Svane Køkkenet,Svane Køkkenet Køge,"Gammel Lyngvej 25C, 4600 Køge",4600,Køge,55.482208,12.181336
Svane Køkkenet,Svane Køkkenet Næstved,"Holsted Park 8B, 4700 Næstved",4700,Næstved,55.250076,11.779600
Svane Køkkenet,Svane Køkkenet Odense,"Rødegårdsvej 209A, 5230 Odense M",5230,Odense M,55.379288,10.422306
Svane Køkkenet,Svane Køkkenet Svendborg,"Odensevej 2, 5700 Svendborg",5700,Svendborg,55.065383,10.587655
Svane Køkkenet,Svane Køkkenet Kolding,"Skovvangen 59B, 6000 Kolding",6000,Kolding,55.509868,9.456828
Svane Køkkenet,Svane Køkkenet Aabenraa,"Løgumklostervej 145, 6200 Aabenraa",6200,Aabenraa,55.053784,9.398623
Svane Køkkenet,Svane Køkkenet Esbjerg,"Stormgade 133, 6715 Esbjerg N",6715,Esbjerg N,55.502753,8.453566
Svane Køkkenet,Svane Køkkenet Vejle,"Løversysselvej 3A, 7100 Vejle",7100,Vejle,55.730683,9.594479
Svane Køkkenet,Svane Køkkenet Herning,"Silkeborgvej 80F, 7400 Herning",7400,Herning,56.132990,8.992808
Svane Køkkenet,Svane Køkkenet Holstebro,"Gartnerivej 2A, 7500 Holstebro",7500,Holstebro,56.377077,8.615484
Svane Køkkenet,Svane Køkkenet Skive,"Albert Diges Vej 1, 7800 Skive",7800,Skive,56.563894,9.029015
Svane Køkkenet,Svane Køkkenet Aarhus,"Vintervej 9, 8210 Aarhus V",8210,Aarhus V,56.175558,10.148318
Svane Køkkenet,Svane Køkkenet Silkeborg,"Viborgvej 17, 8600 Silkeborg",8600,Silkeborg,56.184850,9.541914
Svane Køkkenet,Svane Køkkenet Horsens,"Jessensgade 2, 8700 Horsens",8700,Horsens,55.861931,9.843814
Svane Køkkenet,Svane Køkkenet Viborg,"Livøvej 9C, 8800 Viborg",8800,Viborg,56.450301,9.370060
Svane Køkkenet,Svane Køkkenet Randers,"Nikkelvej 5, 8940 Randers SV",8940,Randers SV,56.429002,10.053753
Svane Køkkenet,Svane Køkkenet Aalborg,"Fiskene 29, 9200 Aalborg SV",9200,Aalborg SV,56.998700,9.867946
Svane Køkkenet,Svane Køkkenet Sæby,"Sdr. Ringvej 23, 9300 Sæby",9300,Sæby,57.330727,10.529370
Svane Køkkenet,Svane Køkkenet Aars,"Løgstørvej 20, 9600 Aars",9600,Aars,56.801745,9.500670
Svane Køkkenet,Svane Køkkenet Hjørring,"Farøvej 1C, 9800 Hjørring",9800,Hjørring,57.453632,10.017202
Svend Wind Automobiler,Svend Wind Automobiler,"Frifelt 1, 6280 Højer",6280,Højer,54.973610,8.700082
SvendborgSund Plantesalg,SvendborgSund Plantesalg,"Sundbrovej 26, 5700 Svendborg",5700,Svendborg,55.028747,10.609146
Søndergaard Biler,Søndergaard Biler,"Vejrup Storegade 61, 6740 Bramming",6740,Bramming,55.520395,8.774539
Sørensen Biler,Sørensen Biler,"Frederikshavnsvej 36, 9800 Hjørring",9800,Hjørring,57.455639,10.003272
TA Automobiler,TA Automobiler,"Ole Rømers Vej 9, 6760 Ribe",6760,Ribe,55.352457,8.780292
TARUP Campingcenter,TARUP Campingcenter,"Agerhatten 31, 5220 Odense SØ",5220,Odense SØ,55.365631,10.467091
TJ AUTOMOBILER,TJ AUTOMOBILER ApS,"Dornen 16, 6715 Esbjerg N",6715,Esbjerg N,55.525380,8.456538
Tarp Auto Center,Tarp Auto Center,"Dornen 16, 6715 Esbjerg N",6715,Esbjerg N,55.525682,8.457063
Terminalen,Terminalen Taastrup A/S,"Øtoftegårdsvej 2, 2630 Taastrup",2630,Taastrup,55.654830,12.280546
Terminalen,Terminalen Birkerød A/S,"Bistrupvej 126, 3460 Birkerød",3460,Birkerød,55.826989,12.429404
Terminalen,Terminalen Odense A/S,"Rolundvej 11, 5260 Odense S",5260,Odense S,55.350296,10.408556
Tesla,Tesla Greve,"Korskildelund 2, 2670 Greve",2670,Greve,55.586975,12.251103
Tesla,Tesla Store and Service Center,"Kirstinehøj 43, 2770 Kastrup",2770,Kastrup,55.614456,12.613564
Tesla,Tesla Hillerød,"Lokesvej 8, 3400 Hillerød",3400,Hillerød,55.929811,12.260976
Tesla,Tesla Køge,"Centervej 6, 4600 Køge",4600,Køge,55.492365,12.166629
Tesla,Tesla Odense,"Svendborgvej 275, 5260 Odense S",5260,Odense S,55.346991,10.413728
Tesla,Tesla Ribe N,"Ole Rømers Vej 11, 6760 Ribe",6760,Ribe,55.353407,8.778875
Tesla,Tesla Aarhus Sales,"Bredskiftevej 20E, 8210 Aarhus V",8210,Aarhus V,56.177698,10.138831
Therkildsen Biler,Therkildsen Biler ApS,"Erhvervsparken 6, 9500 Hobro",9500,Hobro,56.653304,9.793907
Thomsens Auto,Thomsens Auto,"Egelund 11, 6340 Kruså",6340,Kruså,54.847806,9.448741
Thorkild Pedersen Automobiler,Thorkild Pedersen Automobiler,"Fælledvej 25, 7600 Struer",7600,Struer,56.475242,8.584359
Thybo Biler,Thybo Biler,"Nybovej 55, 7500 Holstebro",7500,Holstebro,56.333495,8.648990
Thymes Planteskole,Thymes Planteskole,"Gammel Hastrupvej 1, 4600 Køge",4600,Køge,55.430680,12.158346
Toftegaard Biler,Toftegaard Biler A/S,"Tåstruphøj 44, 4300 Holbæk",4300,Holbæk,55.697347,11.725377
Toksværd Planteskole,Toksværd Planteskole,"Landevejen 38, 4684 Holmegaard",4684,Holmegaard,55.257875,11.877626
Toyota,Krogsgaard-Jensen Automobiler A/S,"Tagensvej 148, 2200 København N",2200,København N,55.705148,12.545183
Toyota,Via Biler A/S - Valby,"Gammel Køge Landevej 127, 2500 Valby",2500,Valby,55.646540,12.504890
Toyota,Via Biler A/S - Brøndby,"Vibeholmsvej 26, 2605 Brøndby",2605,Brøndby,55.665907,12.417199
Toyota,Krogsgaard-Jensen Automobiler,"Islevdalvej 93, 2610 Rødovre",2610,Rødovre,55.694510,12.432415
Toyota,Via Biler A/S - Amager,"Englandsvej 395, 2770 Kastrup",2770,Kastrup,55.620485,12.605513
Toyota,Krogsgaard-Jensen Automobiler,"Brogårdsvej 44, 2820 Gentofte",2820,Gentofte,55.754195,12.535009
Toyota,Djarlo Automobiler A/S,"Skodsborgvej 305C, 2850 Nærum",2850,Nærum,55.816203,12.530635
Toyota,Era Biler A/S - Helsinge,"Rundinsvej 39, 3200 Helsinge",3200,Helsinge,56.017154,12.198521
Toyota,ERA BILER A/S - Hillerød,"Gefionsvej 10, 3400 Hillerød",3400,Hillerød,55.933974,12.268314
Toyota,Era Biler Frederikssund,"Pedersholmparken 4, 3600 Frederikssund",3600,Frederikssund,55.824128,12.090512
Toyota,Midtbornholms Auto,"Brovangen 20, 3720 Aakirkeby",3720,Aakirkeby,55.073655,14.909677
Toyota,Toyota Ringsted,"Frejasvej 37, 4100 Ringsted",4100,Ringsted,55.430687,11.802629
Toyota,Autohallen A/S - Slagelse,"Trafikcenter Alle 1, 4200 Slagelse",4200,Slagelse,55.387334,11.363810
Toyota,Niels H. Ebdrup A/S,"Tåstruphøj 1, 4300 Holbæk",4300,Holbæk,55.699933,11.724252
Toyota,Autohallen A/S - Kalundborg,"Slagelsevej 242, 4400 Kalundborg",4400,Kalundborg,55.663169,11.129027
Toyota,Toyota Køge,"Tangmosevej 106, 4600 Køge",4600,Køge,55.473883,12.185662
Toyota,Børge Pedersen Automobiler A/S - Næstved,"Marinebuen 1B, 4700 Næstved",4700,Næstved,55.252480,11.793302
Toyota,"Frimann Biler, Nyk F","Energivej 2, 4800 Nykøbing F",4800,Nykøbing F,54.779584,11.882783
Toyota,Frimann Biler A/S - Maribo,"C. E. Christiansens Vej 45, 4930 Maribo",4930,Maribo,54.780173,11.514487
Toyota,Via Biler A/S - Odense M,"Stærmosegårdsvej 54, 5230 Odense M",5230,Odense M,55.380487,10.425347
Toyota,Toyota Fåborg,"Smedemestervej 2, 5600 Faaborg",5600,Faaborg,55.108615,10.232776
Toyota,A/S Mogens Frederiksen Automobiler - Svendborg,"Odensevej 56, 5700 Svendborg",5700,Svendborg,55.069357,10.585108
Toyota,Via Biler A/S - Svendborg,"Odensevej 56, 5700 Svendborg",5700,Svendborg,55.069466,10.584606
Toyota,A/S Mogens Frederiksen Automobiler - Nyborg,"Vestergade 39, 5800 Nyborg",5800,Nyborg,55.319238,10.779123
Toyota,Bil & Co. A/S - Kolding,"Ambolten 5, 6000 Kolding",6000,Kolding,55.465192,9.473159
Toyota,Bil & Co. A/S - Haderslev,"Christian X's Vej 1C, 6100 Haderslev",6100,Haderslev,55.265219,9.497109
Toyota,Bil & Co. A/S - Aabenraa,"Flensborgvej 174, 6200 Aabenraa",6200,Aabenraa,55.020926,9.433220
Toyota,Toyota,"Vestermarksvej 5, 6600 Vejen",6600,Vejen,55.491833,9.129041
Toyota,Louis Lund - Esbjerg,"Hededammen 2, 6705 Esbjerg Ø",6705,Esbjerg Ø,55.486097,8.496225
Toyota,Louis Lund A/S - Ribe,"Industrivej 36, 6760 Ribe",6760,Ribe,55.355781,8.774426
Toyota,Louis Lund - Varde,"Jeppe Skovgaards Vej 21, 6800 Varde",6800,Varde,55.600675,8.497790
Toyota,Autoforum Ringkøbing A/S,"Sjællandsgade 3, 6950 Ringkøbing",6950,Ringkøbing,56.086337,8.279753
Toyota,ATbiler A/S - Fredericia,"Vejlevej 117, 7000 Fredericia",7000,Fredericia,55.568800,9.714707
Toyota,ATbiler A/S - Vejle,"Haderslevvej 1, 7100 Vejle",7100,Vejle,55.732390,9.596366
Toyota,ATbiler A/S - Give,"Tykhøjetvej 2, 7323 Give",7323,Give,55.854139,9.246830
Toyota,STS Biler A/S - Holstebro,"Bastrupgårdvej 1, 7500 Holstebro",7500,Holstebro,56.383023,8.612225
Toyota,Toyota SDS Biler,"Lundholmvej 1, 7500 Holstebro",7500,Holstebro,56.378310,8.618146
Toyota,Toyota STS Biler A/S,"Industrivej 47, 7620 Lemvig",7620,Lemvig,56.541303,8.295146
Toyota,Toyota Thisted,"Silstrupvej 1, 7700 Thisted",7700,Thisted,56.936582,8.645360
Toyota,STS Biler,"Viborgvej 1, 7800 Skive",7800,Skive,56.564249,9.036504
Toyota,Toyota Nykøbing Mors,"Fruevej 30, 7900 Nykøbing M",7900,Nykøbing M,56.785517,8.845288
Toyota,Via Biler A/S - Aarhus Nord,"Øsselbjergvej 1, 8250 Egå",8250,Egå,56.208220,10.270095
Toyota,Via Biler A/S - Aarhus Syd,"Søren Nymarks Vej 2, 8270 Højbjerg",8270,Højbjerg,56.111396,10.157631
Toyota,Probiler A/S,"Ballevej 14, 8300 Odder",8300,Odder,55.985499,10.143825
Toyota,Via Biler A/S - Silkeborg,"Thrigesvej 1, 8600 Silkeborg",8600,Silkeborg,56.198709,9.561934
Toyota,ATbiler A/S - Horsens,"Høegh Guldbergs Gade 31, 8700 Horsens",8700,Horsens,55.851001,9.848289
Toyota,Toyota Viborg,"Gl. Skivevej 80, 8800 Viborg",8800,Viborg,56.470659,9.397198
Toyota,Toyota Randers,"Kristrupvej 168, 8960 Randers SØ",8960,Randers SØ,56.443227,10.074157
Toyota,SDKbiler,"Riihimækivej 4, 9200 Aalborg SV",9200,Aalborg SV,57.020919,9.899902
Toyota,SDKbiler A/S,"Sundsholmen 13, 9400 Nørresundby",9400,Nørresundby,57.066404,9.950361
Toyota,Toyota Brovst,"Aalborgvej 38, 9460 Brovst",9460,Brovst,57.110655,9.590838
Toyota,Lihn & Boi A/S - Hobro,"Thurøvej 5, 9500 Hobro",9500,Hobro,56.625388,9.806942
Toyota,Toyota Hadsund,"Bygmestervej 5, 9560 Hadsund",9560,Hadsund,56.730570,10.106647
Toyota,MTH Biler A/S - Års,"Hjortkjærsvej 12, 9600 Aars",9600,Aars,56.806369,9.502804
Toyota,MTH Biler A/S - Løgstør,"Aalborgvej 1, 9670 Løgstør",9670,Løgstør,56.969887,9.279096
Toyota,SDK Biler A/S Brønderslev,"Markedsvej 127, 9700 Brønderslev",9700,Brønderslev,57.271370,9.968208
Toyota,ADS Biler A/S,"Maigårdsvej 8, 9900 Frederikshavn",9900,Frederikshavn,57.447588,10.503191
Toyota,Novabil Frederikshavn,"Maigårdsvej 7, 9900 Frederikshavn",9900,Frederikshavn,57.446632,10.497547
Tranberg Bilsalg,Tranberg Bilsalg,"Fynsvej 117, 6000 Kolding",6000,Kolding,55.498165,9.496296
Trio Biler,Trio Biler ApS,"Brøndbytoften 7, 2605 Brøndby",2605,Brøndby,55.658436,12.436584
Trio Biler,Trio Biler ApS,"Energivej 22, 2750 Ballerup",2750,Ballerup,55.724528,12.379339
Trust Auto,Trust Auto,"Freltofte 6, 6400 Sønderborg",6400,Sønderborg,54.934001,9.732579
Trust Auto,Trust Auto,"Ellegårdvej 34, 6400 Sønderborg",6400,Sønderborg,54.928609,9.805030
Tvergaard Biler,Tvergaard Biler,"Sydhavnsvej 5, 3390 Hundested",3390,Hundested,55.962746,11.849403
Tvis Køkken,Tvis Køkken København City,"Gyldenløvesgade 2, 1369 København K",1369,København K,55.680138,12.563609
Tvis Køkken,Tvis Køkken København Ø,"Jagtvej 207, 2100 København Ø",2100,København Ø,55.708446,12.572742
Tvis Køkken,Tvis Køkken Greve,"Kildebrønde Landevej 6, 2670 Greve",2670,Greve,55.609314,12.264386
Tvis Køkken,Tvis Køkken Kongens Lyngby,"Lyngby Hovedgade 84E, 2800 Kongens Lyngby",2800,Kongens Lyngby,55.767756,12.506622
Tvis Køkken,Tvis Køkken Hillerød,"Frederiksværksgade 115A, 3400 Hillerød",3400,Hillerød,55.939491,12.276872
Tvis Køkken,Tvis Køkken Roskilde,"Støden 9, 4000 Roskilde",4000,Roskilde,55.640493,12.074857
Tvis Køkken,Tvis Køkken Slagelse,"Japanvej 11, 4200 Slagelse",4200,Slagelse,55.387815,11.325434
Tvis Køkken,Tvis Køkken Holbæk,"Kanalstræde 6, 4300 Holbæk",4300,Holbæk,55.720212,11.713616
Tvis Køkken,Tvis Køkken Køge,"Brogade 7F, 4600 Køge",4600,Køge,55.455465,12.183336
Tvis Køkken,Tvis Køkken Odense,"Grønløkkevej 6L, 5000 Odense C",5000,Odense C,55.393563,10.364673
Tvis Køkken,Køkken Galleri Sønderborg,"Sjællandsgade 12, 6400 Sønderborg",6400,Sønderborg,54.918057,9.812234
Tvis Køkken,Tvis Køkken Esbjerg,"Østre Gjesingvej 13E, 6715 Esbjerg N",6715,Esbjerg N,55.506293,8.456659
Tvis Køkken,Tvis Køkken Grindsted,"Trehøjevej 25A, 7200 Grindsted",7200,Grindsted,55.763155,8.899182
Tvis Køkken,Tvis Køkken Holstebro,"Gartnerivej 1, 7500 Holstebro",7500,Holstebro,56.376244,8.614117
Tvis Køkken,Tvis Køkken Skive,"Viborgvej 16E, 7800 Skive",7800,Skive,56.560908,9.044675
Tvis Køkken,Tvis Køkken Aarhus,"Agerøvej 17, 8381 Tilst",8381,Tilst,56.182007,10.110735
Tvis Køkken,Tvis Køkken Hammel,"Banealle 6D, 8450 Hammel",8450,Hammel,56.254181,9.863804
Tvis Køkken,Tvis Køkken Silkeborg,"Navervej 1, 8600 Silkeborg",8600,Silkeborg,56.182313,9.536984
Tvis Køkken,Tvis Køkken Viborg,"Ålandsvej 1E, 8800 Viborg",8800,Viborg,56.458407,9.370258
Tvis Køkken,Tvis Køkken Aalborg,"Stenbukken 18, 9200 Aalborg SV",9200,Aalborg SV,56.997796,9.868860
UJS Biler,UJS Biler,"Tigervej 5, 7700 Thisted",7700,Thisted,56.964992,8.730507
UJS Biler,UJS Biler Viborg ApS,"Gl. Skivevej 83A, 8800 Viborg",8800,Viborg,56.464716,9.402067
US Garage,US Garage,"Skjoldborgsvej 48, 7000 Fredericia",7000,Fredericia,55.569083,9.731833
Uggerhøj,Uggerhøj Herning A/S,"Wedellsborgvej 1, 7400 Herning",7400,Herning,56.150419,8.935733
Uggerhøj,Uggerhøj Aarhus A/S,"Slet Parkvej 2, 8310 Tranbjerg J",8310,Tranbjerg J,56.103694,10.147190
Uggerhøj,Uggerhøj Horsens A/S,"Høegh Guldbergs Gade 46, 8700 Horsens",8700,Horsens,55.851258,9.847132
Uggerhøj,Uggerhøj A/S,"Enggårdsgade 74, 9000 Aalborg",9000,Aalborg,57.025097,9.915563
Uggerhøj,Uggerhøj Hjørring A/S,"Frederikshavnsvej 5, 9800 Hjørring",9800,Hjørring,57.456165,9.999898
Uggerhøj,Uggerhøj A/S Frederikshavn,"Søndergade 244, 9900 Frederikshavn",9900,Frederikshavn,57.419654,10.521716
Uggerhøj Nordsjælland,Uggerhøj Nordsjælland,"Kokkedal Industripark 25, 2980 Kokkedal",2980,Kokkedal,55.904203,12.484773
Uni-Safe,Uni-Safe,"Valseholmen 15, 2650 Hvidovre",2650,Hvidovre,55.610799,12.474405
V.F. Biler,V.F. Biler,"Vejrup Industrivej 7, 6740 Bramming",6740,Bramming,55.521812,8.772542
VICA,VICA Showroom Køge,"Industrivej 2, 4600 Køge",4600,Køge,55.504778,12.198829
Vadum Havecenter,Vadum Havecenter,"Vadum Kirkevej 63, 9430 Vadum",9430,Vadum,57.114380,9.883123
Valby Auto,Valby Auto,"Folehaven 106A, 2500 Valby",2500,Valby,55.652359,12.495331
Vangskov Biler,Vangskov Biler A/S,"Sydvestvej 121, 2600 Glostrup",2600,Glostrup,55.660928,12.372942
Varde Biler,Varde Biler - Ølgod afdeling,"Industrivej 17, 6870 Ølgod",6870,Ølgod,55.814387,8.625290
Varde Have og Skovmaskiner,Varde Have og Skovmaskiner,"Tømrervej 30, 6800 Varde",6800,Varde,55.603568,8.500442
Vejen Biler,Vejen Biler,"Industrivej Vest 40, 6600 Vejen",6600,Vejen,55.491093,9.114225
Vejlebo & Larsen,Vejlebo & Larsen ApS,"Maglegårdsvej 5B, 4000 Roskilde",4000,Roskilde,55.628704,12.079052
Vejlebo & Larsen,Vejlebo & Larsen ApS,"Mellemvang 1, 4300 Holbæk",4300,Holbæk,55.700687,11.725217
Vejrup Auto,Vejrup Auto,"Vejrup Storegade 71, 6740 Bramming",6740,Bramming,55.521194,8.763685
Vendelbo Vans,Vendelbo Vans,"Damhusvej 23, 9830 Tårs",9830,Tårs,57.389488,10.116163
Verner Bruun Biler,Verner Bruun Biler,"Ørstedsvej 18, 6760 Ribe",6760,Ribe,55.351051,8.772887
Vestjysk Bilhus,Vestjysk Bilhus A/S,"Falkevej 16, 6705 Esbjerg Ø",6705,Esbjerg Ø,55.493142,8.464637
Vig Planteskole,Vig Planteskole,"Kelstrupvej 2, 4560 Vig",4560,Vig,55.837186,11.570838
Villebøl Hobby og Havecenter,Villebøl Hobby og Havecenter,"Villebølvej 11, 6760 Ribe",6760,Ribe,55.399828,8.881669
Vilvordes Planteskole,Vilvordes Planteskole,"Søndermarksvej 2B, 4000 Roskilde",4000,Roskilde,55.622937,12.096260
Vinther Biler,Vinther Biler,"Hovedvejen 180, 4320 Lejre",4320,Lejre,55.554468,11.952444
Volkswagen,Volkswagen København,"Banevingen 9, 2200 København N",2200,København N,55.706346,12.543465
Volkswagen,Volkswagen Glostrup,"Hovedvejen 193, 2600 Glostrup",2600,Glostrup,55.663794,12.375972
Volkswagen,Leif Thygesen Biler Taastrup,"Roskildevej 314, 2630 Taastrup",2630,Taastrup,55.659162,12.310689
Volkswagen,Volkswagen Amager,"Englandsvej 437, 2770 Kastrup",2770,Kastrup,55.613414,12.613486
Volkswagen,Volkswagen Gladsaxe,"Dynamovej 5, 2860 Søborg",2860,Søborg,55.733009,12.462491
Volkswagen,Bilcentret Birkerød A/S - VW City Store Charlottenlund,"Hyldegårdsvej 53, 2920 Charlottenlund",2920,Charlottenlund,55.760070,12.584378
Volkswagen,Autohuset Hørsholm A/S,"Kokkedal Industripark 28, 2980 Kokkedal",2980,Kokkedal,55.902569,12.486459
Volkswagen,Volkswagen Helsingør,"Klostermosevej 121, 3000 Helsingør",3000,Helsingør,56.027928,12.567360
Volkswagen,Volkswagen Hillerød,"Egespurs Alle 1, 3400 Hillerød",3400,Hillerød,55.928996,12.262892
Volkswagen,Volkswagen Slagelse,"Elmedalsvej 7, 4200 Slagelse",4200,Slagelse,55.419310,11.342675
Volkswagen,Volkswagen Holbæk,"Bilbyen 1, 4300 Holbæk",4300,Holbæk,55.704861,11.674315
Volkswagen,Volkswagen Kalundborg,"Slagelsevej 114, 4400 Kalundborg",4400,Kalundborg,55.670477,11.112301
Volkswagen,Volkswagen Køge,"Tangmosevej 110, 4600 Køge",4600,Køge,55.475531,12.185745
Volkswagen,Volkswagen Odense,"Middelfartvej 50, 5200 Odense V",5200,Odense V,55.393907,10.356779
Volkswagen,Volkswagen Service Faaborg,"L. Frandsensvej 8, 5600 Faaborg",5600,Faaborg,55.110904,10.236345
Volkswagen,Volkswagen Haderslev,"Hirsevej 1, 6100 Haderslev",6100,Haderslev,55.237120,9.503889
Volkswagen,Autocentralen Vejen,"Vestermarksvej 1, 6600 Vejen",6600,Vejen,55.492936,9.128495
Volkswagen,Auto Group Nordvest – Volkswagen Ringkøbing,"Enghavevej 3, 6950 Ringkøbing",6950,Ringkøbing,56.090423,8.238574
Volkswagen,Volkswagen Fredericia,"Egeskovvej 104, 7000 Fredericia",7000,Fredericia,55.577996,9.754252
Volkswagen,Smc Biler Herning,"Tjelevej 18, 7400 Herning",7400,Herning,56.150733,8.932889
Volkswagen,Auto Group Nordvest – Volkswagen Service Lemvig,"Navervej 1, 7620 Lemvig",7620,Lemvig,56.542957,8.288836
Volkswagen,Auto Group Nordvest – Thisted,"Uglevej 1, 7700 Thisted",7700,Thisted,56.969813,8.737177
Volkswagen,Volkswagen Thisted,"Sennelsvej 4, 7700 Thisted",7700,Thisted,56.960381,8.718479
Volkswagen,Auto Group Nordvest – Volkswagen Service Nykøbing M,"Vesterbro 70, 7900 Nykøbing M",7900,Nykøbing M,56.789584,8.849709
Volkswagen,Volkswagen Højbjerg,"Øster Parkvej 12, 8270 Højbjerg",8270,Højbjerg,56.105321,10.148050
Volkswagen,HTC Biler,"Kirkevej 67, 8370 Hadsten",8370,Hadsten,56.334102,10.033081
Volkswagen,Volkswagen Grenaa,"Trekanten 8, 8500 Grenaa",8500,Grenaa,56.392138,10.876612
Volkswagen,Volkswagen Silkeborg,"Lillehøjvej 44, 8600 Silkeborg",8600,Silkeborg,56.189082,9.560567
Volkswagen,Albert V. Jensen,"Sønderbrogade 76, 8700 Horsens",8700,Horsens,55.853099,9.831969
Volkswagen,Autocentralen Viborg,"Lundborgvej 12C, 8800 Viborg",8800,Viborg,56.463856,9.371982
Volkswagen,Jydsk Automobil Centrum A/S,"Grenåvej 14, 8960 Randers SØ",8960,Randers SØ,56.454224,10.043986
Volkswagen,Volkswagen Aalborg,"Ny Kærvej 47, 9000 Aalborg",9000,Aalborg,57.032487,9.927817
Volkswagen,Auto-Centr. Hobro A/S,"Digterparken 1, 9500 Hobro",9500,Hobro,56.654015,9.793818
Volkswagen,Egon Hansen & Søn A/S,"Borgergade 37, 9620 Aalestrup",9620,Aalestrup,56.695184,9.509228
Volkswagen,Brdr. Møll A/S,"Frederikshavnsvej 23, 9800 Hjørring",9800,Hjørring,57.456026,10.003110
Volvo,Volvo Nellemann København,"Omøgade 22, 2100 København Ø",2100,København Ø,55.712030,12.565708
Volvo,Via Biler A/S - Vallensbæk,"Vallensbækvej 71, 2625 Vallensbæk",2625,Vallensbæk,55.643672,12.373330
Volvo,Autohuset Vestergaard A/S,"Rønnekrogen 1, 3400 Hillerød",3400,Hillerød,55.926933,12.261886
Volvo,Pedersen & Nielsen,"Ravnsøvej 3, 8240 Risskov",8240,Risskov,56.204021,10.253414
Vonsild Camping,Vonsild Camping,"Vonsildvej 21, 6000 Kolding",6000,Kolding,55.462803,9.473279
Vordingborg Køkkenet,Vordingborg Køkkenet København V,"Ved Vesterport 9, 1612 København V",1612,København V,55.674728,12.560944
Vordingborg Køkkenet,Vordingborg Køkkenet Glostrup,"Hermods Allé 6, 2600 Glostrup",2600,Glostrup,55.663865,12.377878
Vordingborg Køkkenet,Vordingborg Køkkenet Kastrup,"Kirstinehøj 39B, 2770 Kastrup",2770,Kastrup,55.615125,12.612956
Vordingborg Køkkenet,Vordingborg Køkkenet Kongens Lyngby,"Lyngby Hovedgade 80, 2800 Kongens Lyngby",2800,Kongens Lyngby,55.768762,12.505595
Vordingborg Køkkenet,Vordingborg Køkkenet Søborg,"Søborg Hovedgade 48, 2860 Søborg",2860,Søborg,55.732166,12.518573
Vordingborg Køkkenet,Vordingborg Køkkenet Hillerød,"Industrivænget 2, 3400 Hillerød",3400,Hillerød,55.931718,12.284316
Vordingborg Køkkenet,Vordingborg Køkkenet Rønne,"Borgmester Nielsens Vej 22, 3700 Rønne",3700,Rønne,55.099949,14.713404
Vordingborg Køkkenet,Vordingborg Køkkenet Roskilde,"Ro's Have 14, 4000 Roskilde",4000,Roskilde,55.641927,12.103655
Vordingborg Køkkenet,Vordingborg Køkkenet Slagelse,"Kinavej 11, 4200 Slagelse",4200,Slagelse,55.387292,11.327969
Vordingborg Køkkenet,Vordingborg Køkkenet Holbæk,"Njordvej 8, 4300 Holbæk",4300,Holbæk,55.703890,11.669981
Vordingborg Køkkenet,Vordingborg Køkkenet Køge,"Theilgaards Vej 8, 4600 Køge",4600,Køge,55.478422,12.186270
Vordingborg Køkkenet,Vordingborg Køkkenet Næstved,"Merkurvej 2B, 4700 Næstved",4700,Næstved,55.254479,11.788562
Vordingborg Køkkenet,Vordingborg Køkkenet Nykøbing F,"Guldborgsundcentret 10, 4800 Nykøbing F",4800,Nykøbing F,54.759862,11.854273
Vordingborg Køkkenet,Vordingborg Køkkenet Odense M,"Tagtækkervej 8, 5230 Odense M",5230,Odense M,55.384420,10.422931
Vordingborg Køkkenet,Vordingborg Køkkenet Kolding,"Egtved Alle 3B, 6000 Kolding",6000,Kolding,55.516384,9.460365
Vordingborg Køkkenet,Vordingborg Køkkenet Sønderborg,"Grundtvigs Alle 198, 6400 Sønderborg",6400,Sønderborg,54.922750,9.808828
Vordingborg Køkkenet,Vordingborg Køkkenet Esbjerg,"Østre Gjesingvej 23, 6715 Esbjerg N",6715,Esbjerg N,55.507899,8.457213
Vordingborg Køkkenet,Vordingborg Køkkenet Vejle,"Løversysselvej 5B, 7100 Vejle",7100,Vejle,55.730261,9.593806
Vordingborg Køkkenet,Vordingborg Køkkenet Herning,"Silkeborgvej 80F, 7400 Herning",7400,Herning,56.132990,8.992808
Vordingborg Køkkenet,Vordingborg Køkkenet Aarhus V,"Bredskiftevej 4B, 8210 Aarhus V",8210,Aarhus V,56.178325,10.138198
Vordingborg Køkkenet,Vordingborg Køkkenet Horsens,"Ove Jensens Alle 19B, 8700 Horsens",8700,Horsens,55.856847,9.853382
Vordingborg Køkkenet,Vordingborg Køkkenet Viborg,"Lundvej 54, 8800 Viborg",8800,Viborg,56.459476,9.371861
Vordingborg Køkkenet,Vordingborg Køkkenet Randers,"Marsvej 23, 8960 Randers SØ",8960,Randers SØ,56.426925,10.057676
Vordingborg Køkkenet,Vordingborg Køkkenet Aalborg,"Løven 3, 9200 Aalborg SV",9200,Aalborg SV,57.001185,9.872386
Vordingborg Køkkenet,Vordingborg Køkkenet Hjørring,"Bispetorv 34, 9800 Hjørring",9800,Hjørring,57.455478,9.994611
Voyah,Bilhuset Hjørring A/S,"Frederikshavnsvej 41, 9800 Hjørring",9800,Hjørring,57.456088,10.008985
Væksthuset,Væksthuset,"Annebergparken 39M, 4500 Nykøbing Sj",4500,Nykøbing Sj,55.907839,11.657999
WK Biler,WK Biler ApS,"Smedevej 13, 6710 Esbjerg V",6710,Esbjerg V,55.505817,8.417866
Willab Garden,Willab Garden,"Ventrupvej 29, 2670 Greve",2670,Greve,55.593183,12.266281
Wind Automobiler,Wind Automobiler,"Ole Rømers Vej 7, 6760 Ribe",6760,Ribe,55.353026,8.781258
XL-BYG,XL-BYG Øbro Træ A/S Randersgade,"Randersgade 27, 2100 København Ø",2100,København Ø,55.703848,12.580985
XL-BYG,XL-BYG Brejnholt Østerbro,"Æbeløgade 6, 2100 København Ø",2100,København Ø,55.711770,12.563570
XL-BYG,XL-BYG Øbro Træ A/S Nordhavn,"Kattegatvej 8, 2150 Nordhavn",2150,Nordhavn,55.718851,12.607844
XL-BYG,XL-BYG Knud Larsen Byggecenter A/S Hvidovre,"Gammel Køge Landevej 515-537, 2650 Hvidovre",2650,Hvidovre,55.621916,12.465093
XL-BYG,XL-BYG Knud Larsen Professionel A/S Hvidovre,"Hammerholmen 8-16, 2650 Hvidovre",2650,Hvidovre,55.612254,12.482253
XL-BYG,XL-BYG Øbro Træ Greve,"Greve Main 15, 2670 Greve strand",2670,Greve strand,55.581021,12.253780
XL-BYG,XL-BYG BYGGELAND Herlev,"Vesterlundvej 23-25, 2730 Herlev",2730,Herlev,55.723616,12.417472
XL-BYG,XL-BYG BYGGELAND Måløv,"Jørgen Andersensvej 1-5, 2760 Måløv",2760,Måløv,55.748147,12.320439
XL-BYG,XL-BYG Fog Lyngby,"Firskovvej 20, 2800 Kgs. Lyngby",2800,Kgs. Lyngby,55.769907,12.515070
XL-BYG,XL-BYG Brejnholt Søborg,"Vandtårnsvej 88, 2860 Søborg",2860,Søborg,55.736320,12.483360
XL-BYG,XL-BYG Fog Hørsholm,"Kokkedal Industripark 15, 2980 Kokkedal",2980,Kokkedal,55.903463,12.485361
XL-BYG,XL-BYG Fog Helsinge,"Nørretoftevej 1, 3200 Helsinge",3200,Helsinge,56.012590,12.198206
XL-BYG,XL-BYG Brejnholt Vejby,"Grøndyssevænget 2, 3210 Vejby",3210,Vejby,56.066650,12.145260
XL-BYG,XL-BYG Fog Fredensborg,"Kongevejen 25, 3480 Fredensborg",3480,Fredensborg,55.968194,12.404240
XL-BYG,XL-BYG Fog Kvistgård,"Egeskovvej 1, 3490 Kvistgård",3490,Kvistgård,55.990645,12.498761
XL-BYG,XL-BYG Fog Farum,"Farum Gydevej 59, 3520 Farum",3520,Farum,55.818556,12.361806
XL-BYG,XL-BYG Fog Værebro (Ølstykke),"Lyshøjvej 14, 3650 Ølstykke",3650,Ølstykke,55.767727,12.142824
XL-BYG,XL-BYG Knud Larsen Professionel Roskilde,"Gammel Marbjergvej 20, 4000 Roskilde",4000,Roskilde,55.647347,12.140791
XL-BYG,XL-BYG Brejnholt Bjergmark,"Hovedgaden 1A, 4050 Skibby",4050,Skibby,55.759641,11.958064
XL-BYG,XL-BYG Grønvold & Schou A/S Slagelse (G&S),"Sorøvej 19, 4200 Slagelse",4200,Slagelse,55.411708,11.382136
XL-BYG,XL-BYG G&S Korsør,"Motalavej 147, 4220 Korsør",4220,Korsør,55.350206,11.139036
XL-BYG,XL-BYG BYGGELAND Skælskør,"Træbjergvej 1, 4230 Skælskør",4230,Skælskør,55.254399,11.313984
XL-BYG,XL-BYG G&S Gørlev,"Østerled 32, 4281 Gørlev",4281,Gørlev,55.539606,11.232892
XL-BYG,XL-BYG Meredin Holbæk,"Spånnebæk 23, 4300 Holbæk",4300,Holbæk,55.700470,11.711750
XL-BYG,XL-BYG Meredin Kalundborg,"Bredgade 48, 4400 Kalundborg",4400,Kalundborg,55.678671,11.092642
XL-BYG,XL-BYG Meredin Jyderup,"Drivsåtvej 5, 4450 Jyderup",4450,Jyderup,55.658783,11.401492
XL-BYG,XL-BYG G&S Hørve,"Nørregade 31, 4534 Hørve",4534,Hørve,55.756293,11.453986
XL-BYG,XL-BYG BYGGELAND Næstved,"Femøvej 8, 4700 Næstved",4700,Næstved,55.223175,11.756830
XL-BYG,XL-BYG BYGGELAND Præstø,"Ny Esbjergvej 7-9, 4720 Præstø",4720,Præstø,55.118796,12.035906
XL-BYG,XL-BYG Fog Vordingborg,"Broværket 5, 4760 Vordingborg",4760,Vordingborg,55.023428,11.890100
XL-BYG,XL-BYG Møens Tømmerhandel,"Støvvasen 2, 4780 Stege",4780,Stege,54.981971,12.279713
XL-BYG,XL-BYG P.W. Wulff Nykøbing Falster,"Kraghave Gaabensevej 2, 4800 Nykøbing F",4800,Nykøbing F,54.785300,11.867717
XL-BYG,XL-BYG P.W. Wulff Stubbekøbing,"Vestergade 25, 4850 Stubbekøbing",4850,Stubbekøbing,54.890164,12.039777
XL-BYG,XL-BYG Lollands Trælast A/S,"Nebbelundevej 2, 4970 Rødby",4970,Rødby,54.697708,11.388273
XL-BYG,XL-BYG Sakskøbing Trælast ApS,"Skovvej 51, 4990 Sakskøbing",4990,Sakskøbing,54.794985,11.630326
XL-BYG,XL-BYG Brejnholt Lillebælt,"Fynsvej 66, 5500 Middelfart",5500,Middelfart,55.498493,9.771044
XL-BYG,XL-BYG Brejnholt Nørre Aaby,"Industrivej 11, 5580 Nørre Aaby",5580,Nørre Aaby,55.464380,9.874404
XL-BYG,XL-BYG Gelsted Tømmerhandel A/S,"Tømmervej 4, 5591 Gelsted",5591,Gelsted,55.396641,9.967409
XL-BYG,XL-BYG Steff-Byg A/S,"Østre Gjesingvej 18-22, 6715 Esbjerg N",6715,Esbjerg N,55.505618,8.454168
XL-BYG,XL-BYG Bramming Byggelager,"Industrivej 30, 6740 Bramming",6740,Bramming,55.467255,8.681740
XL-BYG,XL-BYG Brejnholt Vejle,"Karetmagervej 7, 7100 Vejle",7100,Vejle,55.684340,9.573502
XL-BYG,XL-BYG Tørring Trælasthandel,"Fabriksvej 4, 7160 Tørring",7160,Tørring,55.850173,9.487811
XL-BYG,XL-BYG Sdr. Omme Tømmerhandel A/S,"Hovedgaden 5-7, 7260 Sdr.Omme",7260,Sdr.Omme,55.838216,8.893323
XL-BYG,XL-BYG Brejnholt Bording,"Østervang 99, 7441 Bording",7441,Bording,56.141493,9.290385
XL-BYG,XL-BYG Sunds Tømmerhandel og Byggecenter A/S,"Navervej 21, 7451 Sunds",7451,Sunds,56.193244,9.019905
XL-BYG,XL-BYG Lemvig Trælasthandel A/S,"Østerbrogade 6, 7620 Lemvig",7620,Lemvig,56.552142,8.311313
XL-BYG,XL-BYG Harboøre Byggecenter A/S,"Industrivej 8, 7673 Harboøre",7673,Harboøre,56.610223,8.179591
XL-BYG,XL-BYG Brejnholt Aarhus,"Søren Nymarks Vej 6X, 8270 Højbjerg",8270,Højbjerg,56.107260,10.151882
XL-BYG,XL-BYG Brejnholt Samsø,"Aavej 10, Ballen, 8305 Samsø",8305,Samsø,55.816417,10.635772
XL-BYG,XL-BYG A. Gadeberg A/S Hadsten,"Gammel Sellingvej 3, 8370 Hadsten",8370,Hadsten,56.320852,10.043597
XL-BYG,XL-BYG Søften Tømmerhandel A/S,"Omega 1, Søften, 8382 Hinnerup",8382,Hinnerup,56.232975,10.102572
XL-BYG,XL-BYG Ryomgård Tømmerhandel & Byggecenter A/S,"Vestergade 108, 8550 Ryomgård",8550,Ryomgård,56.382632,10.488086
XL-BYG,XL-BYG Brejnholt Silkeborg,"Tietgensvej 24, 8600 Silkeborg",8600,Silkeborg,56.193945,9.576341
XL-BYG,XL-BYG Kjellerup Tømmerhandel,"Vinkelvej 1, 8620 Kjellerup",8620,Kjellerup,56.282248,9.420776
XL-BYG,XL-BYG Brejnholt Ry,"Kløftehøj 2, 8680 Ry",8680,Ry,56.082361,9.792899
XL-BYG,XL-BYG Brejnholt Horsens,"Marsalle 113, 8700 Horsens",8700,Horsens,55.829125,9.796395
XL-BYG,XL-BYG Brejnholt Hornsyld,"Nørregade 28, 8783 Hornsyld",8783,Hornsyld,55.759492,9.865216
XL-BYG,XL-BYG Thorsø Tømmerhandel & Byggecenter,"Møllevej 13B, 8881 Thorsø",8881,Thorsø,56.301512,9.776750
XL-BYG,XL-BYG Vorup Tømmerhandel & Byggecenter A/S,"Nyborgvej 3, 8940 Randers SV",8940,Randers SV,56.439690,10.035072
XL-BYG,XL-BYG Brejnholt Randers,"Ørneborgvej 46, 8960 Randers SØ",8960,Randers SØ,56.446148,10.064614
XL-BYG,XL-BYG Øster Tørslev Tømmerhandel & Byggecenter A/S,"Dalbyovervej 9, 8983 Gjerlev J",8983,Gjerlev J,56.585140,10.189583
XL-BYG,XL-BYG Trægården Kås A/S,"Brogaardsgade 14-19, Kaas, 9490 Pandrup",9490,Pandrup,57.193958,9.677522
XL-BYG,XL-BYG Rold Trælasthandel A/S,"Østergade 23, 9510 Arden",9510,Arden,56.767673,9.863880
XL-BYG,XL-BYG Mariager Tømmerhandel & Byggecenter,"Himmelkol 1, 9550 Mariager",9550,Mariager,56.638212,9.974062
XL-BYG,XL-BYG Hadsund Tømmerhandel & Byggecenter A/S,"Industriparken 2, 9560 Hadsund",9560,Hadsund,56.728916,10.137806
XL-BYG,XL-BYG Nørager Trælast A/S,"Bredgade 10, 9610 Nørager",9610,Nørager,56.706748,9.631304
XL-BYG,XL-BYG Aalestrup Tømmerhandel A/S,"Testrupvej 1, 9620 Aalestrup",9620,Aalestrup,56.695638,9.490201
XL-BYG,XL-BYG Møldrup Tømmerhandel & Byggecenter A/S,"Erhvervsvej 4, 9632 Møldrup",9632,Møldrup,56.618002,9.507558
XL-BYG,XL-BYG Farsø Tømmerhandel og Byggecenter A/S,"Søndergade 33, 9640 Farsø",9640,Farsø,56.769293,9.340959
XL-BYG,XL-BYG Hjørring Tømmerhandel A/S,"Frederikshavnsvej 224, 9800 Hjørring",9800,Hjørring,57.455460,10.023630
XL-BYG,XL-BYG Tårs Tømmerhandel A/S,"Johannes Hansens Vej 2, 9830 Tårs",9830,Tårs,57.386034,10.108745
XL-BYG,XL-BYG Elling Tømmerhandel A/S,"Tuenvej 7B, Elling, 9900 Frederikshavn",9900,Frederikshavn,57.475063,10.488067
XL-BYG,XL-BYG Læsø Tømmerhandel A/S,"Vesterø Havnegade 70, 9940 Læsø",9940,Læsø,57.286355,10.927781
Xpeng,Xpeng Motors Denmark Aps,"Lodbrogsvej 4A, 3400 Hillerød",3400,Hillerød,55.928216,12.266240
Xpeng,Xpeng,"Ullerupdalvej 243, 7000 Fredericia",7000,Fredericia,55.569720,9.713030
Zeekr,Zeekr,"Rødegårdsvej 209B, 5230 Odense M",5230,Odense M,55.379516,10.422070
Zeekr,Zeekr,"Gasværksvej 2, 9000 Aalborg",9000,Aalborg,57.047060,9.946331
Zisko Automobiler,Zisko Automobiler ApS,"Mådevej 19C, 6700 Esbjerg",6700,Esbjerg,55.461770,8.484281
autoMUS,autoMUS ApS,"Fabriksvej 3D, 7441 Bording",7441,Bording,56.141331,9.271606
autobasen,autobasen,"P.O. Pedersens Vej 14, 8200 Aarhus N",8200,Aarhus N,56.204694,10.191395
jem & fix,jem & fix København K,"St. Kongensgade 21, st. tv., 1264 København K",1264,København K,55.682370,12.585880
jem & fix,jem & fix København V,"Matthæusgade 46, st. tv., 1666 København V",1666,København V,55.669796,12.547083
jem & fix,jem & fix Frederiksberg,"Ndr. Fasanvej 117, st., 2000 Frederiksberg",2000,Frederiksberg,55.690460,12.529700
jem & fix,jem & fix København N,"Jagtvej 141, 2200 København N",2200,København N,55.698760,12.553540
jem & fix,jem & fix København S (Amagerbrogade),"Amagerbrogade 49, st., 2300 København S",2300,København S,55.663160,12.601920
jem & fix,jem & fix København S (Ørestads Boulevard),"Ørestads Boulevard 70, 2300 København S",2300,København S,55.632378,12.580011
jem & fix,jem & fix København NV,"Tomsgårdsvej 15, st., 2400 København NV",2400,København NV,55.707600,12.522410
jem & fix,jem & fix Valby,"Gl. Køge Landevej 107, 2500 Valby",2500,Valby,55.648846,12.507872
jem & fix,jem & fix Glostrup,"Ejby industrivej 15 - 17, 2600 Glostrup",2600,Glostrup,55.693717,12.415524
jem & fix,jem & fix Brøndby,"Sdr. Ringvej 43, 2605 Brøndby",2605,Brøndby,55.655135,12.395758
jem & fix,jem & fix Taastrup,"Helgeshøj Allé 32D, 2630 Taastrup",2630,Taastrup,55.661240,12.284220
jem & fix,jem & fix Ishøj,"Industribuen 11, 2635 Ishøj",2635,Ishøj,55.617853,12.332363
jem & fix,jem & fix Karlslunde,"Karlslunde Parkvej 15, 2690 Karlslunde",2690,Karlslunde,55.566950,12.267300
jem & fix,jem & fix Herlev,"Virkeholm 2, 2730 Herlev",2730,Herlev,55.725176,12.420637
jem & fix,jem & fix Måløv,"Måløv Stationsplads 5, 2760 Måløv",2760,Måløv,55.745617,12.323258
jem & fix,jem & fix Kastrup,"Kirstinehøj 31, 2770 Kastrup",2770,Kastrup,55.616251,12.612214
jem & fix,jem & fix Kokkedal,"Kokkedal Industripark 18, 2980 Kokkedal",2980,Kokkedal,55.902135,12.480932
jem & fix,jem & fix Helsingør,"Prøvestenscentret, Birkedalsvej 2, 3000 Helsingør",3000,Helsingør,56.021830,12.572472
jem & fix,jem & fix Helsinge,"Skovgårdsvej 23, 3200 Helsinge",3200,Helsinge,56.020994,12.173501
jem & fix,jem & fix Gilleleje,"Fiskerbakken 9, 3250 Gilleleje",3250,Gilleleje,56.112464,12.327982
jem & fix,jem & fix Frederiksværk,"Industrivej 1H, 3300 Frederiksværk",3300,Frederiksværk,55.978364,12.004339
jem & fix,jem & fix Hillerød,"Egespurs Allé 3, 3400 Hillerød",3400,Hillerød,55.927850,12.265780
jem & fix,jem & fix Fredensborg,"Præstemosevej 4B, 3480 Fredensborg",3480,Fredensborg,55.967564,12.403300
jem & fix,jem & fix Farum,"Rugmarken 11, 3520 Farum",3520,Farum,55.816782,12.372761
jem & fix,jem & fix Frederikssund,"Askelundsvej 4A, 3600 Frederikssund",3600,Frederikssund,55.845012,12.074924
jem & fix,jem & fix Ølstykke,"Valdemarsvej 1C, 3650 Ølstykke",3650,Ølstykke,55.777396,12.184265
jem & fix,jem & fix Rønne,"Åkirkebyvej 53, 3700 Rønne",3700,Rønne,55.097545,14.716332
jem & fix,jem & fix Nexø,"Industrivej 20, 3730 Nexø",3730,Nexø,55.061383,15.114108
jem & fix,jem & fix Roskilde,"Industrivej 24, 4000 Roskilde",4000,Roskilde,55.643534,12.119159
jem & fix,jem & fix Skibby,"Jernager 1, 4050 Skibby",4050,Skibby,55.761280,11.959172
jem & fix,jem & fix Ringsted,"Huginsvej 2, 4100 Ringsted",4100,Ringsted,55.428318,11.790131
jem & fix,jem & fix Sorø,"Industrivej 4A, 4180 Sorø",4180,Sorø,55.444333,11.565448
jem & fix,jem & fix Slagelse,"Japanvej 28, 4200 Slagelse",4200,Slagelse,55.386524,11.330498
jem & fix,jem & fix Korsør,"Ørnumvej 3, 4220 Korsør",4220,Korsør,55.347726,11.143267
jem & fix,jem & fix Skælskør,"Træbjergvej 2, 4230 Skælskør",4230,Skælskør,55.253718,11.312571
jem & fix,jem & fix Gørlev,"Kirsebærskoven 1, 4281 Gørlev",4281,Gørlev,55.527848,11.234140
jem & fix,jem & fix Holbæk,"Frejasvej 10, 4300 Holbæk",4300,Holbæk,55.705083,11.670561
jem & fix,jem & fix Tølløse,"Sønderstrupvej 1-3, 4340 Tølløse",4340,Tølløse,55.613699,11.762835
jem & fix,jem & fix Kalundborg,"Stejlhøj 30B, 4400 Kalundborg",4400,Kalundborg,55.677115,11.134590
jem & fix,jem & fix Nykøbing Sj,"Siriusvej 2, 4500 Nykøbing Sj",4500,Nykøbing Sj,55.929730,11.658856
jem & fix,jem & fix Asnæs,"Industrivangen 2B, 4550 Asnæs",4550,Asnæs,55.808997,11.510450
jem & fix,jem & fix Køge,"Gammel Lyngvej 1B, 4600 Køge",4600,Køge,55.482099,12.185606
jem & fix,jem & fix Faxe,"Vinkelvej 17, 4640 Faxe",4640,Faxe,55.260361,12.106363
jem & fix,jem & fix Store Heddinge,"Rengegade 33, 4660 Store Heddinge",4660,Store Heddinge,55.304938,12.390513
jem & fix,jem & fix Herfølge,"Vordingborgvej 78C, 4681 Herfølge",4681,Herfølge,55.427815,12.151358
jem & fix,jem & fix Haslev,"Grønlandsgade 8, 4690 Haslev",4690,Haslev,55.330585,11.940611
jem & fix,jem & fix Næstved,"Vestergårdsvej 30, 4700 Næstved",4700,Næstved,55.254233,11.792469
jem & fix,jem & fix Vordingborg,"Stjernehjulet 2, 4760 Vordingborg",4760,Vordingborg,55.023573,11.892827
jem & fix,jem & fix Nykøbing F,"Guldborgsundcentret 1-7, 4800 Nykøbing F",4800,Nykøbing F,54.758349,11.850106
jem & fix,jem & fix Nakskov,"Kirunavej 1, 4900 Nakskov",4900,Nakskov,54.823719,11.157956
jem & fix,jem & fix Maribo,"C. E. Christiansens Vej 23, 4930 Maribo",4930,Maribo,54.780010,11.509220
jem & fix,jem & fix Odense C (Risingsvej),"Risingsvej 59A, 5000 Odense C",5000,Odense C,55.402088,10.421507
jem & fix,jem & fix Odense C (Grønløkkevej),"Grønløkkevej 9D, 5000 Odense C",5000,Odense C,55.395349,10.367067
jem & fix,jem & fix Odense M,"Rødegårdsvej 180, 5230 Odense M",5230,Odense M,55.380836,10.421858
jem & fix,jem & fix Odense SV,"Magnoliavej 7, 5250 Odense SV",5250,Odense SV,55.355580,10.339440
jem & fix,jem & fix Otterup,"Hjorslevvej 21, 5450 Otterup",5450,Otterup,55.504567,10.396499
jem & fix,jem & fix Middelfart,"Nyvang 6B, 5500 Middelfart",5500,Middelfart,55.508875,9.766387
jem & fix,jem & fix Faaborg,"Markedspladsen 7A, 5600 Faaborg",5600,Faaborg,55.099050,10.242770
jem & fix,jem & fix Assens,"Dalvænget 22, 5610 Assens",5610,Assens,55.259274,9.908841
jem & fix,jem & fix Svendborg,"Grønnemosevej 18, 5700 Svendborg",5700,Svendborg,55.074100,10.586600
jem & fix,jem & fix Ringe,"Byager 1, 5750 Ringe",5750,Ringe,55.248337,10.473995
jem & fix,jem & fix Nyborg,"Slipshavnsvej 5, 5800 Nyborg",5800,Nyborg,55.307571,10.810799
jem & fix,jem & fix Rudkøbing,"Dunsbjergvej 4, 5900 Rudkøbing",5900,Rudkøbing,54.939601,10.737040
jem & fix,jem & fix Kolding N,"Skovvangen 49, 6000 Kolding N",6000,Kolding N,55.510029,9.458708
jem & fix,jem & fix Kolding S,"Vonsildvej 1, 6000 Kolding S",6000,Kolding S,55.469065,9.472145
jem & fix,jem & fix Haderslev,"Christian X's Vej 6, 6100 Haderslev",6100,Haderslev,55.264212,9.497362
jem & fix,jem & fix Aabenraa,"Langebro 38, 6200 Aabenraa",6200,Aabenraa,55.036404,9.416170
jem & fix,jem & fix Tønder,"Tved 7, 6270 Tønder",6270,Tønder,54.946668,8.859797
jem & fix,jem & fix Sønderborg,"Ingolf Nielsens Vej 31, 6400 Sønderborg",6400,Sønderborg,54.932370,9.800840
jem & fix,jem & fix Vojens,"Industriparken 2B, 6500 Vojens",6500,Vojens,55.240966,9.269717
jem & fix,jem & fix Vejen,"Esbjergvej 4B, 6600 Vejen",6600,Vejen,55.491071,9.129035
jem & fix,jem & fix Esbjerg,"Taurusvej 1A, 6700 Esbjerg",6700,Esbjerg,55.462675,8.462528
jem & fix,jem & fix Esbjerg V,"Snedkervej 1, 6710 Esbjerg V",6710,Esbjerg V,55.504250,8.409960
jem & fix,jem & fix Bramming,"Vardevej 4B, 6740 Bramming",6740,Bramming,55.469040,8.675144
jem & fix,jem & fix Ribe,"Moltkes Allé 20, 6760 Ribe",6760,Ribe,55.336082,8.772834
jem & fix,jem & fix Skærbæk,"Nørre Skærbækvej 22, 6780 Skærbæk",6780,Skærbæk,55.167311,8.755549
jem & fix,jem & fix Varde,"Tømrervej 26, 6800 Varde",6800,Varde,55.604458,8.499976
jem & fix,jem & fix Skjern,"Jægervej 3, 6900 Skjern",6900,Skjern,55.952310,8.513919
jem & fix,jem & fix Videbæk,"Brogårdsvej 22, 6920 Videbæk",6920,Videbæk,56.092014,8.638258
jem & fix,jem & fix Ringkøbing,"Skaadsmosevej 6, 6950 Ringkøbing",6950,Ringkøbing,56.086357,8.276895
jem & fix,jem & fix Fredericia,"Vejlevej 109, 7000 Fredericia",7000,Fredericia,55.568531,9.716219
jem & fix,jem & fix Børkop,"Industrivej 131, 7080 Børkop",7080,Børkop,55.632020,9.684740
jem & fix,jem & fix Vejle Øst,"Stiftsvej 55B, 7120 Vejle Øst",7120,Vejle Øst,55.732036,9.600156
jem & fix,jem & fix Juelsminde,"Tofteskovvej 1A, 7130 Juelsminde",7130,Juelsminde,55.710947,9.979608
jem & fix,jem & fix Billund,"Lille Elkærvej 2, 7190 Billund",7190,Billund,55.737048,9.095485
jem & fix,jem & fix Grindsted,"Trehøjevej 21, 7200 Grindsted",7200,Grindsted,55.762727,8.899368
jem & fix,jem & fix Give,"Ryttervangen 2, 7323 Give",7323,Give,55.857443,9.249005
jem & fix,jem & fix Brande,"Vestergårdsvej 2, 7330 Brande",7330,Brande,55.959793,9.105107
jem & fix,jem & fix Herning,"Åvænget 4, 7400 Herning",7400,Herning,56.133973,9.007059
jem & fix,jem & fix Ikast,"La Cours Vej 21, 7430 Ikast",7430,Ikast,56.121570,9.171180
jem & fix,jem & fix Holstebro,"Måbjerg Centerpark 1, 7500 Holstebro",7500,Holstebro,56.387144,8.621165
jem & fix,jem & fix Struer,"Trudsøvej 6, 7600 Struer",7600,Struer,56.477430,8.586380
jem & fix,jem & fix Lemvig,"Saturnvej 1, 7620 Lemvig",7620,Lemvig,56.537199,8.306585
jem & fix,jem & fix Thisted,"Vilhelmsborgvej 17, 7700 Thisted",7700,Thisted,56.964600,8.726100
jem & fix,jem & fix Hurup Thy,"Bredgade 15E, 7760 Hurup Thy",7760,Hurup Thy,56.745110,8.432380
jem & fix,jem & fix Skive,"Østergårdsbakken 18, 7800 Skive",7800,Skive,56.570754,8.994499
jem & fix,jem & fix Nykøbing M,"Aabro Fald 12, 7900 Nykøbing M",7900,Nykøbing M,56.789844,8.831118
jem & fix,jem & fix Egå,"Åmarksvej 20A, 8250 Egå",8250,Egå,56.205640,10.261100
jem & fix,jem & fix Odder,"Knudsminde 1, 8300 Odder",8300,Odder,55.988086,10.154049
jem & fix,jem & fix Tranbjerg J,"Slet Parkvej 10, 8310 Tranbjerg J",8310,Tranbjerg J,56.103312,10.145057
jem & fix,jem & fix Malling,"Holmskovtoften 4, 8340 Malling",8340,Malling,56.038940,10.185070
jem & fix,jem & fix Hørning,"Jenny Hempels Vej 1, 8362 Hørning",8362,Hørning,56.076936,10.018274
jem & fix,jem & fix Hadsten,"Gl. Sellingvej 4, 8370 Hadsten",8370,Hadsten,56.319467,10.043560
jem & fix,jem & fix Århus V / Tilst,"Blomstervej 2D, 8381 Århus V / Tilst",8381,Århus V / Tilst,56.181990,10.124900
jem & fix,jem & fix Hinnerup,"Samsøvej 42, 8382 Hinnerup",8382,Hinnerup,56.246166,10.074975
jem & fix,jem & fix Ebeltoft,"Færgevejen 5A, 8400 Ebeltoft",8400,Ebeltoft,56.190697,10.672826
jem & fix,jem & fix Galten,"Erhvervsparken Klank 5, 8464 Galten",8464,Galten,56.148399,9.918737
jem & fix,jem & fix Grenaa,"Hesselvang 7, 8500 Grenaa",8500,Grenaa,56.382760,10.863040
jem & fix,jem & fix Lystrup,"Lægårdsvej 2-6, 8520 Lystrup",8520,Lystrup,56.225070,10.236924
jem & fix,jem & fix Hornslet,"Hornbjergvej 1, 8543 Hornslet",8543,Hornslet,56.304757,10.316068
jem & fix,jem & fix Silkeborg,"Nørrevænget 45C, 8600 Silkeborg",8600,Silkeborg,56.185868,9.545613
jem & fix,jem & fix Kjellerup,"Parallelvej 2D, 8620 Kjellerup",8620,Kjellerup,56.285914,9.415462
jem & fix,jem & fix Skanderborg,"Danmarksvej 23A, 8660 Skanderborg",8660,Skanderborg,56.051530,9.948890
jem & fix,jem & fix Ry,"Maglehøjvej 1, 8680 Ry",8680,Ry,56.083397,9.790025
jem & fix,jem & fix Horsens,"Høegh Guldbergs Gade 19C, 8700 Horsens",8700,Horsens,55.852413,9.850352
jem & fix,jem & fix Horsens S,"Erhvervsbyvej 6, 8700 Horsens S",8700,Horsens S,55.828030,9.800980
jem & fix,jem & fix Hedensted,"Vejlevej 42, 8722 Hedensted",8722,Hedensted,55.765417,9.686068
jem & fix,jem & fix Brædstrup,"Vestervangen 7, 8740 Brædstrup",8740,Brædstrup,55.971940,9.605430
jem & fix,jem & fix Viborg,"Lundborgvej 4B, 8800 Viborg",8800,Viborg,56.459454,9.369487
jem & fix,jem & fix Bjerringbro,"Heimdalsvej 5, 8850 Bjerringbro",8850,Bjerringbro,56.367561,9.675855
jem & fix,jem & fix Randers NV,"Lucernevej 81B, 8920 Randers NV",8920,Randers NV,56.483912,10.025126
jem & fix,jem & fix Randers SØ,"Juventusvej 1A, 8960 Randers SØ",8960,Randers SØ,56.432107,10.059180
jem & fix,jem & fix Aalborg SV,"Halkjærvej 2, 9200 Aalborg SV",9200,Aalborg SV,57.006576,9.870906
jem & fix,jem & fix Nibe,"Kræmmergade 5, 9240 Nibe",9240,Nibe,56.985449,9.635373
jem & fix,jem & fix Klarup,"Jørgensmindevej 20, 9270 Klarup",9270,Klarup,57.018239,10.046841
jem & fix,jem & fix Sæby,"Ålborgvej 98, 9300 Sæby",9300,Sæby,57.322771,10.485238
jem & fix,jem & fix Dronninglund,"Østre Ringgade 15, 9330 Dronninglund",9330,Dronninglund,57.159727,10.303987
jem & fix,jem & fix Nørresundby,"Loftbrovej 4, 9400 Nørresundby",9400,Nørresundby,57.089380,9.968900
jem & fix,jem & fix Aabybro,"Teknologiparken 5, 9440 Aabybro",9440,Aabybro,57.151404,9.746761
jem & fix,jem & fix Hobro,"Drejøvej 3, 9500 Hobro",9500,Hobro,56.624002,9.808836
jem & fix,jem & fix Støvring,"Neptunvej 1, 9530 Støvring",9530,Støvring,56.903058,9.842703
jem & fix,jem & fix Hadsund,"Industriparken 1, 9560 Hadsund",9560,Hadsund,56.728209,10.135615
jem & fix,jem & fix Aars,"Keldgårdvej 3, 9600 Aars",9600,Aars,56.814289,9.502840
jem & fix,jem & fix Løgstør,"Danmarksvej 30, 9670 Løgstør",9670,Løgstør,56.953251,9.261570
jem & fix,jem & fix Fjerritslev,"Håndværkervej 4, 9690 Fjerritslev",9690,Fjerritslev,57.086318,9.253298
jem & fix,jem & fix Brønderslev,"Jernaldervej 1, 9700 Brønderslev",9700,Brønderslev,57.266095,9.970107
jem & fix,jem & fix Hjørring,"Hedevold 2, 9800 Hjørring",9800,Hjørring,57.456369,10.023264
jem & fix,jem & fix Frederikshavn,"Hjørringvej 151, 9900 Frederikshavn",9900,Frederikshavn,57.446481,10.506575
jem & fix,jem & fix Skagen,"Nordsøvej 2, 9990 Skagen",9990,Skagen,57.726143,10.562566
uno form,uno form København,"Søtorvet 1, 1371 København K",1371,København K,55.685712,12.565366
uno form,uno form Glostrup,"Hovedvejen 211, 2600 Glostrup",2600,Glostrup,55.663425,12.372486
uno form,uno form Kongens Lyngby,"Lyngby Hovedgade 82, 2800 Kongens Lyngby",2800,Kongens Lyngby,55.768496,12.505935
uno form,uno form Næstved,"Vestergårdsvej 56, 4700 Næstved",4700,Næstved,55.254812,11.795926
uno form,uno form Odense,"Tagtækkervej 4B, 5230 Odense M",5230,Odense M,55.384019,10.421083
uno form,uno form Vejle,"Stiftsvej 57A, 7100 Vejle",7100,Vejle,55.731612,9.599148
uno form,uno form Herning,"Østergade 3, 7400 Herning",7400,Herning,56.136364,8.975836
uno form,uno form Aarhus,"Skt. Pauls Kirkeplads 7, 8000 Aarhus C",8000,Aarhus C,56.146275,10.204381
uno form,uno form Aalborg,"Stenbukken 11, 9200 Aalborg SV",9200,Aalborg SV,56.998038,9.870979
Åkjærsgård Plantecenter,Åkjærsgård Plantecenter,"Smouenvej 19, 8410 Rønde",8410,Rønde,56.318514,10.480422
Østergaard Automobiler,Østergaard Automobiler,"Thorsvej 102, 7200 Grindsted",7200,Grindsted,55.753624,8.976041
Østergaards Auto,Østergaards Auto,"Hedegårdvej 8, 7361 Ejstrupholm",7361,Ejstrupholm,55.965564,9.291412
Škoda,SKODA Brøndby,"Vallensbækvej 5, 2605 Brøndby",2605,Brøndby,55.643344,12.397876
Škoda,Škoda Amager,"Englandsvej 437, 2770 Kastrup",2770,Kastrup,55.613414,12.613486
Škoda,Virum Motor Co. A/S,"Grønnevej 134, 2830 Virum",2830,Virum,55.789154,12.473179
Škoda,Škoda Gladsaxe,"Dynamovej 5, 2860 Søborg",2860,Søborg,55.733009,12.462491
Škoda,Škoda Hillerød,"Egespurs Alle 1, 3400 Hillerød",3400,Hillerød,55.928996,12.262892
Škoda,Roskilde Bilcenter A/S,"Københavnsvej 190, 4000 Roskilde",4000,Roskilde,55.643028,12.125221
Škoda,Slagelse Autocenter A/S,"Teknikvej 2C, 4200 Slagelse",4200,Slagelse,55.410368,11.377843
Škoda,Škoda Holbæk,"Bilbyen 1, 4300 Holbæk",4300,Holbæk,55.704861,11.674315
Škoda,Škoda Køge,"Tangmosevej 110, 4600 Køge",4600,Køge,55.475531,12.185745
Škoda,Skoda Næstved,"Bassinbuen 24, 4700 Næstved",4700,Næstved,55.251723,11.801216
Škoda,Škoda Guldborg,"Guldborgvej 270A, 4862 Guldborg",4862,Guldborg,54.865735,11.738036
Škoda,Škoda Odense,"Middelfartvej 50, 5200 Odense V",5200,Odense V,55.393907,10.356779
Škoda,Skoda Ejby Aps,"Nørregade 144, 5592 Ejby",5592,Ejby,55.439512,9.942991
Škoda,Brdr. Schmidt ApS,"Langebro 15, 6200 Aabenraa",6200,Aabenraa,55.036104,9.416767
Škoda,Next Mobility,"Alsgade 60, 6400 Sønderborg",6400,Sønderborg,54.918115,9.805135
Škoda,Skoda Esbjerg,"Skagerrakvej 4, 6715 Esbjerg N",6715,Esbjerg N,55.516260,8.468702
Škoda,Škoda Risskov,"Ravnsøvej 5, 8240 Risskov",8240,Risskov,56.203474,10.251255
Škoda,Škoda Højbjerg,"Øster Parkvej 12, 8270 Højbjerg",8270,Højbjerg,56.105321,10.148050
Škoda,Škoda Aalborg,"Ny Kærvej 47, 9000 Aalborg",9000,Aalborg,57.032487,9.927817
Škoda,Skoda Nørresundby,"Hjørringvej 142, 9400 Nørresundby",9400,Nørresundby,57.082520,9.960046
Škoda Holstebro,Skoda,"Nybovej 25, 7500 Holstebro",7500,Holstebro,56.338820,8.640825
