Mærke,Navn,Adresse,Postnr,By,Latitude,Longitude
CNG/biogas,CNG København S (Prags Boulevard / OK),"Prags Boulevard 69, 2300 København S",2300,København S,55.670183,12.624383
CNG/biogas,CNG Høje-Taastrup,"Estland Allé 3, 2630 Taastrup",2630,Taastrup,55.634612,12.253418
CNG/biogas,CNG Ishøj (Bioman),"Industribuen 19, 2635 Ishøj",2635,Ishøj,55.616382,12.3268
CNG/biogas,CNG Skovlunde (OK),"Mileparken 2, 2740 Skovlunde",2740,Skovlunde,55.712835,12.419747
CNG/biogas,CNG Kastrup (Lufthavnen),"Lufthavnsboulevarden 6, 2770 Kastrup",2770,Kastrup,55.629513,12.639366
CNG/biogas,CNG Søborg,"Columbusvej 6, 2860 Søborg",2860,Søborg,55.737448,12.477809
CNG/biogas,CNG Frederikssund,"Pedersholmparken 10, 3600 Frederikssund",3600,Frederikssund,55.823212,12.094703
CNG/biogas,CNG Køge (Bioman),"Centervej 9, 4600 Køge",4600,Køge,55.492213,12.162455
CNG/biogas,CNG Odense (Ørbækvej),"Ørbækvej 260, 5220 Odense SØ",5220,Odense SØ,55.375933,10.438466
CNG/biogas,CNG Odense SV (Bioman),"Logistikvej 19, 5250 Odense SV",5250,Odense SV,55.364283,10.312624
CNG/biogas,CNG Sønderborg (Nature Energy),"Hørtoftvej 19K, 6400 Sønderborg",6400,Sønderborg,54.924854,9.725163
CNG/biogas,CNG Fredericia,"Europavej 46, 7000 Fredericia",7000,Fredericia,55.544126,9.638634
CNG/biogas,CNG Vejle (Nature Energy),"Stiftsvej 1A, 7100 Vejle",7100,Vejle,55.746664,9.599173
CNG/biogas,CNG Holstebro,"Bisgårdmark 5, 7500 Holstebro",7500,Holstebro,56.358189,8.602133
CNG/biogas,CNG Skive (Bjørnevej),"Bjørnevej 17, 7800 Skive",7800,Skive,56.534944,9.028408
CNG/biogas,CNG Skive (Ågade / OK),"Ågade 18, 7800 Skive",7800,Skive,56.567867,9.03375
CNG/biogas,CNG Silkeborg (Nature Energy),"Bredhøjvej 17, 8600 Silkeborg",8600,Silkeborg,56.188179,9.552114
CNG/biogas,CNG Horsens (Bioman),"Ålkærgårdvej 13, 8700 Horsens",8700,Horsens,55.920881,9.80795
CNG/biogas,CNG Aalborg,"Troensevej 16, 9220 Aalborg Øst",9220,Aalborg Øst,57.02612,10.010872
CNG/biogas,CNG Frederikshavn,"Suderbovej 16, 9900 Frederikshavn",9900,Frederikshavn,57.428342,10.500514
Circle K,"CIRCLE K KAMPMANNSGADE, KBH V","Kampmannsgade 2, 1604 København V",1604,København V,55.677756,12.562071
Circle K,CIRCLE K GODTHÅBSVEJ,"Godthåbsvej 144, 2000 Frederiksberg",2000,Frederiksberg,55.689926,12.518996
Circle K,CIRCLE K STRANDBOULEVARDEN,"Strandboulevarden 91, 2100 København Ø",2100,København Ø,55.70641,12.585867
Circle K,"CIRCLE K AMAGERFÆLLEDVEJ, KBH S","Amagerfælledvej 38, 2300 København S",2300,København S,55.66447,12.594184
Circle K,CIRCLE K ENGLANDSVEJ,"Englandsvej 218, 2300 København S",2300,København S,55.63928,12.59918
Circle K,"CIRCLE K VERMLANDSGADE, KBH S","Vermlandsgade 41, 2300 København S",2300,København S,55.668514,12.605771
Circle K,"CIRCLE K FREDERIKSBORGVEJ, KBH NV","Frederiksborgvej 53, 2400 København NV",2400,København NV,55.70593,12.531742
Circle K,CIRCLE K TUBORGVEJ,"Tuborgvej 152, 2400 København NV",2400,København NV,55.722829,12.54543
Circle K,"CIRCLE K BORGMESTER CHR. GADE, KBH SV","Borgmester Christiansens Gade 59, 2450 København SV",2450,København SV,55.64706,12.541398
Circle K,CIRCLE K EV HOVEDKONTOR,"Borgmester Christiansens Gade 50, 2450 København SV",2450,København SV,55.646467,12.539963
Circle K,CIRCLE K SYDHAVNS PLADS,"Sydhavns Plads 10, 2450 København SV",2450,København SV,55.653587,12.540365
Circle K,CIRCLE K AUTOMAT VALBY LANGGADE,"Valby Langgade 119, 2500 Valby",2500,Valby,55.66632,12.505375
Circle K,"CIRCLE K ROSKILDEVEJ, VALBY","Roskildevej 176, 2500 Valby",2500,Valby,55.672955,12.483366
Circle K,"CIRCLE K VIGERSLEVVEJ, VALBY","Vigerslevvej 229, 2500 Valby",2500,Valby,55.65413,12.487673
Circle K,"CIRCLE K PARK ALLE, BRØNDBY","Park Alle 240, 2605 Brøndby",2605,Brøndby,55.654453,12.405257
Circle K,CIRCLE K JYLLINGEVEJ,"Jyllingevej 166, 2610 Rødovre",2610,Rødovre,55.69251,12.462675
Circle K,CIRCLE K ALBERTSLUND,"Roskildevej 18B, 2620 Albertslund",2620,Albertslund,55.663464,12.362194
Circle K,CIRCLE K KULDYSSEN,"Kuldyssen 2., 2630 Taastrup",2630,Taastrup,55.646915,12.288192
Circle K,CIRCLE K TAASTRUP,"Taastrup Hovedgade 25, 2630 Taastrup",2630,Taastrup,55.65606,12.307498
Circle K,"CIRCLE K ISHØJ PARKVEJ, ISHØJ","Ishøj Parkvej 2, 2635 Ishøj",2635,Ishøj,55.61777,12.345675
Circle K,CIRCLE K LANDLYSTVÆNGE,"Landlyst Vænge 1, 2635 Ishøj",2635,Ishøj,55.61662,12.351135
Circle K,CIRCLE K KETTEVEJ,"Kettevej 2, 2650 Hvidovre",2650,Hvidovre,55.64567,12.460125
Circle K,CIRCLE K BRØNDBY STRAND,"Gl. Køge Landevej 686, 2660 Brøndby Strand",2660,Brøndby Strand,55.61833,12.424602
Circle K,CIRCLE K GREVE STRAND,"Lillevangsvej 50, 2670 Greve",2670,Greve,55.600903,12.308432
Circle K,CIRCLE K STATIONSHOLMEN,"Stationsholmen 1, 2670 Greve",2670,Greve,55.582592,12.297162
Circle K,CIRCLE K EV TAXA 4X35,"Rosenlunds Allé 8, 2720 Vanløse",2720,Vanløse,55.692508,12.480912
Circle K,CIRCLE K HERLEV,"Hjortespringvej 115, 2730 Herlev",2730,Herlev,55.73744,12.431502
Circle K,CIRCLE K HERLEV HOVEDGADE,"Herlev Hovedgade 56, 2730 Herlev",2730,Herlev,55.720232,12.4496
Circle K,CIRCLE K BALLERUP BYVEJ,"Ballerup Byvej 115, 2750 Ballerup",2750,Ballerup,55.731316,12.374895
Circle K,CIRCLE K TEMPOVEJ,"Tempovej 25, 2750 Ballerup",2750,Ballerup,55.722946,12.377206
Circle K,CIRCLE K MÅLØV,"Måløv Hovedgade 3, 2760 Måløv",2760,Måløv,55.746906,12.323718
Circle K,CIRCLE K AMAGER LANDEVEJ,"Amager Landevej 153, 2770 Kastrup",2770,Kastrup,55.627132,12.624194
Circle K,CIRCLE K KYSTVEJEN,"Kystvejen 1, 2770 Kastrup",2770,Kastrup,55.63136,12.657041
Circle K,CIRCLE K DRAGØR,"Møllevej 10, 2791 Dragør",2791,Dragør,55.59194,12.634229
Circle K,"CIRCLE K LYNGBYGÅRDSVEJ, LYNGBY","Lyngbygårdsvej 138, 2800 Kongens Lyngby",2800,Kongens Lyngby,55.775238,12.521568
Circle K,CIRCLE K JÆGERSBORG ALLE,"Jægersborg Alle 149, 2820 Gentofte",2820,Gentofte,55.762154,12.535922
Circle K,CIRCLE K KILDEGÅRDS PLADS,"Kildegårds Plads 4, 2820 Gentofte",2820,Gentofte,55.73823,12.540091
Circle K,"CIRCLE K NYBROVEJ, GENTOFTE","Nybrovej 45, 2820 Gentofte",2820,Gentofte,55.75495,12.512993
Circle K,"CIRCLE K KONGEVEJEN, VIRUM","Kongevejen 205, 2830 Virum",2830,Virum,55.797188,12.48096
Circle K,CIRCLE K GLADSAXE MØLLEVEJ,"Gladsaxe Møllevej 12, 2860 Søborg",2860,Søborg,55.733616,12.476633
Circle K,"CIRCLE K BERNSTORFFSVEJ, HELLERUP","Bernstorffsvej 115, 2900 Hellerup",2900,Hellerup,55.745308,12.556473
Circle K,"CIRCLE K STRANDVEJEN, HELLERUP","Strandvejen 40, 2900 Hellerup",2900,Hellerup,55.723106,12.577913
Circle K,CIRCLE K KLAMPENBORG,"Strandvejen 455, 2930 Klampenborg",2930,Klampenborg,55.777866,12.590081
Circle K,CIRCLE K RUNGSTED,"Rungsted Strandvej 125, 2960 Rungsted Kyst",2960,Rungsted Kyst,55.885178,12.54291
Circle K,CIRCLE K USSERØD KONGEVEJ,"Usserød Kongevej 23, 2970 Hørsholm",2970,Hørsholm,55.883297,12.497684
Circle K,CIRCLE K NIVÅ,"Niverød Kongevej 10, 2990 Nivå",2990,Nivå,55.937553,12.487191
Circle K,CIRCLE K HELSINGØR,"Kongevejen 26, 3000 Helsingør",3000,Helsingør,56.030334,12.60131
Circle K,CIRCLE K HUMLEBÆK,"Baunebjergvej 1, 3050 Humlebæk",3050,Humlebæk,55.964752,12.521259
Circle K,CIRCLE K ESPERGÆRDE,"Hovvej 54, 3060 Espergærde",3060,Espergærde,55.99012,12.534012
Circle K,CIRCLE K HELSINGE,"Rundinsvej 52, 3200 Helsinge",3200,Helsinge,56.015972,12.198481
Circle K,CIRCLE K VEJBY,"Rågelejevej 1, 3210 Vejby",3210,Vejby,56.066788,12.139882
Circle K,CIRCLE K GILLELEJE,"Bonderupvej 2a, 3250 Gilleleje",3250,Gilleleje,56.121655,12.31318
Circle K,CIRCLE K KREGME,"Hillerødvej 103a, Kregme, 3300 Frederiksværk",3300,Frederiksværk,55.946922,12.047711
Circle K,CIRCLE K EV HILLERØD,"Herredsvejen 10, 3400 Hillerød",3400,Hillerød,55.935083,12.262417
Circle K,CIRCLE K HILLERØD,"Københavnsvej 10, 3400 Hillerød",3400,Hillerød,55.933431,12.312074
Circle K,CIRCLE K ALLERØD,"Gl Lyngevej 12, 3450 Allerød",3450,Allerød,55.869404,12.346759
Circle K,CIRCLE K BIRKERØD,"Bistrupvej 80, 3460 Birkerød",3460,Birkerød,55.83176,12.4292
Circle K,CIRCLE K FREDENSBORG,"Kongevejen 42, 3480 Fredensborg",3480,Fredensborg,55.968323,12.402999
Circle K,CIRCLE K SLANGERUP,"Kongensgade 51-53, 3550 Slangerup",3550,Slangerup,55.850754,12.172581
Circle K,CIRCLE K FREDERIKSSUND,"Frederiksværkvej 16, 3600 Frederikssund",3600,Frederikssund,55.843834,12.066035
Circle K,CIRCLE K ØLSTYKKE,"Frederikssundsvej 225, 3650 Ølstykke",3650,Ølstykke,55.779007,12.173989
Circle K,CIRCLE K RØNNE,"Zahrtmannsvej 99, Rundkørslen, 3700 Rønne",3700,Rønne,55.097794,14.712384
Circle K,CIRCLE K ALLINGE,"Nordre Borrelyngvej 1A, 3770 Allinge",3770,Allinge,55.271805,14.79934
Circle K,"CIRCLE K KØBENHAVNSVEJ, ROSKILDE","Københavnsvej 20, 4000 Roskilde",4000,Roskilde,55.640587,12.097626
Circle K,CIRCLE K RINGSTEDV.ROSKILDE,"Ringstedvej 107, 4000 Roskilde",4000,Roskilde,55.619175,12.052157
Circle K,CIRCLE K RUNDKØRSLEN ROSKILDE,"Frederiksborgvej 45, 4000 Roskilde",4000,Roskilde,55.65036,12.084395
Circle K,"CIRCLE K SØNDRE RINGVEJ, ROSKILDE","Søndre Ringvej 26, 4000 Roskilde",4000,Roskilde,55.630783,12.082466
Circle K,CIRCLE K JYLLINGE,"Rådalsvej 81, 4040 Jyllinge",4040,Jyllinge,55.760216,12.111481
Circle K,CIRCLE K SKIBBY,"Hovedgaden 1, 4050 Skibby",4050,Skibby,55.754479,11.95927
Circle K,CIRCLE K KIRKE SÅBY,"Landevejen 51, 4060 Kirke Såby",4060,Kirke Såby,55.63972,11.830753
Circle K,CIRCLE K BENLØSE,"Roskildevej 160, Benløse, 4100 Ringsted",4100,Ringsted,55.4602,11.799695
Circle K,CIRCLE K RINGSTED,"Næstvedvej 19, 4100 Ringsted",4100,Ringsted,55.43883,11.792675
Circle K,CIRCLE K MOTORVEJSCENTER SORØ,"Vestmotorvejen 368a, Tuelsø Nord, 4180 Sorø",4180,Sorø,55.454853,11.608874
Circle K,"CIRCLE K MARIENDALS ALLE, SLAGELSE","Mariendals Alle 42, 4200 Slagelse",4200,Slagelse,55.397953,11.340855
Circle K,"CIRCLE K SMEDEGADE, SLAGELSE","Smedegade 34, 4200 Slagelse",4200,Slagelse,55.407124,11.367127
Circle K,CIRCLE K TRAFIKCENTER SLAGELSE,"Trafikcenter Allé 6, 4200 Slagelse",4200,Slagelse,55.387676,11.362741
Circle K,CIRCLE K KORSØR,"Tårnborgvej 78, 4220 Korsør",4220,Korsør,55.338627,11.140624
Circle K,CIRCLE K SKÆLSKØR,"Næstvedvej 78, 4230 Skælskør",4230,Skælskør,55.25433,11.312597
Circle K,CIRCLE K DIANALUND,"Karsholtevej 35A, 4293 Dianalund",4293,Dianalund,55.533154,11.487268
Circle K,"CIRCLE K KALUNDBORGVEJ, HOLBÆK","Kalundborgvej 130, 4300 Holbæk",4300,Holbæk,55.714706,11.677705
Circle K,"CIRCLE K ROSKILDEVEJ, HOLBÆK","Roskildevej 195, 4300 Holbæk",4300,Holbæk,55.697792,11.72681
Circle K,"CIRCLE K VALDEMAR SEJRSVEJ, HOLBÆK","Valdemar Sejrsvej 6, 4300 Holbæk",4300,Holbæk,55.717518,11.705831
Circle K,CIRCLE K OSTED,"Hovedvejen 141, 4320 Lejre",4320,Lejre,55.559578,11.961359
Circle K,"CIRCLE K ESBERN SNARESV.,KAL","Esbern Snaresvej 4, 4400 Kalundborg",4400,Kalundborg,55.68444,11.090903
Circle K,CIRCLE K JYDERUP,"Holbækvej 45, 4450 Jyderup",4450,Jyderup,55.66416,11.41038
Circle K,CIRCLE K SNERTINGE,"Kalundborgvej 26, 4460 Snertinge",4460,Snertinge,55.71159,11.382697
Circle K,CIRCLE K SVINNINGE,"Holbækvej 13, 4520 Svinninge",4520,Svinninge,55.72314,11.474351
Circle K,CIRCLE K ASNÆS,"Centervej 1, 4550 Asnæs",4550,Asnæs,55.813034,11.499516
Circle K,"CIRCLE K KØBENHAVNSVEJ, KØGE","Københavnsvej 110, 4600 Køge",4600,Køge,55.480274,12.18637
Circle K,"CIRCLE K NORDHØJ, KØGE","Nordhøj 4, 4600 Køge",4600,Køge,55.488537,12.162229
Circle K,CIRCLE K VORDINGBORGV KØGE,"Vordingborgvej 9, 4600 Køge",4600,Køge,55.446426,12.172938
Circle K,CIRCLE K BJÆVERSKOV,"Ringstedvej 506, 4632 Bjæverskov",4632,Bjæverskov,55.460606,12.026854
Circle K,CIRCLE K HÅRLEV,"Faksevej 1a, 4652 Hårlev",4652,Hårlev,55.345894,12.239953
Circle K,CIRCLE K HERFØLGE,"Vordingborgvej 125A, 4681 Herfølge",4681,Herfølge,55.414005,12.138551
Circle K,"CIRCLE K HAVNEGADE, NÆSTVED","Havnegade 60, 4700 Næstved",4700,Næstved,55.223568,11.758257
Circle K,CIRCLE K SCT. JØRGENS PARK,"Sct Jørgens Park 94, 4700 Næstved",4700,Næstved,55.216717,11.753695
Circle K,"CIRCLE K BÅRSE RUNDDEL, PRÆSTØ","Næstvedvej 32, Bårse Runddel, 4720 Præstø",4720,Præstø,55.121193,11.96894
Circle K,CIRCLE K EV TAPPERNØJE VEST,"Sydmotorvejen 380, Vest, 4733 Tappernøje",4733,Tappernøje,55.169434,11.956968
Circle K,CIRCLE K MC TAPPERNØJE ØST,"Sydmotorvejen 383, Øst, 4733 Tappernøje",4733,Tappernøje,55.165688,11.958496
Circle K,"CIRCLE K NÆSTVEDVEJ, VORDINGBORG","Næstvedvej 36-38, 4760 Vordingborg",4760,Vordingborg,55.01569,11.897383
Circle K,CIRCLE K GÅBENSEVEJ NYK. F,"Gaabensevej 112, 4800 Nykøbing F",4800,Nykøbing F,54.78164,11.867331
Circle K,CIRCLE K NAKSKOV,"Rødbyvej 143, 4900 Nakskov",4900,Nakskov,54.82382,11.151942
Circle K,CIRCLE K MARIBO,"Vesterbrogade 45, 4930 Maribo",4930,Maribo,54.775314,11.488558
Circle K,"CIRCLE K HJALLESEVEJ, ODENSE C","Hjallesevej 25, 5000 Odense C",5000,Odense C,55.390366,10.396103
Circle K,CIRCLE K NYBORGVEJ,"Nyborgvej 121, 5000 Odense C",5000,Odense C,55.393234,10.414041
Circle K,CIRCLE K ODENSE V,"Middelfartvej 53, 5200 Odense V",5200,Odense V,55.394314,10.356968
Circle K,CIRCLE K FRUENS BØGE,"Fåborgvej 122, Fruens Bøge, 5250 Odense SV",5250,Odense SV,55.36785,10.35714
Circle K,CIRCLE K HJALLESE,"Svendborgvej 1, Hjallese, 5260 Odense S",5260,Odense S,55.361855,10.391624
Circle K,CIRCLE K ODENSE SØ,"Drejebænken 15, 5260 Odense S",5260,Odense S,55.35353,10.41896
Circle K,CIRCLE K NÆSBY,"Bogensevej 102, Næsby, 5270 Odense N",5270,Odense N,55.422646,10.346726
Circle K,CIRCLE K KERTEMINDE,"Grønlandsgade 1, 5300 Kerteminde",5300,Kerteminde,55.4517,10.66131
Circle K,CIRCLE K BULLERUP,"Kertemindevej 315, Bullerup, 5320 Agedrup",5320,Agedrup,55.431465,10.475534
Circle K,CIRCLE K BOGENSE,"Odensevej 136, 5400 Bogense",5400,Bogense,55.551136,10.091786
Circle K,CIRCLE K MIDDELFART,"Odensevej 96, 5500 Middelfart",5500,Middelfart,55.501427,9.747985
Circle K,CIRCLE K GLAMSBJERG,"Odensevej 14, 5620 Glamsbjerg",5620,Glamsbjerg,55.26988,10.113066
Circle K,CIRCLE K SVENDBORG,"Grusvig 1, 5700 Svendborg",5700,Svendborg,55.06348,10.619177
Circle K,CIRCLE K TÅSINGE,"Sundbrovej 1, 5700 Svendborg",5700,Svendborg,55.041454,10.611732
Circle K,CIRCLE K NR. LYNDELSE,"Albanivej 20, Nr. Lyndelse, 5792 Årslev",5792,Årslev,55.304966,10.395108
Circle K,CIRCLE K NYBORG,"Vestergade 33, 5800 Nyborg",5800,Nyborg,55.318344,10.781867
Circle K,CIRCLE K NYBORG MANGO,"Storebæltsvej 1, 5800 Nyborg",5800,Nyborg,55.309704,10.805566
Circle K,"CIRCLE K BUEN, KOLDING","Buen 13, 6000 Kolding",6000,Kolding,55.487823,9.48101
Circle K,"CIRCLE K HADERSLEVVEJ, KOLDING","Haderslevvej 189, 6000 Kolding",6000,Kolding,55.471153,9.471202
Circle K,"CIRCLE K VEJLEVEJ 168, KOLDING","Vejlevej 168, 6000 Kolding",6000,Kolding,55.507427,9.457254
Circle K,CIRCLE K EGTVED,"Vestergade 47, 6040 Egtved",6040,Egtved,55.616016,9.299737
Circle K,"CIRCLE K LAURIDS SKAUSGADE, HADERSLEV","Laurids Skaus Gade 21, 6100 Haderslev",6100,Haderslev,55.25385,9.483544
Circle K,CIRCLE K ÅBENRÅ,"Egevej 6, 6200 Aabenraa",6200,Aabenraa,55.065376,9.3658
Circle K,"CIRCLE K SKIBBROEN, ÅBENRÅ","Skibbroen 24, 6200 Aabenraa",6200,Aabenraa,55.040768,9.421787
Circle K,CIRCLE K TØNDER,"Ndr Landevej 8, 6270 Tønder",6270,Tønder,54.948032,8.875374
Circle K,CIRCLE K FRØSLEV ØST MOTORVEJSCENTER,"Sønderjyske Motorvej 765, 6330 Padborg",6330,Padborg,54.82619,9.32965
Circle K,CIRCLE K FRØSLEV VEST MOTORVEJSCENTER,"Sønderjyske Motorvej 764, 6330 Padborg",6330,Padborg,54.83247,9.33308
Circle K,CIRCLE K PADBORG,"Industrivej 20, 6330 Padborg",6330,Padborg,54.831596,9.351668
Circle K,CIRCLE K SØNDERBORG,"Nørrekobbel 1, 6400 Sønderborg",6400,Sønderborg,54.922688,9.78397
Circle K,CIRCLE K EV VTS VOJENS,"Fabriksvej 4, 6500 Vojens",6500,Vojens,55.24086,9.274692
Circle K,CIRCLE K USTRUP ØST MOTORVEJSCENTER,"Sønderjyske Motorvej 685, Øst, 6500 Vojens",6500,Vojens,55.21538,9.374601
Circle K,CIRCLE K USTRUP VEST MOTORVEJSCENTER,"Sønderjyske Motorvej 684, Vest, 6500 Vojens",6500,Vojens,55.21701,9.372065
Circle K,CIRCLE K VEJEN,"Frederik d. 7's gade 40, 6600 Vejen",6600,Vejen,55.482906,9.14776
Circle K,CIRCLE K GAMMELBY RINGVEJ,"Gammelby Ringvej 13, 6700 Esbjerg",6700,Esbjerg,55.462803,8.46836
Circle K,"CIRCLE K STRANDBY PLADS, ESBJERG","Strandbygade 94, 6700 Esbjerg",6700,Esbjerg,55.473385,8.436272
Circle K,CIRCLE K GJESING,"Stormgade 238, Gjesing, 6715 Esbjerg N",6715,Esbjerg N,55.507347,8.453415
Circle K,CIRCLE K RIBE,"Bohrsvej 1, 6760 Ribe",6760,Ribe,55.351543,8.778151
Circle K,"CIRCLE K RIBEVEJ, VARDE","Ribevej 27B, 6800 Varde",6800,Varde,55.61049,8.493376
Circle K,CIRCLE K VARDE,"Sønderbro 2, 6800 Varde",6800,Varde,55.617825,8.484062
Circle K,CIRCLE K ØLGOD,"Østvej 14, 6870 Ølgod",6870,Ølgod,55.808,8.628937
Circle K,CIRCLE K SKJERN,"Østergade 83, 6900 Skjern",6900,Skjern,55.951538,8.504437
Circle K,CIRCLE K SKÆRUP VEST MOTORVEJSCENTER,"Østjyske Motorvej 616A, 7000 Fredericia",7000,Fredericia,55.642895,9.558889
Circle K,"CIRCLE K SNAREMOSEVEJ, FREDERICIA","Snaremosevej 180, Erritsø, 7000 Fredericia",7000,Fredericia,55.537014,9.716913
Circle K,"CIRCLE K VEJLEVEJ, FREDERICIA","Vejlevej 26, 7000 Fredericia",7000,Fredericia,55.56964,9.723834
Circle K,CIRCLE K BØGEPARKEN,"Fredericiavej 151, 7100 Vejle",7100,Vejle,55.685028,9.560857
Circle K,CIRCLE K BOULEVARDEN,"Boulevarden 28, 7100 Vejle",7100,Vejle,55.712989,9.52262
Circle K,CIRCLE K EXXIT 59,"Transportvej 2, 7100 Vejle",7100,Vejle,55.74842,9.589551
Circle K,"CIRCLE K HORSENSVEJ, VEJLE","Horsensvej 121, 7100 Vejle",7100,Vejle,55.72255,9.570185
Circle K,CIRCLE K VEJLE,"Strandgade 28, 7100 Vejle",7100,Vejle,55.70805,9.544256
Circle K,CIRCLE K EJSTRUPHOLM,"Østergade 66, 7361 Ejstrupholm",7361,Ejstrupholm,55.981655,9.299244
Circle K,CIRCLE K LIND,"Hovedgaden 2 A, Lind, 7400 Herning",7400,Herning,56.10839,8.978475
Circle K,"CIRCLE K SILKEBORGVEJ, HERNING","Silkeborgvej 7, 7400 Herning",7400,Herning,56.135315,8.984815
Circle K,CIRCLE K IKAST,"Vestergade 34-38, 7430 Ikast",7430,Ikast,56.139355,9.149642
Circle K,CIRCLE K AULUM,"Smedegade 2, 7490 Aulum",7490,Aulum,56.262066,8.796094
Circle K,CIRCLE K LÆGÅRDVEJ,"Lægårdvej 91B, 7500 Holstebro",7500,Holstebro,56.365993,8.63735
Circle K,"CIRCLE K NØRREBROG, HOLSTEBRO","Nørrebrogade 12-14, 7500 Holstebro",7500,Holstebro,56.36407,8.612018
Circle K,CIRCLE K STRUER,"Holstebrovej 56, 7600 Struer",7600,Struer,56.488888,8.583344
Circle K,CIRCLE K ØSTERBAKKEN,"Østerbakken 63, 7700 Thisted",7700,Thisted,56.95708,8.706019
Circle K,CIRCLE K HANSTHOLM,"Bødkervej 25, 7730 Hanstholm",7730,Hanstholm,57.116226,8.628448
Circle K,"CIRCLE K HOLSTEBROVEJ, SKIVE","Holstebrovej 52, 7800 Skive",7800,Skive,56.569424,9.010713
Circle K,"CIRCLE K VIBORGVEJ, SKIVE","Viborgvej 93, 7800 Skive",7800,Skive,56.559414,9.049948
Circle K,"CIRCLE K NYKØBING, M","Vesterbro 1, 7900 Nykøbing M",7900,Nykøbing M,56.793064,8.853546
Circle K,"CIRCLE K SKANDERBORGVEJ, AARHUS","Skanderborgvej 39, 8000 Aarhus C",8000,Aarhus C,56.139793,10.18262
Circle K,CIRCLE K N.RINGGADE AARHUS,"Skovvangsvej 211, 8200 Aarhus N",8200,Aarhus N,56.174946,10.21608
Circle K,"CIRCLE K RANDERSVEJ, ÅRHUS","Randersvej 141, 8200 Aarhus N",8200,Aarhus N,56.18433,10.195708
Circle K,CIRCLE K ÅRHUS V,"Rytoften 1, 8210 Aarhus V",8210,Aarhus V,56.16631,10.150029
Circle K,CIRCLE K BRABRAND,"Silkeborgvej 573, 8220 Brabrand",8220,Brabrand,56.15237,10.129683
Circle K,CIRCLE K RISSKOV,"Grenåvej 150, 8240 Risskov",8240,Risskov,56.18947,10.219029
Circle K,CIRCLE K SKÅDE,"Stenvej 1, Skåde, 8270 Højbjerg",8270,Højbjerg,56.10738,10.207182
Circle K,CIRCLE K SLET,"Chr. X's Vej 253, Slet, 8310 Tranbjerg J",8310,Tranbjerg J,56.103946,10.14512
Circle K,CIRCLE K HØRNING,"Århusvej 13, 8362 Hørning",8362,Hørning,56.086327,10.040096
Circle K,CIRCLE K TILST,"Tilst Parkvej 3, Mundelstrup, 8381 Tilst",8381,Tilst,56.188046,10.090329
Circle K,CIRCLE K SØFTEN,"Århusvej 60, Søften, 8382 Hinnerup",8382,Hinnerup,56.23725,10.090095
Circle K,CIRCLE K EBELTOFT,"Vibæk Strandvej 6, 8400 Ebeltoft",8400,Ebeltoft,56.213425,10.677423
Circle K,CIRCLE K RØNDE,"Hovedgaden 74, 8410 Rønde",8410,Rønde,56.302593,10.468107
Circle K,CIRCLE K ANBÆK,"Anbækvej 123, Anbæk, 8450 Hammel",8450,Hammel,56.235146,9.855687
Circle K,"CIRCLE K FRAMLEV, HARLEV","Framlev Korsvej 10, Framlev, 8462 Harlev J",8462,Harlev J,56.151627,10.006268
Circle K,CIRCLE K GRENÅ,"Østerbrogade 10, 8500 Grenaa",8500,Grenaa,56.413727,10.885847
Circle K,"CIRCLE K BREGNEVEJ, SILKEBORG","Bregnevej 1, 8600 Silkeborg",8600,Silkeborg,56.186188,9.558218
Circle K,"CIRCLE K FREDERIKSBERG, SILKEBORG","Frederiksberggade 28, 8600 Silkeborg",8600,Silkeborg,56.1627,9.550434
Circle K,CIRCLE K KJELLERUP,"Parallelvej 6, 8620 Kjellerup",8620,Kjellerup,56.28389,9.414754
Circle K,CIRCLE K KNUDSTRUP,"Aalborgvej 29, Knudstrup, 8620 Kjellerup",8620,Kjellerup,56.26562,9.313786
Circle K,CIRCLE K EV EJER BAUNEHØJ VEST,"Østjyske Motorvej 536, 8660 Skanderborg",8660,Skanderborg,55.978728,9.864966
Circle K,CIRCLE K EV EJER BAVNEHØJ,"Østjyske Motorvej 545, 8660 Skanderborg",8660,Skanderborg,55.977295,9.870435
Circle K,"CIRCLE K ØRSTEDSVEJ, SKANDERBORG","Ørstedsvej 6, 8660 Skanderborg",8660,Skanderborg,56.06853,9.978161
Circle K,CIRCLE K SKANDERBORG,"Højvangen 2, 8660 Skanderborg",8660,Skanderborg,56.048374,9.946265
Circle K,"CIRCLE K ALLEGADE, HORSENS","Allegade 65, 8700 Horsens",8700,Horsens,55.86728,9.844407
Circle K,"CIRCLE K BJERREVEJ, HORSENS","Bjerrevej 99, Dagnæs, 8700 Horsens",8700,Horsens,55.843517,9.847332
Circle K,CIRCLE K RECHARGE CITY,"Kai Lindbergs Vej 2A, 8700 Horsens",8700,Horsens,55.845226,9.733804
Circle K,CIRCLE K HEDENSTED,"Hovedvejen 32, 8722 Hedensted",8722,Hedensted,55.777836,9.714135
Circle K,"CIRCLE K INDRE RINGVEJ, VIBORG","Indre Ringvej 2, 8800 Viborg",8800,Viborg,56.450149,9.391868
Circle K,CIRCLE K BJERRINGBRO,"Pilevej 18, 8850 Bjerringbro",8850,Bjerringbro,56.379795,9.672328
Circle K,"CIRCLE K VIBORGVEJ, RANDERS","Viborgvej 94, 8920 Randers NV",8920,Randers NV,56.46539,10.003808
Circle K,"CIRCLE K HADSUNDVEJ, RANDERS","Hadsundvej 114, 8930 Randers NØ",8930,Randers NØ,56.47618,10.042169
Circle K,CIRCLE K AARHUSVEJ RANDERS,"Århusvej 98, 8940 Randers SV",8940,Randers SV,56.439297,10.049869
Circle K,CIRCLE K ASSENTOFT,"Storegade 12, Assentoft, 8960 Randers SØ",8960,Randers SØ,56.439747,10.137008
Circle K,CIRCLE K HASSERIS,"Hasseris Bymidte 2, 9000 Aalborg",9000,Aalborg,57.036846,9.884046
Circle K,"CIRCLE K HOBROVEJ, AALBORG","Hobrovej 48, 9000 Aalborg",9000,Aalborg,57.03421,9.908386
Circle K,"CIRCLE K SØNDERBRO, AALBORG","Sønderbro 24, 9000 Aalborg",9000,Aalborg,57.03937,9.931326
Circle K,CIRCLE K AALBORG Ø,"Hadsundvej 212, 9220 Aalborg Øst",9220,Aalborg Øst,57.02033,9.967299
Circle K,CIRCLE K NØRRESUNDBY,"Løvbakken 2, 9400 Nørresundby",9400,Nørresundby,57.07118,9.926582
Circle K,CIRCLE K HOBRO,"Aalborgvej 2, 9500 Hobro",9500,Hobro,56.64993,9.79446
Circle K,CIRCLE K MOTORVEJSCENTER HIMMERLAND,"Nordjyske Motorvej 318, 9541 Suldrup",9541,Suldrup,56.84353,9.742312
Circle K,CIRCLE K HADSUND,"Himmerlandsgade 12, 9560 Hadsund",9560,Hadsund,56.71781,10.110683
Circle K,CIRCLE K AARS,"Aggersundvej 77, 9600 Aars",9600,Aars,56.801853,9.539448
Circle K,CIRCLE K NØRAGER,"Industriparken 2, 9610 Nørager",9610,Nørager,56.783142,9.695156
Circle K,CIRCLE K BRØNDERSLEV,"Hjørringvej 3, 9700 Brønderslev",9700,Brønderslev,57.26835,9.96949
Circle K,"CIRCLE K RINGVEJEN, HJØRRING","Heerfordtsvej 2, 9800 Hjørring",9800,Hjørring,57.449593,10.010616
Circle K,CIRCLE K HIRTSHALS,"Vestergade 1, 9850 Hirtshals",9850,Hirtshals,57.58795,9.958182
Circle K,"CIRCLE K DANMARKSGADE, FREDERIKSHAVN","Danmarksgade 15, 9900 Frederikshavn",9900,Frederikshavn,57.444103,10.539107
F24,"København K, Landgreven 10","Landgreven 10, 1301 København K",1301,København K,55.683266,12.58511
F24,"København S, Arne Jacobsens Alle 7","Arne jacobsens alle 7, 2300 København S",2300,København S,55.631721,12.57426
F24,"Brøndby, Park Alle 125","Park alle 125, 2605 Brøndby",2605,Brøndby,55.654053,12.427949
F24,"Rødovre, Roskildevej 300","Roskildevej 300, 2610 Rødovre",2610,Rødovre,55.671925,12.462527
F24,"Albertslund, Egelundsvej 26","Egelundsvej 26, 2620 Albertslund",2620,Albertslund,55.670963,12.339604
F24,"Vallensbæk Strand, Vallensbæk Strandvej 62","Vallensbæk Strandvej 62, 2665 Vallensbæk Strand",2665,Vallensbæk Strand,55.618595,12.399817
F24,"Greve, Hundige Bygade 73","Hundige Bygade 73, 2670 Greve",2670,Greve,55.60511,12.327203
F24,"Skovlunde, Skovlunde Byvej 29","Skovlunde byvej 29, 2740 Skovlunde",2740,Skovlunde,55.725746,12.409684
F24,"Måløv, Måløv Hovedgade 1","Måløv Hovedgade 1, 2760 Måløv",2760,Måløv,55.74646,12.324785
F24,"Lyngby, Buddingevej 81-83","Buddingevej 81-83, 2800 Lyngby",2800,Lyngby,55.760334,12.495821
F24,"Virum, Kongevejen 111","Kongevejen 111, 2830 Virum",2830,Virum,55.788563,12.487095
F24,"Hellerup, Bernstorffsvej 160","Bernstorffsvej 160, 2900 Hellerup",2900,Hellerup,55.746574,12.557406
F24,"Hellerup, Strandvejen 70","Strandvejen 70, 2900 Hellerup",2900,Hellerup,55.728756,12.57662
F24,"Rungsted Kyst, Pennehave 2-8","Pennehave 2-8, 2960 Rungsted Kyst",2960,Rungsted Kyst,55.882671,12.522879
F24,"Kokkedal, Holmegårdsvej/Højengen 1","Holmegårdsvej/højengen 1, 2980 Kokkedal",2980,Kokkedal,55.909573,12.490645
F24,"Helsinge, Frederiksborgvej 41","Frederiksborgvej 41, 3200 Helsinge",3200,Helsinge,56.018738,12.201386
F24,"Helsinge, Rundinsvej 47","Rundinsvej 47, 3200 Helsinge",3200,Helsinge,56.016083,12.199159
F24,"Frederiksværk, Nørregade 38","Nørregade 38, 3300 Frederiksværk",3300,Frederiksværk,55.976978,12.019093
F24,"Hundested, Ullerup Skovvej 2","Ullerup Skovvej 2, 3390 Hundested",3390,Hundested,55.961689,11.889694
F24,"Hillerød, Fredensborgvej 69","Fredensborgvej 69, 3400 Hillerød",3400,Hillerød,55.948807,12.314702
F24,"Hillerød, Frejasvej 23D","Frejasvej 23d, 3400 Hillerød",3400,Hillerød,55.932049,12.28795
F24,"Fredensborg, Slotsgade/Hovedvejen","Slotsgade/hovedvejen, 3480 Fredensborg",3480,Fredensborg,55.975826,12.397202
F24,"Nyrup, Kongevejen 274","Kongevejen 274, 3490 Nyrup",3490,Nyrup,56.0014,12.514957
F24,"Værløse, Kollekollevej/Skolekrogen 2","Kollekollevej/Skolekrogen 2, 3500 Værløse",3500,Værløse,55.778679,12.394755
F24,"Frederikssund, Frederiksborgvej 1","Frederiksborgvej 1, 3600 Frederikssund",3600,Frederikssund,55.8414,12.06625
F24,"Frederikssund, Jernbanegade 43","Jernbanegade 43, 3600 Frederikssund",3600,Frederikssund,55.836266,12.066292
F24,"Stenløse, Frederikssundsvej 124","Frederikssundsvej 124, 3660 Stenløse",3660,Stenløse,55.767048,12.206496
F24,"Neksø, Havnegade 21","Havnegade 21, 3730 Nexø",3730,Nexø,55.063812,15.129908
F24,"Snogebæk, Hovedgaden 21","Hovedgaden 21, 3730 Snogebæk",3730,Snogebæk,55.023834,15.112734
F24,"Østermarie, Almindingensvej 34","Almindingensvej 34, 3751 Østermarie",3751,Østermarie,55.138897,15.007367
F24,"Gudhjem, Helligdomsvej 1","Helligdomsvej 1, 3760 Gudhjem",3760,Gudhjem,55.208508,14.971283
F24,"Roskilde, Ringstedvej 73","Ringstedvej 73, 4000 Roskilde",4000,Roskilde,55.628567,12.066365
F24,"Jyllinge, Østre Centervej 2","Østre Centervej 2, 4040 Jyllinge",4040,Jyllinge,55.750629,12.109191
F24,"Kirke Hyllinge, Elverdamsvej 308","Elverdamsvej 308, 4070 Kirke Hyllinge",4070,Kirke Hyllinge,55.709831,11.899433
F24,"Kirke Hyllinge, Vintapperbuen 1A","Vintapperbuen 1a, 4070 Kirke Hyllinge",4070,Kirke Hyllinge,55.702229,11.887844
F24,"Ringsted, Køgevej 40","Køgevej 40, 4100 Ringsted",4100,Ringsted,55.443066,11.802648
F24,"Ringsted, Nørretorv 59","Nørretorv 59, 4100 Ringsted",4100,Ringsted,55.451149,11.789208
F24,"Ringsted, Sorøvej 47","Sorøvej 47, 4100 Ringsted",4100,Ringsted,55.441456,11.780867
F24,"Sorø, Holbækvej 97","Holbækvej 97, 4180 Sorø",4180,Sorø,55.446873,11.557481
F24,"Slagelse, Mariendals Alle 36","Mariendals Alle 36, 4200 Slagelse",4200,Slagelse,55.398529,11.342207
F24,"Skælskør, Sorøvej 2-4","Sorøvej 2-4, 4230 Skælskør",4230,Skælskør,55.255081,11.300981
F24,"Holbæk, Kalundborgvej 301","Kalundborgvej 301, 4300 Holbæk",4300,Holbæk,55.709358,11.643077
F24,"Holbæk, Munkholmvej 53","Munkholmvej 53, 4300 Holbæk",4300,Holbæk,55.714886,11.732567
F24,"Springstrup N, Holbækmotorvejen 196","Holbækmotorvejen 196, 4300 Springstrup n",4300,Springstrup n,55.701427,11.65785
F24,"Springstrup S, Holbækmotorvejen 195","Holbækmotorvejen 195, 4300 Springstrup s",4300,Springstrup s,55.70171,11.649752
F24,"Tuse Nord, Kalundborgvej 220","Kalundborgvej 220, 4300 Tuse nord",4300,Tuse nord,55.709805,11.643085
F24,"Tølløse, Tølløsevej 55","Tølløsevej 55, 4340 Tølløse",4340,Tølløse,55.613888,11.763198
F24,"Kalundborg, Holbækvej 65","Holbækvej 65, 4400 Kalundborg",4400,Kalundborg,55.681576,11.113913
F24,"Nykøbing Sj, Rørvigvej 3","Rørvigvej 3, 4500 Nykøbing Sj",4500,Nykøbing Sj,55.92638,11.67055
F24,"Højby, Stenstrupvej 1","Stenstrupvej 1, 4573 Højby",4573,Højby,55.912842,11.592346
F24,"Køge, Nørre Boulevard 50","Nørre Boulevard 50, 4600 Køge",4600,Køge,55.463928,12.183489
F24,"Tureby, Vordingborgvej 336","Vordingborgvej 336, 4682 Tureby",4682,Tureby,55.364243,12.084213
F24,"Rønnede, Ny Næstvedvej 2","Ny Næstvedvej 2, 4683 Rønnede",4683,Rønnede,55.25803,12.020104
F24,"Udby, Københavnsvej 520","Københavnsvej 520, 4760 Udby",4760,Udby,55.064659,11.955374
F24,"Vordingborg, Københavnsvej 11","Københavnsvej 11, 4760 Vordingborg",4760,Vordingborg,55.009281,11.913316
F24,"Nykøbing F, Gåbensevej 127","Gaabensevej 127, 4800 Nykøbing F",4800,Nykøbing F,54.78196,11.866497
F24,"Odense C, Kochsgade 125","Kochsgade 125, 5000 Odense C",5000,Odense C,55.410496,10.408833
F24,"Bellinge, Brogårdsvej 35","Brogårdsvej 35, 5250 Bellinge",5250,Bellinge,55.333328,10.322066
F24,"Odense Sv, Fåborgvej 127","Faaborgvej 127, 5250 Odense SV",5250,Odense SV,55.368038,10.356295
F24,"Kerteminde, Ndr. Ringvej 56","Ndr. ringvej 56, 5300 Kerteminde",5300,Kerteminde,55.456711,10.653072
F24,"Bogense, Adelgade 104","Adelgade 104, 5400 Bogense",5400,Bogense,55.563461,10.092851
F24,"Vissenbjerg, Middelfartvej 1","Middelfartvej 1, 5492 Vissenbjerg",5492,Vissenbjerg,55.389999,10.136089
F24,"Middelfart, Nyvang 1","Nyvang 1, 5500 Middelfart",5500,Middelfart,55.509663,9.767612
F24,"Assens, Nørre Alle 18","Nørre Alle 18, 5610 Assens",5610,Assens,55.27462,9.908793
F24,"Svendborg, Dronningemaen 34","Dronningemaen 34, 5700 Svendborg",5700,Svendborg,55.063477,10.606436
F24,"Tåsinge, Sundbrovej 106","Sundbrovej 106, 5700 Tåsinge",5700,Tåsinge,54.995178,10.613819
F24,"Nyborg, Vestergade 18","Vestergade 18, 5800 Nyborg",5800,Nyborg,55.316494,10.790701
F24,"Kolding, Nr. Bjertevej 72","Nr. bjertevej 72, 6000 Kolding",6000,Kolding,55.512997,9.531227
F24,"Kolding, Vejlevej 79-81","Vejlevej 79-81, 6000 Kolding",6000,Kolding,55.501293,9.457294
F24,"Felsted, Østergade 41","Østergade 41, 6200 Felsted",6200,Felsted,54.980644,9.504919
F24,"Åbenrå, H. P. Hansensgade 30","H. p. hansensgade 30, 6200 Aabenraa",6200,Aabenraa,55.045803,9.42058
F24,"Åbenrå, Kystvej 54","Kystvej 54, 6200 Aabenraa",6200,Aabenraa,55.035477,9.420809
F24,"Tønder, Kongevej 6","Kongevej 6, 6270 Tønder",6270,Tønder,54.937828,8.867892
F24,"Broager, Brovej 90","Brovej 90, 6310 Broager",6310,Broager,54.893532,9.673832
F24,"Frøslev Øst, Sønderjyske Motorvej 765","Sønderjyske Motorvej 765, 6330 Frøslev øst",6330,Frøslev øst,54.82618,9.329424
F24,"Padborg, Thorsvej 1","Thorsvej 1, 6330 Padborg",6330,Padborg,54.829613,9.350086
F24,"Kruså, Flensborgvej 7","Flensborgvej 7, 6340 Kruså",6340,Kruså,54.845562,9.400715
F24,"Tinglev, Hovedgaden 54","Hovedgaden 54, 6360 Tinglev",6360,Tinglev,54.936161,9.24963
F24,"Ullerup, Avnbølvej 2","Avnbølvej 2, 6400 Ullerup",6400,Ullerup,54.968307,9.663366
F24,"Augustenborg, Banegårdsgade 9","Banegårdsgade 9, 6440 Augustenborg",6440,Augustenborg,54.945187,9.873582
F24,"Agerskov, Hovedgaden 58","Hovedgaden 58, 6534 Agerskov",6534,Agerskov,55.128735,9.138047
F24,"Vamdrup, Jernbanegade 23","Jernbanegade 23, 6580 Vamdrup",6580,Vamdrup,55.42931,9.286737
F24,"Vejen, Søndergade 109","Søndergade 109, 6600 Vejen",6600,Vejen,55.465611,9.134287
F24,"Rødding, Industrivej 2","Industrivej 2, 6630 Rødding",6630,Rødding,55.375198,9.055918
F24,"Esbjerg, Hjertingvej 24","Hjertingvej 24, 6700 Esbjerg",6700,Esbjerg,55.474724,8.434711
F24,"Hjerting, Sdr. Tobølvej 12","Sdr. tobølvej 12, 6710 Hjerting",6710,Hjerting,55.516994,8.371061
F24,"Ribe, Trojelsvej 24","Trojelsvej 24, 6760 Ribe",6760,Ribe,55.345921,8.778055
F24,"Skærbæk, Tøndervej 32","Tøndervej 32, 6780 Skærbæk",6780,Skærbæk,55.156078,8.771499
F24,"Varde, Ribevej 9","Ribevej 9, 6800 Varde",6800,Varde,55.612019,8.491961
F24,"Tarm, Åboulevarden 61","Åboulevarden 61, 6880 Tarm",6880,Tarm,55.915817,8.51764
F24,"Videbæk, Stationsvej 2","Stationsvej 2, 6920 Videbæk",6920,Videbæk,56.091656,8.636274
F24,"Hvide Sande, Nørregade 16","Nørregade 16, 6960 Hvide Sande",6960,Hvide Sande,56.007542,8.129913
F24,"Fredericia, Strandvejen 220","Strandvejen 220, 7000 Fredericia",7000,Fredericia,55.557304,9.728756
F24,"Vejle, Boulevarden 22","Boulevarden 22, 7100 Vejle",7100,Vejle,55.713406,9.522731
F24,"Vejle, Fredericiavej 39","Fredericiavej 39, 7100 Vejle",7100,Vejle,55.69492,9.542875
F24,"Juelsminde, Vejlevej 1","Vejlevej 1, 7130 Juelsminde",7130,Juelsminde,55.715092,10.002178
F24,"Billund, Kløvervej 6","Kløvervej 6, 7190 Billund",7190,Billund,55.723873,9.120643
F24,"Sønder Felding, Vardevej 151","Vardevej 151, 7280 Sønder Felding",7280,Sønder Felding,55.939903,8.787878
F24,"Herning, Absalonsvej 14","Absalonsvej 14, 7400 Herning",7400,Herning,56.134167,9.003522
F24,"Søby V, Midtjyske Motorvej 135","Midtjyske motorvej 135, 7400 Søby v",7400,Søby v,56.039959,9.000568
F24,"Søby Ø, Midtjyske Motorvej 134","Midtjyske motorvej 134, 7400 Søby ø",7400,Søby ø,56.038425,9.004576
F24,"Ikast, Vestergade 60","Vestergade 60, 7430 Ikast",7430,Ikast,56.138691,9.142666
F24,"Engesvang, Gl. Kongevej 35","Gl Kongevej 35, 7442 Engesvang",7442,Engesvang,56.166336,9.349081
F24,"Frederiks, Nørregade 34","Nørregade 34, 7470 Frederiks",7470,Frederiks,56.342972,9.24976
F24,"Holstebro, Viborgvej 31","Viborgvej 31, 7500 Holstebro",7500,Holstebro,56.359741,8.633968
F24,"Struer, Holstebrovej 2 B","Holstebrovej 2 b, 7600 Struer",7600,Struer,56.495003,8.582888
F24,"Lemvig, Storegade 50","Storegade 50, 7620 Lemvig",7620,Lemvig,56.548122,8.297359
F24,"Thisted, Thisted Kystvej 9","Thisted Kystvej 9, 7700 Thisted",7700,Thisted,56.952393,8.692239
F24,"Hanstholm, Thistedvej 11","Thistedvej 11, 7730 Hanstholm",7730,Hanstholm,57.108437,8.640833
F24,"Hurup Thy, Bredgade 39","Bredgade 39, 7760 Hurup Thy",7760,Hurup Thy,56.746349,8.429126
F24,"Thyholm, Hovedvejen 56","Hovedvejen 56, 7790 Thyholm",7790,Thyholm,56.636269,8.512005
F24,"Skive, Resenvej 26","Resenvej 26, 7800 Skive",7800,Skive,56.57254,9.030758
F24,"Nykøbing M, Fruevej 30","Fruevej 30, 7900 Nykøbing M",7900,Nykøbing M,56.785599,8.845175
F24,"Århus V, Viborgvej 203","Viborgvej 203, 8210 Aarhus V",8210,Aarhus V,56.17231,10.153692
F24,"Tranebjerg, Langgade 24","Langgade 24, 8305 Tranebjerg",8305,Tranebjerg,55.833225,10.593507
F24,"Beder, Kirkebakken 2","Kirkebakken 2, 8330 Beder",8330,Beder,56.058964,10.204804
F24,"Tirstrup, Århusvej 42","Århusvej 42, 8400 Tirstrup",8400,Tirstrup,56.301262,10.686589
F24,"Grenå, Århusvej 86","Århusvej 86, 8500 Grenaa",8500,Grenaa,56.40337,10.874312
F24,"Løgten, Grenåvej 740F","Grenåvej  740f, 8541 Løgten",8541,Løgten,56.274891,10.314532
F24,"Kolind, Centervej 2","Centervej 2, 8560 Kolind",8560,Kolind,56.354328,10.571349
F24,"Virklund, Horsensvej 6","Horsensvej 6, 8600 Virklund",8600,Virklund,56.141113,9.559238
F24,"Bryrup, Hovedgaden 37","Hovedgaden 37, 8654 Bryrup",8654,Bryrup,56.022167,9.510123
F24,"Horsens, Claus Cortensgade 10","Claus cortensgade 10, 8700 Horsens",8700,Horsens,55.86087,9.838071
F24,"Brædstrup, Søndergade 92","Søndergade 92, 8740 Brædstrup",8740,Brædstrup,55.965618,9.610722
F24,"Viborg, Koldingvej 130","Koldingvej 130, 8800 Viborg",8800,Viborg,56.430672,9.387965
F24,"Hammershøj, Randersvej 34","Randersvej 34, 8830 Hammershøj",8830,Hammershøj,56.499744,9.756505
F24,"Drastrup, Ebeltoftvej 3","Ebeltoftvej 3, 8960 Drastrup",8960,Drastrup,56.440502,10.180573
F24,"Auning, Vestergade 43","Vestergade 43, 8963 Auning",8963,Auning,56.431759,10.366622
F24,"Aalborg, Hasserisvej 102","Hasserisvej 102, 9000 Aalborg",9000,Aalborg,57.045223,9.90159
F24,"Ålborg Sø, Gugvej 168","Gugvej 168, 9210 Aalborg SØ",9210,Aalborg SØ,57.010071,9.925741
F24,"Dronninglund, Slotsgade 52","Slotsgade 52, 9330 Dronninglund",9330,Dronninglund,57.15921,10.287837
F24,"Vildmosen, Hirtshalsmotovejen 74","Hirtshalsmotovejen 74, 9382 Vildmosen",9382,Vildmosen,57.223934,9.937849
F24,"Nørre Uttrup, Hjørringvej 59","Hjørringvej 59, 9400 Nørre uttrup",9400,Nørre uttrup,57.067387,9.944137
F24,"Vadum, Ellehammersvej 2","Ellehammersvej 2, 9430 Vadum",9430,Vadum,57.110184,9.856965
F24,"Brovst, Østergade 68","Østergade 68, 9460 Brovst",9460,Brovst,57.097496,9.532271
F24,"Støvring, Hobrovej 119","Hobrovej 119, 9530 Støvring",9530,Støvring,56.884491,9.839543
F24,"Års, Vestre Boulevard 21","Vestre Boulevard 21, 9600 Aars",9600,Aars,56.802284,9.50439
F24,"Fjerritslev, Vestergade 28","Vestergade 28, 9690 Fjerritslev",9690,Fjerritslev,57.088539,9.260229
F24,"Hjørring, Sprogøvej 2","Sprogøvej 2, 9800 Hjørring",9800,Hjørring,57.455303,10.039454
F24,"Hirtshals, Østergade 59","Østergade 59, 9850 Hirtshals",9850,Hirtshals,57.587608,9.977722
F24,"Sindal, Nørregade 21 A","Nørregade 21 a, 9870 Sindal",9870,Sindal,57.47298,10.201711
F24,"Frederikshavn, Koktvedvej 27","Koktvedvej 27, 9900 Frederikshavn",9900,Frederikshavn,57.433949,10.520659
F24,"Skagen, Hans Baghsvej 6","Hans Baghs Vej 6, 9990 Skagen",9990,Skagen,57.717209,10.579909
Go'on,Go'on Herlev,"Herlev Hovedgade 96, 2730 Herlev",2730,Herlev,55.722586,12.44356
Go'on,Go'on Virum,"Frederiksdalsvej 194, 2830 Virum",2830,Virum,55.792024,12.457553
Go'on,Go'on Frederikssund,"Pedersholmparken 1, 3600 Frederikssund",3600,Frederikssund,55.824578,12.092745
Go'on,Go'on Jægerspris,"Hovedgaden 36, 3630 Jægerspris",3630,Jægerspris,55.855117,11.984236
Go'on,Go'on Aagerup,"Gundsølillevej 7, 4000 Roskilde",4000,Roskilde,55.694258,12.16006
Go'on,Go'on Venslev,"Bygaden 13, 4050 Skibby",4050,Skibby,55.776378,11.90624
Go'on,Go'on Glumsø,"Sorøvej 2, 4171 Glumsø",4171,Glumsø,55.35556,11.686033
Go'on,Go'on Munke Bjergby,"Veddevej 24, 4190 Munke Bjergby",4190,Munke Bjergby,55.507427,11.551902
Go'on,Go'on Slagelse,"Idagårdsvej 20, 4200 Slagelse",4200,Slagelse,55.391877,11.352653
Go'on,Go'on Slagelse,"Sorøvej 13, 4200 Slagelse",4200,Slagelse,55.409893,11.3757
Go'on,Go'on Korsør,"Tårnborgvej 128, 4220 Korsør",4220,Korsør,55.342817,11.14108
Go'on,"Go'on Korsør, Energivej","Energivej 8 b, 4220 Korsør",4220,Korsør,55.354399,11.141422
Go'on,Go'on Brunemose,"Skælskørvej 57, 4250 Fuglebjerg",4250,Fuglebjerg,55.364921,11.52736
Go'on,Go'on Holbæk,"Springstrup 5, 4300 Holbæk",4300,Holbæk,55.703295,11.665365
Go'on,Go'on Holbæk,"Spånnebæk 1, 4300 Holbæk",4300,Holbæk,55.706881,11.71263
Go'on,Go'on Hvalsø,"Hovedgaden 38, 4330 Hvalsø",4330,Hvalsø,55.591922,11.862507
Go'on,Go'on Regstrup,"Skovvejen 11, 4420 Regstrup",4420,Regstrup,55.659572,11.581229
Go'on,Go'on Jyderup,"Holbækvej 46, 4450 Jyderup",4450,Jyderup,55.661903,11.405613
Go'on,Go'on Svinninge,"Hovedgaden 117A, 4520 Svinninge",4520,Svinninge,55.72085,11.450128
Go'on,Go'on Gundestrup,"Nykøbingvej 182, 4571 Grevinge",4571,Grevinge,55.794676,11.602173
Go'on,Go'on Rørvig,"Toldbodvej 10, 4581 Rørvig",4581,Rørvig,55.943265,11.754052
Go'on,Go'on Faxe,"Køgevej 2, 4640 Faxe",4640,Faxe,55.256712,12.097494
Go'on,Go'on Holmegaard,"Gartnervej 1, 4684 Holmegaard",4684,Holmegaard,55.259261,11.856882
Go'on,Go'on Jungshoved,"Jungshovedvej 51, 4720 Præstø",4720,Præstø,55.101344,12.137583
Go'on,Go'on Præstø,"Værkstedsvej 8, 4720 Præstø",4720,Præstø,55.114793,12.039355
Go'on,Go'on Karrebæksminde,"Karrebækvej 994, 4736 Karrebæksminde",4736,Karrebæksminde,55.180281,11.649618
Go'on,Go'on Sallerup,"Sallerup Gade 2, 4750 Lundby",4750,Lundby,55.084306,11.824385
Go'on,Go'on Vordingborg,"Marienbergvej 100, 4760 Vordingborg",4760,Vordingborg,55.002941,11.896356
Go'on,Go'on Vordingborg,"Højgaardsvej 2, 4760 Vordingborg",4760,Vordingborg,54.997625,12.002953
Go'on,Go'on Horreby,"Nykøbingvej 177, 4800 Nykøbing F",4800,Nykøbing F,54.804432,11.994288
Go'on,Go'on Nørre Alslev,"Nykøbingvej 7, 4840 Nr. Alslev",4840,Nr. Alslev,54.897513,11.871476
Go'on,"Go'on Nørre Alslev, Baltivej","Baltivej 10, 4840 Nørre Alslev",4840,Nørre Alslev,54.898748,11.917944
Go'on,Go'on Horbelev,"Grønsundsvej 355, 4871 Horbelev",4871,Horbelev,54.823784,12.055507
Go'on,Go'on Idestrup,"Møllevej 21, 4872 Idestrup",4872,Idestrup,54.741703,11.957126
Go'on,Go'on Maribo,"Europavej 7A, 4930 Maribo",4930,Maribo,54.779007,11.477885
Go'on,Go'on Bandholm,"Havnegade 1, 4941 Bandholm",4941,Bandholm,54.833702,11.482363
Go'on,Go'on Holeby,"Vestervej 3C, 4960 Holeby",4960,Holeby,54.708378,11.473456
Go'on,Go'on Sakskøbing,"Søndergade 21, 4990 Sakskøbing",4990,Sakskøbing,54.798292,11.638015
Go'on,"Go'on Odense, Risingsvej","Risingsvej 57A, 5000 Odense",5000,Odense,55.40328,10.423229
Go'on,Go'on Stige,"Stigevej 236, 5270 Odense N",5270,Odense N,55.43801,10.404601
Go'on,Go'on Rynkeby,"Bygade 56, 5350 Rynkeby",5350,Rynkeby,55.400015,10.612679
Go'on,Go'on Nørreby,"Bundgårdsballe 24, 5400 Bogense",5400,Bogense,55.590951,10.255299
Go'on,Go'on Søndersø,"Snavevej 1, 5471 Søndersø",5471,Søndersø,55.477093,10.251693
Go'on,Go'on Middelfart,"Skovsvinget 27C, 5500 Middelfart",5500,Middelfart,55.511753,9.766761
Go'on,Go'on Ullerslev,"Odensevej 42, 5540 Ullerslev",5540,Ullerslev,55.364525,10.663829
Go'on,Go'on Langeskov,"Odensevej 22, 5550 Langeskov",5550,Langeskov,55.362828,10.588197
Go'on,Go'on Aarup,"Gl.Hovedvej 27, 5560 Aarup",5560,Aarup,55.414327,10.054776
Go'on,Go'on Sandager,"Middelfartvej 95, 5610 Assens",5610,Assens,55.327194,9.937079
Go'on,Go'on Vester Hæsinge,"Birkevej 57, 5672 Broby",5672,Broby,55.196543,10.248359
Go'on,Go'on Svendborg,"Vestergade 78, 5700 Svendborg",5700,Svendborg,55.063243,10.594971
Go'on,Go'on Stenstrup,"Assensvej 218, 5771 Stenstrup",5771,Stenstrup,55.129916,10.499939
Go'on,Go'on Nyborg,"Kohavevænget 1, 5800 Nyborg",5800,Nyborg,55.330687,10.793495
Go'on,Go'on Skårup,"Nyborgvej 438, 5881 Skårup",5881,Skårup,55.089335,10.692777
Go'on,Go'on Rudkøbing,"Broløkken 1, 5900 Rudkøbing",5900,Rudkøbing,54.942289,10.719728
Go'on,Go'on Humble,"Eggertsvej 2A, 5932 Humble",5932,Humble,54.826212,10.699636
Go'on,Go'on Kolding,"Agtrupvej 61, 6000 Kolding",6000,Kolding,55.482431,9.476586
Go'on,Go'on Fjelstrup,"Fjelstrup Landevej 61, 6100 Haderslev",6100,Haderslev,55.318581,9.561587
Go'on,Go'on Haderslev,"Sverigesvej 2, 6100 Haderslev",6100,Haderslev,55.259396,9.474902
Go'on,Go'on Hoptrup,"Hoptrup Hovedgade 53, 6100 Haderslev",6100,Haderslev,55.177453,9.453835
Go'on,Go'on Starup,"Lyøvej 2, 6100 Haderslev",6100,Haderslev,55.242836,9.537286
Go'on,Go'on Løjt Kirkeby,"Løjt Storegade 13, 6200 Aabenraa",6200,Aabenraa,55.089281,9.460935
Go'on,Go'on Løgumkloster,"Østergade 4, 6240 Løgumkloster",6240,Løgumkloster,55.058357,8.953266
Go'on,Go'on Ballum,"Byvej 70, 6261 Bredebro",6261,Bredebro,55.075853,8.674179
Go'on,Go'on Bredebro,"Storegade 8, 6261 Bredebro",6261,Bredebro,55.058365,8.825268
Go'on,Go'on Tønder,"Ndr. Landevej 32, 6270 Tønder",6270,Tønder,54.951589,8.887684
Go'on,Go'on Bolderslev,"Hellevad-Bovvej 10, 6392 Bolderslev",6392,Bolderslev,54.992797,9.271371
Go'on,Go'on Arnum,"Vestergade 1, 6510 Gram",6510,Gram,55.247662,8.968779
Go'on,Go'on Gram,"Kongevej 55, 6510 Gram",6510,Gram,55.285522,9.04083
Go'on,Go'on Toftlund,"Melvang 1A, 6520 Toftlund",6520,Toftlund,55.184571,9.068108
Go'on,Go'on Bevtoft,"Krügersvej 38, 6541 Bevtoft",6541,Bevtoft,55.199782,9.206374
Go'on,Go'on Sommersted,"Storegade 25A, 6560 Sommersted",6560,Sommersted,55.319041,9.300073
Go'on,Go'on Vejen,"Søndergade 28, 6600 Vejen",6600,Vejen,55.472918,9.135935
Go'on,Go'on Jels,"Enghavevej 6, 6630 Rødding",6630,Rødding,55.357242,9.204278
Go'on,Go'on Holsted,"Storegade 21, 6670 Holsted",6670,Holsted,55.479967,8.909529
Go'on,Go'on Kvaglund,"Askekrattet 2, 6705 Esbjerg Ø",6705,Esbjerg Ø,55.494653,8.488159
Go'on,Go'on Hjerting,"Breinholtparken 4, 6710 Esbjerg V",6710,Esbjerg V,55.5346,8.363616
Go'on,Go'on Hunderup,"Kjærgårdsvej 34, 6740 Bramming",6740,Bramming,55.435625,8.719585
Go'on,Go'on Agerbæk,"Nørregade 4, 6753 Agerbæk",6753,Agerbæk,55.600073,8.801096
Go'on,Go'on Varde,"Hjertingevej 17, 6800 Varde",6800,Varde,55.614892,8.486134
Go'on,Go'on Lunde,"Skolegade 64A, 6830 Nørre Nebel",6830,Nørre Nebel,55.761971,8.370424
Go'on,Go'on Billum,"Vesterhavsvej 34, 6852 Billum",6852,Billum,55.617865,8.3291
Go'on,Go'on Billum,"Vesterhavsvej 40B, 6852 Billum",6852,Billum,55.618471,8.326725
Go'on,Go'on Bork,"Sønderbyvej 5, 6893 Hemmet",6893,Hemmet,55.834323,8.315085
Go'on,Go'on Astrup,"Højevej 25, 6900 Skjern",6900,Skjern,56.005601,8.600661
Go'on,Go'on Borris,"Skolevænget 44, 6900 Skjern",6900,Skjern,55.95578,8.655125
Go'on,Go'on Stauning,"Kirkebyvej 46a, 6900 Skjern",6900,Skjern,55.963541,8.372895
Go'on,Go'on Troldhede,"Nr. Virumvej 1A, 6920 Videbæk",6920,Videbæk,55.995787,8.736769
Go'on,Go'on Kibæk,"Sandfeldparken 14, 6933 Kibæk",6933,Kibæk,56.035103,8.850781
Go'on,Go'on Ringkøbing,"Søndervigvej 5, 6950 Ringkøbing",6950,Ringkøbing,56.091493,8.239287
Go'on,Go'on Bjerregaard,"Kirksvej 2, 6960 Hvide Sande",6960,Hvide Sande,55.864443,8.181302
Go'on,Go'on Hvide Sande,"Parallelvej 72, 6960 Hvide Sande",6960,Hvide Sande,56.017221,8.124374
Go'on,Go'on Ørnhøj,"Hovedgaden 1, 6973 Ørnhøj",6973,Ørnhøj,56.194841,8.569316
Go'on,Go'on Stadil,"Skelmosevej 89, 6980 Tim",6980,Tim,56.198743,8.214178
Go'on,Go'on Staby,"Stabyvej 59, 6990 Staby",6990,Staby,56.265635,8.2414
Go'on,Go'on Taulov,"Adelvej 61, 7000 Fredericia",7000,Fredericia,55.537302,9.625083
Go'on,Go'on Vejle,"Solkilde Allé 5C, 7100 Vejle",7100,Vejle,55.725323,9.583793
Go'on,Go'on Filskov,"Stationsvej 2, 7200 Grindsted",7200,Grindsted,55.812809,9.027785
Go'on,Go'on Grindsted,"Vestergade 94, 7200 Grindsted",7200,Grindsted,55.760669,8.913553
Go'on,Go'on Sønder Felding,"Hartvig Skramsvej 1, 7280 Sønder Felding",7280,Sønder Felding,55.935297,8.784336
Go'on,Go'on Givskud,"Vejlevej 65, 7323 Give",7323,Give,55.815781,9.348259
Go'on,Go'on Arnborg,"Skjernvej 2, 7400 Herning",7400,Herning,56.014852,8.996333
Go'on,Go'on Gjellerup,"Præstehaven 22, 7400 Herning",7400,Herning,56.146503,9.045412
Go'on,Go'on Herning,"Rønnebærvej 7, 7400 Herning",7400,Herning,56.132024,8.948569
Go'on,Go'on Herning,"Dæmningen 19, 7400 Herning",7400,Herning,56.131898,8.958762
Go'on,Go'on Ikast,"La Cours Vej 21, 7430 Ikast",7430,Ikast,56.121939,9.170429
Go'on,Go'on Borbjerg,"Købmandsgade 1, 7500 Holstebro",7500,Holstebro,56.406728,8.749698
Go'on,Go'on Holstebro,"Frøjkvej 22, 7500 Holstebro",7500,Holstebro,56.360359,8.601352
Go'on,Go'on Tvis,"Skautrupvej 1, 7500 Holstebro",7500,Holstebro,56.320034,8.709216
Go'on,Go'on Haderup,"Nørregade 6, 7540 Haderup",7540,Haderup,56.38904,8.994496
Go'on,Go'on Hjerm,"Vestre Hovedgade 36A, 7560 Hjerm",7560,Hjerm,56.438733,8.631737
Go'on,Go'on Nr. Nissum,"Hovedgaden 82, 7620 Lemvig",7620,Lemvig,56.554676,8.387311
Go'on,Go'on Bøvlingbjerg,"Tangsøgade 92, 7650 Bøvlingbjerg",7650,Bøvlingbjerg,56.438959,8.197442
Go'on,Go'on Thyborøn,"Harboørevej 16, 7680 Thyborøn",7680,Thyborøn,56.701937,8.21337
Go'on,Go'on Klitmøller,"Ørhagevej 64, 7700 Thisted",7700,Thisted,57.040114,8.497727
Go'on,Go'on Thisted,"Østerbakken 111, 7700 Thisted",7700,Thisted,56.968937,8.734324
Go'on,Go'on Vesløs,"Aalborgvej 219, 7742 Vesløs",7742,Vesløs,57.025021,9.015441
Go'on,Go'on Gettrup,"Ydbyvej 80, 7760 Hurup Thy",7760,Hurup Thy,56.720772,8.35805
Go'on,Go'on Oddesund,"Hovedvejen 6, 7790 Thyholm",7790,Thyholm,56.58207,8.547527
Go'on,Go'on Stoholm,"Østergade 24, 7850 Stoholm",7850,Stoholm,56.485072,9.154968
Go'on,Go'on Junget,"Fjordvej 102, 7870 Roslev",7870,Roslev,56.762282,9.100089
Go'on,Go'on Roslev,"Lodalvej 1, 7870 Roslev",7870,Roslev,56.698541,8.979198
Go'on,Go'on Frøslev,"Elsøvej 208, 7900 Nykøbing Mors",7900,Nykøbing Mors,56.802397,8.735519
Go'on,Go'on Sejerslev,"Sejersvej 26, 7900 Nykøbing Mors",7900,Nykøbing Mors,56.921961,8.866722
Go'on,Go'on Bjergby,"Korsbakkevej 17, 7950 Erslev",7950,Erslev,56.868374,8.733323
Go'on,Go'on Brabrand,"Silkeborgvej 691, 8220 Brabrand",8220,Brabrand,56.152943,10.091095
Go'on,Go'on Viby J,"Gunnar Clausens Vej 2A, 8260 Viby",8260,Viby,56.111053,10.12479
Go'on,Go'on Malling,"Ajstrupvej 8, 8340 Malling",8340,Malling,56.037924,10.193198
Go'on,Go'on Tilst,"Blomstervej 2A, 8381 Tilst",8381,Tilst,56.182381,10.123998
Go'on,Go'on Ebeltoft,"Færgevejen 3, 8400 Ebeltoft",8400,Ebeltoft,56.190796,10.672172
Go'on,Go'on Grenå,"Århusvej 6, 8500 Grenaa",8500,Grenaa,56.409702,10.873435
Go'on,Go'on Trustrup,"Mølletoften 2, 8570 Trustrup",8570,Trustrup,56.364734,10.746734
Go'on,Go'on Ørum Djurs,"Hovedvejen 46, 8586 Ørum",8586,Ørum,56.439611,10.689187
Go'on,Go'on Silkeborg,"Nørreskov Bakke 139, 8600 Silkeborg",8600,Silkeborg,56.202422,9.598423
Go'on,Go'on Kjellerup,"Søndergade 116, 8620 Kjellerup",8620,Kjellerup,56.278719,9.434498
Go'on,Go'on Skanderborg,"Ladegårdsbakken 16, 8660 Skanderborg",8660,Skanderborg,56.047295,9.938553
Go'on,Go'on Tebstrup,"Horsensvej 140, 8660 Skanderborg",8660,Skanderborg,55.969531,9.876292
Go'on,Go'on Låsby,"Hovedgaden 11, 8670 Låsby",8670,Låsby,56.150823,9.808486
Go'on,"Go'on Horsens, Høegh Guldbergs Gade","Høegh Guldbergs Gade 48, 8700 Horsens",8700,Horsens,55.85093,9.84646
Go'on,"Go'on Horsens, Krudthusvej","Krudthusvej 4, 8700 Horsens",8700,Horsens,55.87167,9.852315
Go'on,"Go'on Horsens, Nørretorv","Nørretorv 6, 8700 Horsens",8700,Horsens,55.868225,9.846678
Go'on,"Go'on Horsens, Sundvej","Sundvej 115, 8700 Horsens",8700,Horsens,55.867696,9.884774
Go'on,Go'on Lund,"Provstlund Alle 4, 8700 Horsens",8700,Horsens,55.889077,9.78074
Go'on,Go'on Tvingstrup,"Serridslevvej 81, 8700 Horsens",8700,Horsens,55.912942,9.922313
Go'on,Go'on Daugård,"Gammel Vejlevej 51, 8721 Daugård",8721,Daugård,55.733033,9.703047
Go'on,Go'on Løsning,"Frederiksbergvej 27, 8723 Løsning",8723,Løsning,55.80176,9.69338
Go'on,Go'on Østbirk,"Stenagervej 2, 8752 Østbirk",8752,Østbirk,55.961859,9.756831
Go'on,Go'on Klovborg,"Storegade 48, 8765 Klovborg",8765,Klovborg,55.931138,9.492271
Go'on,Go'on Viborg,"Fabrikvej 16, 8800 Viborg",8800,Viborg,56.469512,9.409021
Go'on,Go'on Løvel,"Gyngkær 2, 8830 Tjele",8830,Tjele,56.53837,9.471353
Go'on,Go'on Landlyst,"Sundvej 37, 8832 Skals",8832,Skals,56.60512,9.313558
Go'on,Go'on Skals,"Industriparken 1, 8832 Skals",8832,Skals,56.56147,9.400527
Go'on,Go'on Ulstrup,"Hovedgaden 40, 8860 Ulstrup",8860,Ulstrup,56.38937,9.791402
Go'on,Go'on Råsted,"Hobrovej 365, 8920 Randers NV",8920,Randers NV,56.512104,9.950095
Go'on,Go'on Randers,"Udbyhøjvej 7, 8930 Randers",8930,Randers,56.466282,10.054662
Go'on,Go'on Romalt,"Romalt Blvd. 36, 8960 Randers",8960,Randers,56.448388,10.089646
Go'on,Go'on Allingåbro,"Rougsøvej 45, 8961 Allingåbro",8961,Allingåbro,56.466167,10.318981
Go'on,Go'on Kastbjerg,"Bygaden 1, 8970 Havndal",8970,Havndal,56.645623,10.160645
Go'on,Go'on Hald,"Hadsundvej 428, 8983 Gjerlev",8983,Gjerlev,56.551676,10.103981
Go'on,Go'on Fårup,"Butikstorvet 3, 8990 Fårup",8990,Fårup,56.545121,9.856239
Go'on,Go'on Gug,"Gertrud Rasks Vej 1, 9210 Aalborg SØ",9210,Aalborg SØ,57.023369,9.927578
Go'on,Go'on Vegger,"Aagade 32, 9240 Nibe",9240,Nibe,56.886409,9.570992
Go'on,Go'on Klokkerholm,"Kløvervej 2, 9320 Klokkerholm",9320,Klokkerholm,57.207094,10.152131
Go'on,Go'on Dronninglund,"Østre Ringgade 15, 9330 Dronninglund",9330,Dronninglund,57.159968,10.303846
Go'on,Go'on Asaa,"Strandvejen 410, 9340 Asaa",9340,Asaa,57.147533,10.403469
Go'on,Go'on Gandrup,"Borgergade 80, 9362 Gandrup",9362,Gandrup,57.06152,10.182036
Go'on,Go'on Hals,"Østergade 26, 9370 Hals",9370,Hals,56.997813,10.309915
Go'on,Go'on Vestbjerg,"Irene Holms Vej 2, 9380 Vestbjerg",9380,Vestbjerg,57.124632,9.970191
Go'on,Go'on Aabybro,"Vestergade 37, 9440 Aabybro",9440,Aabybro,57.165029,9.72559
Go'on,Go'on Vittrup,"Løkkensvej 821, 9480 Løkken",9480,Løkken,57.394293,9.78359
Go'on,Go'on Kaas,"Nørregade 46, 9490 Pandrup",9490,Pandrup,57.199965,9.675944
Go'on,"Go'on Hobro, Andrupvej","Andrupvej 1, 9500 Hobro",9500,Hobro,56.616601,9.80753
Go'on,"Go'on Hobro, Hostrupvej","Hostrupvej 6, 9500 Hobro",9500,Hobro,56.641477,9.794338
Go'on,Go'on Arden,"Østergade 7, 9510 Arden",9510,Arden,56.768494,9.860981
Go'on,Go'on Skørping,"Møldrupvej 10, 9520 Skørping",9520,Skørping,56.832707,9.886833
Go'on,Go'on Hadsund,"Østergade 86, 9560 Hadsund",9560,Hadsund,56.727429,10.136194
Go'on,Go'on Øster Hurup,"Kystvejen 10-12, 9560 Hadsund",9560,Hadsund,56.808125,10.270042
Go'on,Go'on Bælum,"Vestergade 22B, 9574 Bælum",9574,Bælum,56.831268,10.114875
Go'on,Go'on Gedsted,"Vesterbro 20, 9631 Gedsted",9631,Gedsted,56.691352,9.332017
Go'on,Go'on Farsø,"Søndergade 88, 9640 Farsø",9640,Farsø,56.764514,9.337778
Go'on,Go'on Strandby,"Løgstørvej 38, 9640 Farsø",9640,Farsø,56.79319,9.213816
Go'on,Go'on Brøndum,"Aalborgvej 104, 9670 Løgstør",9670,Løgstør,56.963073,9.346699
Go'on,"Go'on Løgstør, Aalborgvej","Aalborgvej 1, 9670 Løgstør",9670,Løgstør,56.970055,9.278923
Go'on,"Go'on Løgstør, Sønderport","Sønderport 23, 9670 Løgstør",9670,Løgstør,56.963842,9.25168
Go'on,Go'on Klim,"Thistedvej 294, 9690 Fjerritslev",9690,Fjerritslev,57.095718,9.168995
Go'on,Go'on Brønderslev,"Østergade 64, 9700 Brønderslev",9700,Brønderslev,57.263005,9.952188
Go'on,Go'on Stenum,"Løkkenvej 331, 9700 Brønderslev",9700,Brønderslev,57.320015,9.865336
Go'on,Go'on Jerslev,"Højlandsvej 2, 9740 Jerslev J",9740,Jerslev J,57.288284,10.09093
Go'on,"Go'on Hjørring, Aalborgvej","Ålborgvej 88, 9800 Hjørring",9800,Hjørring,57.433857,9.995632
Go'on,"Go'on Hjørring, Hirtshalsvej","Hirtshalsvej 38, 9800 Hjørring",9800,Hjørring,57.467297,9.972473
Go'on,"Go'on Hjørring, Skagensvej","Skagensvej 201A, 9800 Hjørring",9800,Hjørring,57.482464,9.990466
Go'on,"Go'on Hjørring, Tørholmsvej","Tørholmsvej 95, 9800 Hjørring",9800,Hjørring,57.467046,9.993132
Go'on,Go'on Hirtshals  Transport Center,"Dalsagervej 3, 9850 Hirtshals",9850,Hirtshals,57.575772,9.9886
Go'on,Go'on Frederikshavn,"Nordvej 12, 9900 Frederikshavn",9900,Frederikshavn,57.389448,10.511894
Go'on,"Go'on Læsø, Østerby","Østerby Havnegade 2, 9940 Læsø",9940,Læsø,57.32024,11.125849
HK Benzin,Tankstation Henne,"Strandvejen 46, 6854 Henne",6854,Henne,55.708521,8.306177
HK Benzin,Tankstation Juelsminde,"Havnegade 15, 7130 Juelsminde",7130,Juelsminde,55.715534,10.01588
HK Benzin,Tankstation Krogager,"Storegade 2, Krogager, 7200 Grindsted",7200,Grindsted,55.701144,8.845379
Ingo,"INGO KBH. S, AMAGERBROGADE","Amagerbrogade 298, 2300 København S",2300,København S,55.640831,12.616437
Ingo,"INGO KBH. S, HERJEDALGADE","Herjedalgade 6, 2300 København S",2300,København S,55.66883,12.60238
Ingo,"INGO KBH. NV, FREDERIKSSUNDSVEJ","Frederikssundsvej 76, 2400 København NV",2400,København NV,55.70506,12.5257
Ingo,"INGO KBH. SV, ELLEBJERGVEJ","Ellebjergvej 49, 2450 København SV",2450,København SV,55.649968,12.522461
Ingo,"INGO KBH. SV, VASBYGADE 4","Vasbygade 4, 2450 København SV",2450,København SV,55.660836,12.556886
Ingo,"INGO VALBY, VIGERSLEV ALLÉ","Vigerslev Allé 160, 2500 Valby",2500,Valby,55.66008,12.49566
Ingo,"INGO GLOSTRUP, EJBY","Ejby Industrivej 111, 2600 Glostrup",2600,Glostrup,55.69726,12.42067
Ingo,"INGO GLOSTRUP, SMEDELAND","Smedeland 1, 2600 Glostrup",2600,Glostrup,55.676866,12.389153
Ingo,INGO BRØNDBY,"Vallensbækvej 13, 2605 Brøndby",2605,Brøndby,55.64352,12.396742
Ingo,"INGO RØDOVRE, SLOTSHERRENSVEJ","Slotsherrensvej 358, 2610 Rødovre",2610,Rødovre,55.70446,12.43875
Ingo,"INGO ALBERTSLUND, HOLSBJERGVEJ","Holsbjergvej 35, 2620 Albertslund",2620,Albertslund,55.66182,12.34039
Ingo,"INGO TAASTRUP, CITYRINGEN","Cityringen 1, 2630 Taastrup",2630,Taastrup,55.64228,12.277246
Ingo,INGO ISHØJ,"Vejleåvej 15, 2635 Ishøj",2635,Ishøj,55.623418,12.323222
Ingo,"INGO HUNDIGE, WAVES STORCENTER","Waves Storcenter 13 C, 2670 Greve",2670,Greve,55.599751,12.328925
Ingo,"INGO VANLØSE, ÅLEKISTEVEJ","Ålekistevej 158, 2720 Vanløse",2720,Vanløse,55.69091,12.48148
Ingo,INGO HERLEV HOVEDGADE 50,"Herlev Hovedgade 50, 2730 Herlev",2730,Herlev,55.7196,12.45139
Ingo,INGO BALLERUP,"Industriparken 2, 2750 Ballerup",2750,Ballerup,55.728685,12.372619
Ingo,"INGO KASTRUP, AMAGER LANDEVEJ","Amager Landevej 177, 2770 Kastrup",2770,Kastrup,55.62486,12.625282
Ingo,INGO NÆRUM,"Rundforbivej 190, 2850 Nærum",2850,Nærum,55.81533,12.52921
Ingo,INGO SØBORG,"Gladsaxevej 369-371, 2860 Søborg",2860,Søborg,55.73929,12.48607
Ingo,INGO BAGSVÆRD,"Bagsværd Hovedgade 94, 2880 Bagsværd",2880,Bagsværd,55.75967,12.457372
Ingo,INGO HELSINGØR,"Kongevejen 74, 3000 Helsingør",3000,Helsingør,56.02793,12.59253
Ingo,INGO ÅLSGÅRDE,"Krogebakke 9, 3140 Ålsgårde",3140,Ålsgårde,56.074986,12.541533
Ingo,INGO HELSINGE,"Rundinsvej 41, 3200 Helsinge",3200,Helsinge,56.016914,12.198629
Ingo,INGO GRÆSTED,"Græsted Stationsvej 33, 3230 Græsted",3230,Græsted,56.07019,12.282596
Ingo,"INGO HILLERØD, FREJASVEJ","Frejasvej 25, 3400 Hillerød",3400,Hillerød,55.93242,12.28663
Ingo,"INGO HILLERØD, HERREDSVEJEN","Herredsvejen 10, 3400 Hillerød",3400,Hillerød,55.935,12.262618
Ingo,INGO BLOVSTRØD,"Kongevejen 5, Blovstrød, 3450 Allerød",3450,Allerød,55.86302,12.388441
Ingo,INGO BIRKERØD,"Birkerød Kongevej 62B, 3460 Birkerød",3460,Birkerød,55.841326,12.440409
Ingo,"INGO FARUM, FREDERIKSBORGVEJ","Frederiksborgvej 29, 3520 Farum",3520,Farum,55.811172,12.377153
Ingo,"INGO FARUM, RUGMARKEN","Rugmarken 1, 3520 Farum",3520,Farum,55.816107,12.374395
Ingo,INGO FREDERIKSSUND,"Askelundsvej 4, 3600 Frederikssund",3600,Frederikssund,55.844849,12.074354
Ingo,"INGO ROSKILDE, KØBENHAVNSVEJ 112","Københavnsvej 112, 4000 Roskilde",4000,Roskilde,55.642265,12.114923
Ingo,"INGO ROSKILDE, KØBENHAVNSVEJ 141","Københavnsvej 141, 4000 Roskilde",4000,Roskilde,55.643168,12.119045
Ingo,INGO RINGSTED,"Bragesvej 1, 4100 Ringsted",4100,Ringsted,55.42901,11.78954
Ingo,"INGO SLAGELSE, MARIENDALS ALLE","Mariendals Alle 29, 4200 Slagelse",4200,Slagelse,55.397528,11.341194
Ingo,"INGO SLAGELSE, SORØVEJ","Sorøvej 37, 4200 Slagelse",4200,Slagelse,55.41522,11.3996
Ingo,INGO KORSØR,"Tårnborgvej 31/Kongebroen, 4220 Korsør",4220,Korsør,55.33969,11.140295
Ingo,INGO HOLBÆK,"L.C.Worsøesvej 1, 4300 Holbæk",4300,Holbæk,55.70575,11.71526
Ingo,INGO STORE MERLØSE,"Ringstedvej 9, 4370 Store Merløse",4370,Store Merløse,55.541012,11.710521
Ingo,INGO VIPPERØD,"Roskildevej 268b, 4390 Vipperød",4390,Vipperød,55.673561,11.74047
Ingo,INGO KALUNDBORG,"Flakagervej 4, 4400 Kalundborg",4400,Kalundborg,55.66482,11.11753
Ingo,"INGO KØGE, GYMNASIEVEJ","Gymnasievej 25, 4600 Køge",4600,Køge,55.454343,12.169178
Ingo,"INGO KØGE, STRANDVEJEN","Strandvejen 86, 4600 Køge",4600,Køge,55.447476,12.190225
Ingo,INGO HASLEV,"Ringstedvej 8, 4690 Haslev",4690,Haslev,55.330055,11.957862
Ingo,"INGO NÆSTVED, DANIA","Dania 30, 4700 Næstved",4700,Næstved,55.233729,11.757264
Ingo,"INGO NÆSTVED, KARREBÆKVEJ","Karrebækvej 26, 4700 Næstved",4700,Næstved,55.22789,11.748068
Ingo,INGO NÆSTVED STORCENTER,"Næstved Storcenter 100, 4700 Næstved",4700,Næstved,55.253329,11.786347
Ingo,INGO VORDINGBORG,"Næstvedvej 6, 4760 Vordingborg",4760,Vordingborg,55.01414,11.899288
Ingo,INGO STEGE,"Katedralvej 61, 4780 Stege",4780,Stege,54.991723,12.284048
Ingo,INGO GULDBORGSUND CENTRET,"Guldborgsundcentret 2, 4800 Nykøbing Falster",4800,Nykøbing Falster,54.75945,11.855118
Ingo,"INGO NYKØBING F, GÅBENSEVEJ 108","Gaabensevej 108-110, 4800 Nykøbing F",4800,Nykøbing F,54.78112,11.86715
Ingo,"INGO NYKØBING F, GÅBENSEVEJ 58","Gaabensevej 58, 4800 Nykøbing F",4800,Nykøbing F,54.777432,11.867205
Ingo,INGO SUNDBY,"Sundby Alle 8, Sundby L., 4800 Nykøbing F",4800,Nykøbing F,54.76819,11.854523
Ingo,INGO NAKSKOV,"Vejlegadebro 5, 4900 Nakskov",4900,Nakskov,54.83376,11.13026
Ingo,INGO MARIBO,"Østre Landevej 21, 4930 Maribo",4930,Maribo,54.776058,11.513202
Ingo,INGO RØDBYHAVN,"Færgestationsvej 2, Rødbyhavn, 4970 Rødby",4970,Rødby,54.659322,11.360968
Ingo,INGO SAKSKØBING,"Maribovej 17, 4990 Sakskøbing",4990,Sakskøbing,54.799583,11.626454
Ingo,"INGO ODENSE, BUCHWALDSGADE","Buchwaldsgade 2b, 5000 Odense C",5000,Odense C,55.40655,10.3863
Ingo,"INGO ODENSE, RUGÅRDSVEJ","Rugårdsvej 193, 5210 Odense NV",5210,Odense NV,55.40796,10.3431
Ingo,INGO BELLINGE,"Bellingevej 92, 5250 Odense SV",5250,Odense SV,55.337858,10.314544
Ingo,"INGO ODENSE, SKOVALLEEN","Skovalleen 1a, 5250 Odense SV",5250,Odense SV,55.36728,10.37312
Ingo,INGO OTTERUP,"Vestergade 2, 5450 Otterup",5450,Otterup,55.512426,10.39917
Ingo,INGO NONNEBO,"Odensevej 62, Nonnebo, 5550 Langeskov",5550,Langeskov,55.37242,10.561178
Ingo,INGO ÅRUP,"Gamle Hovedvej 87, 5560 Aarup",5560,Aarup,55.4221,10.032507
Ingo,"INGO FAABORG, ENGVEJ","Engvej 3, 5600 Faaborg",5600,Faaborg,55.098811,10.236628
Ingo,"INGO FAABORG, NYBORGVEJ","Nyborgvej 56, 5600 Faaborg",5600,Faaborg,55.111443,10.228996
Ingo,"INGO SVENDBORG, KOGTVEDVEJ","Kogtvedvej 1, 5700 Svendborg",5700,Svendborg,55.050973,10.594681
Ingo,"INGO SVENDBORG, ODENSEVEJ","Odensevej 26, 5700 Svendborg",5700,Svendborg,55.067162,10.58643
Ingo,INGO RINGE,"Bygmestervej 2, 5750 Ringe",5750,Ringe,55.236432,10.488335
Ingo,INGO NYBORG,"Frisengårdsvej 15, 5800 Nyborg",5800,Nyborg,55.317932,10.79072
Ingo,"INGO KOLDING, DOMHUSGADE","Domhusgade 6, 6000 Kolding",6000,Kolding,55.484458,9.48023
Ingo,"INGO KOLDING, VEJLEVEJ 137","Vejlevej 137, 6000 Kolding",6000,Kolding,55.50516,9.45714
Ingo,"INGO KOLDING, VEJLEVEJ 148","Vejlevej 148, 6000 Kolding",6000,Kolding,55.50505,9.45818
Ingo,"INGO KOLDING, VONSILDVEJ","Vonsildvej 1a, 6000 Kolding",6000,Kolding,55.470017,9.471472
Ingo,INGO CHRISTIANSFELD,"Lindegade 53, 6070 Christiansfeld",6070,Christiansfeld,55.356075,9.489553
Ingo,INGO SEGGELUND,"Hovedvej 55, Seggelund, 6070 Christiansfeld",6070,Christiansfeld,55.325762,9.493782
Ingo,"INGO HADERSLEV, ÅBENRÅVEJ","Aabenraavej 1, 6100 Haderslev",6100,Haderslev,55.245094,9.490465
Ingo,"INGO HADERSLEV, CHRISTIANSF.VEJ","Christiansfeldvej 2, 6100 Haderslev",6100,Haderslev,55.254767,9.490522
Ingo,"INGO HADERSLEV, REMISEN","Remisen 4, 6100 Haderslev",6100,Haderslev,55.252298,9.499373
Ingo,"INGO HADERSLEV, TEATERSTIEN","Teaterstien 7, 6100 Haderslev",6100,Haderslev,55.25142,9.49045
Ingo,INGO AABENRAA,"Vestvejen 165, 6200 Aabenraa",6200,Aabenraa,55.04988,9.40373
Ingo,INGO TØNDER,"Kongevejen 3, 6270 Tønder",6270,Tønder,54.938909,8.872411
Ingo,INGO GRÅSTEN,"Planetvej 1, 6300 Gråsten",6300,Gråsten,54.932944,9.608941
Ingo,INGO TINGLEV,"Flensborglandevej 6, 6360 Tinglev",6360,Tinglev,54.931416,9.237654
Ingo,INGO BYLDERUP-BOV,"Bygaden 29, 6372 Bylderup-Bov",6372,Bylderup-Bov,54.939613,9.084027
Ingo,"INGO SØNDERBORG, ÅBENRÅVEJ","Åbenråvej 1, 6400 Sønderborg",6400,Sønderborg,54.910981,9.774145
Ingo,"INGO SØNDERBORG, ALSGADE","Alsgade 70-72, 6400 Sønderborg",6400,Sønderborg,54.91811,9.80657
Ingo,INGO GUDERUP,"Søndergade 22, Guderup, 6430 Nordborg",6430,Nordborg,54.985886,9.868835
Ingo,"INGO VOJENS, ØSTERGADE","Østergade 67, 6500 Vojens",6500,Vojens,55.252774,9.31866
Ingo,"INGO VOJENS, OVER JERSTALVEJ","Over Jerstalvej 9, 6500 Vojens",6500,Vojens,55.243797,9.293471
Ingo,INGO VEJEN,"Præstevænget 40B, 6600 Vejen",6600,Vejen,55.485631,9.139745
Ingo,"INGO ESBJERG, STOREGADE 28","Storegade 28, 6700 Esbjerg",6700,Esbjerg,55.471587,8.465972
Ingo,"INGO ESBJERG, SPANGSBJ. MØLLEVEJ","Spangsbjerg Møllevej 99, 6705 Esbjerg Ø",6705,Esbjerg Ø,55.48674,8.465905
Ingo,"INGO ESBJERG, STOREGADE 222","Storegade 222, 6705 Esbjerg Ø",6705,Esbjerg Ø,55.479318,8.493126
Ingo,"INGO ESBJERG, STRANDBY KIRKEVEJ","Strandby Kirkevej 181, 6705 Esbjerg Ø",6705,Esbjerg Ø,55.47993,8.46773
Ingo,"INGO ESBJERG, ÅDALSPARKEN","Ådalsparken 1, 6710 Esbjerg V",6710,Esbjerg V,55.503708,8.40316
Ingo,"INGO ESBJERG, STORMGADE","Østervangsvej 1A, 6715 Esbjerg N",6715,Esbjerg N,55.501631,8.453031
Ingo,INGO BRØNS,"Hovedvejen 8, Brøns, 6780 Skærbæk",6780,Skærbæk,55.1957,8.727418
Ingo,INGO RØMØ,"Juvrevej 3, Nr. Tvismark, 6792 Rømø",6792,Rømø,55.152542,8.549118
Ingo,INGO VARDE,"Nordre Blvd. 102, 6800 Varde",6800,Varde,55.632029,8.474815
Ingo,INGO TARM,"Vardevej 6, 6880 Tarm",6880,Tarm,55.90375,8.518077
Ingo,INGO RINGKØBING,"Herningvej 24, 6950 Ringkøbing",6950,Ringkøbing,56.08778,8.250109
Ingo,INGO HVIDE SANDE,"Parallelvej 65, 6960 Hvide Sande",6960,Hvide Sande,56.015481,8.126717
Ingo,INGO ULFBORG,"Holmegade 50, 6990 Ulfborg",6990,Ulfborg,56.275993,8.32431
Ingo,"INGO FREDERICIA, STREVELINSVEJ","Strevelinsvej 1a, 7000 Fredericia",7000,Fredericia,55.53618,9.71702
Ingo,"INGO FREDERICIA, VEJLEVEJ","Vejlevej 18, 7000 Fredericia",7000,Fredericia,55.56961,9.72824
Ingo,INGO LINDVED,"Viborg Hovedvej 44, Ulkær, 7100 Vejle",7100,Vejle,55.782387,9.575408
Ingo,INGO VEJLE,"Boeskærvej 13, 7100 Vejle",7100,Vejle,55.675273,9.579908
Ingo,INGO BREDSTEN,"Ballevej 26, 7182 Bredsten",7182,Bredsten,55.70622,9.377617
Ingo,INGO GRINDSTED,"Østerbrogade 1, 7200 Grindsted",7200,Grindsted,55.755661,8.933273
Ingo,INGO BRANDE,"Vejlevej 51, 7330 Brande",7330,Brande,55.937946,9.135557
Ingo,"INGO HERNING, HOLSTEBROVEJ 21","Holstebrovej 21 - 23, 7400 Herning",7400,Herning,56.137547,8.947279
Ingo,"INGO HERNING, HOLSTEBROVEJ 26","Holstebrovej 26, 7400 Herning",7400,Herning,56.137392,8.948194
Ingo,"INGO HERNING, WEDELLSBORGVEJ","Wedellsborgvej 1, 7400 Herning",7400,Herning,56.150399,8.936247
Ingo,"INGO IKAST, VESTERGADE","Vestergade 63, 7430 Ikast",7430,Ikast,56.13841,9.14596
Ingo,INGO BORDING,"Bredgade 102, 7441 Bording",7441,Bording,56.140316,9.284806
Ingo,"INGO HOLSTEBRO, BANETOFTEN","Banetoften 2-4, 7500 Holstebro",7500,Holstebro,56.363619,8.593409
Ingo,"INGO HOLSTEBRO, NØRREBROGADE","Gartnerivej 1, 7500 Holstebro",7500,Holstebro,56.37651,8.61379
Ingo,"INGO HOLSTEBRO, STRUERVEJ","Struervej 78, 7500 Holstebro",7500,Holstebro,56.371559,8.616735
Ingo,"INGO STRUER, FÆLLEDVEJ","Fælledvej 3, 7600 Struer",7600,Struer,56.478794,8.58161
Ingo,"INGO STRUER, HJERMVEJ","Hjermvej 27, 7600 Struer",7600,Struer,56.47989,8.605465
Ingo,INGO LEMVIG,"Vestergade 40, 7620 Lemvig",7620,Lemvig,56.549689,8.30353
Ingo,"INGO ROM, LEMVIG","Ringkøbingvej 81, Rom, 7620 Lemvig",7620,Lemvig,56.516434,8.306248
Ingo,INGO HARBOØRE,"Thyborønvej 68, 7673 Harboøre",7673,Harboøre,56.618357,8.187906
Ingo,INGO NORS,"Norsvej 75, Nors, 7700 Thisted",7700,Thisted,57.023342,8.681603
Ingo,INGO KOLDBY,"Oddesundvej 200, Koldby, 7752 Snedsted",7752,Snedsted,56.846027,8.533505
Ingo,INGO HAGEBRO,"Holstebrovej 286, Hagebro, 7800 Skive",7800,Skive,56.408028,9.011057
Ingo,"INGO SKIVE, BILSTRUPVEJ","Bilstrupvej 1, 7800 Skive",7800,Skive,56.55316,9.02388
Ingo,"INGO SKIVE, SDR. BOULEVARD","Sdr Boulevard 9, 7800 Skive",7800,Skive,56.563232,9.029135
Ingo,"INGO SKIVE, THORSVEJ","Thorsvej 8, 7800 Skive",7800,Skive,56.549145,9.049074
Ingo,INGO VINDERUP,"Søndergade 51, 7830 Vinderup",7830,Vinderup,56.477684,8.77714
Ingo,"INGO ÅRHUS, RANDERSVEJ","Randersvej 136, 8200 Aarhus N",8200,Aarhus N,56.179221,10.200581
Ingo,"INGO ÅRHUS V, HASLE","Viborgvej 119, Hasle, 8210 Aarhus V",8210,Aarhus V,56.164947,10.168532
Ingo,INGO BRABRAND,"Edwin Rahrs Vej 42, 8220 Brabrand",8220,Brabrand,56.16282,10.12588
Ingo,"INGO ÅRHUS, SØREN FRICHS VEJ","Søren Frichs Vej 54, 8230 Åbyhøj",8230,Åbyhøj,56.150452,10.16677
Ingo,"INGO RISSKOV, GRENÅVEJ","Grenåvej 137, 8240 Risskov",8240,Risskov,56.18839,10.21789
Ingo,"INGO RISSKOV, RAVNSØVEJ","Ravnsøvej 42, 8240 Risskov",8240,Risskov,56.201769,10.245577
Ingo,INGO SKÆRING,"Grenåvej 503, Skæring, 8250 Egå",8250,Egå,56.225792,10.289949
Ingo,"INGO ÅRHUS, VIBY J","Skanderborgvej 158, 8260 Viby J",8260,Viby J,56.13246,10.16789
Ingo,"INGO HØJBJERG, ODDERVEJ","Oddervej 178 A, 8270 Højbjerg",8270,Højbjerg,56.10396,10.20626
Ingo,"INGO HØJBJERG, ROSENVANGS ALLE","Rosenvangs Alle 218, 8270 Højbjerg",8270,Højbjerg,56.117086,10.198622
Ingo,INGO ØRTING,"Horsensvej 121, Ørting, 8300 Odder",8300,Odder,55.929962,10.154818
Ingo,INGO TRANBJERG,"Sletvej 36, 8310 Tranbjerg J",8310,Tranbjerg J,56.10778,10.1343
Ingo,INGO SOLBJERG,"Solbjerg Hovedgade 21, 8355 Solbjerg",8355,Solbjerg,56.04341,10.081906
Ingo,INGO HADSTEN,"Ellemosevej 2, 8370 Hadsten",8370,Hadsten,56.32673,10.056843
Ingo,INGO TIRSTRUP,"Århusvej 49, Tirstrup, 8400 Ebeltoft",8400,Ebeltoft,56.302125,10.687784
Ingo,INGO GALTEN,"Århusvej 12, 8464 Galten",8464,Galten,56.148149,9.904756
Ingo,INGO MEJLBY,"Mejlbyvej 701, 8530 Hjortshøj",8530,Hjortshøj,56.302925,10.20944
Ingo,"INGO SILKEBORG, NDR. RINGVEJ.","Ndr. Ringvej 131, 8600 Silkeborg",8600,Silkeborg,56.181812,9.536609
Ingo,"INGO SILKEBORG, NØRREVÆNGET","Nørrevænget 40-42, 8600 Silkeborg",8600,Silkeborg,56.18403,9.545302
Ingo,"INGO SKANDERBORG, BLINDGADE","Blindgade 2, 8660 Skanderborg",8660,Skanderborg,56.04272,9.920451
Ingo,"INGO SKANDERBORG, MØLLEGADE","Møllegade 103, 8660 Skanderborg",8660,Skanderborg,56.03918,9.916969
Ingo,"INGO HORSENS, HØEGH GULDBERGSG","Høegh Guldbergs Gade 22, 8700 Horsens",8700,Horsens,55.85571,9.85084
Ingo,"INGO HORSENS, SILKEBORGVEJ","Silkeborgvej 2, 8700 Horsens",8700,Horsens,55.87313,9.82742
Ingo,"INGO HORSENS, VEJLEVEJ","Vejlevej 1, 8700 Horsens",8700,Horsens,55.85252,9.831087
Ingo,INGO NØRRE SNEDE,"Horsensvej 1, 8766 Nørre Snede",8766,Nørre Snede,55.96459,9.394607
Ingo,INGO OVERLUND,"Randersvej 3, Overlund, 8800 Viborg",8800,Viborg,56.448945,9.433858
Ingo,"INGO VIBORG, FABRIKVEJ","Fabrikvej 3, 8800 Viborg",8800,Viborg,56.467467,9.400254
Ingo,"INGO VIBORG, JEGSTRUPVEJ","Jegstrupvej 18-20, 8800 Viborg",8800,Viborg,56.45457,9.39369
Ingo,"INGO VIBORG, LILLE SKT. MIKKELSGADE","Ll. Sankt Mikkels Gade 19, 8800 Viborg",8800,Viborg,56.449542,9.414471
Ingo,"INGO RANDERS, HOBROVEJ","Hobrovej 74, 8920 Randers NV",8920,Randers NV,56.468853,10.019155
Ingo,"INGO RANDERS, VIBORGVEJ","Viborgvej 100, 8920 Randers NV",8920,Randers NV,56.46634,9.99563
Ingo,"INGO RANDERS, ÅRHUSVEJ","Århusvej 62, 8940 Randers SV",8940,Randers SV,56.442513,10.048376
Ingo,"INGO RANDERS, GRENÅVEJ","Grenåvej 20D, 8960 Randers SØ",8960,Randers SØ,56.45351,10.04582
Ingo,"INGO AALBORG, VEJGAARD","Øster Sundby Vej 95, 9000 Aalborg",9000,Aalborg,57.043694,9.966673
Ingo,"INGO AALBORG, HOBROVEJ 384","Hobrovej 384, 9200 Aalborg SV",9200,Aalborg SV,57.010822,9.887434
Ingo,"INGO AALBORG, HOBROVEJ 448","Hobrovej 448A, 9200 Aalborg SV",9200,Aalborg SV,57.004383,9.87917
Ingo,"INGO AALBORG, OTTO MØNSTEDSVEJ","Otto Mønsteds Vej 1, 9200 Aalborg SV",9200,Aalborg SV,57.015119,9.895936
Ingo,"INGO AALBORG, GUGVEJ","Gugvej 130, 9210 Aalborg SØ",9210,Aalborg SØ,57.019809,9.925547
Ingo,"INGO AALBORG, MYLIUS ERICHSENSVEJ","Mylius Erichsens Vej 78, 9210 Aalborg SØ",9210,Aalborg SØ,57.021183,9.937807
Ingo,INGO GISTRUP,"Hadsundvej 327, 9260 Gistrup",9260,Gistrup,56.998985,9.993706
Ingo,INGO SÆBY,"Ålborgvej 60, 9300 Sæby",9300,Sæby,57.328407,10.499631
Ingo,"INGO NØRRESUNDBY, HJØRRINGVEJ","Hjørringvej 52-54, 9400 Nørresundby",9400,Nørresundby,57.06841,9.94488
Ingo,"INGO NØRRESUNDBY, ØSTERGADE","Østergade 41, 9400 Nørresundby",9400,Nørresundby,57.059938,9.931996
Ingo,"INGO NØRRESUNDBY, THISTEDVEJ","Thistedvej 60, 9400 Nørresundby",9400,Nørresundby,57.065924,9.904037
Ingo,INGO VADUM,"Ellehammersvej 25c, 9430 Vadum",9430,Vadum,57.114536,9.858721
Ingo,INGO AABYBRO,"Nordstjernevej 2, 9440 Aabybro",9440,Aabybro,57.150049,9.749551
Ingo,INGO BROVST,"Østergade 45, 9460 Brovst",9460,Brovst,57.097446,9.528528
Ingo,INGO LØKKEN,"Industrivej 2a, 9480 Løkken",9480,Løkken,57.373597,9.727803
Ingo,"INGO HOBRO, JYLLANDSVEJ","Jyllandsvej 11, 9500 Hobro",9500,Hobro,56.630311,9.817307
Ingo,"INGO HOBRO, RANDERSVEJ","Randersvej 56-58, 9500 Hobro",9500,Hobro,56.629148,9.801898
Ingo,INGO AARS,"Hobrovej 5, 9600 Aars",9600,Aars,56.802871,9.528958
Ingo,INGO ST. BINDERUP,"Gl. Viborgvej 11, St. Binderup, 9600 Aars",9600,Aars,56.764445,9.560464
Ingo,INGO FARSØ,"Nørregade 18-20, 9640 Farsø",9640,Farsø,56.773815,9.340244
Ingo,"INGO FJERRITSLEV, ÅLEGÅRDS MARK","Aalborgvej 241, Ålegårds Mark, 9690 Fjerritslev",9690,Fjerritslev,57.088456,9.342412
Ingo,"INGO BRØNDERSLEV, AALBORGVEJ","Ålborgvej 78, 9700 Brønderslev",9700,Brønderslev,57.26112,9.968599
Ingo,"INGO BRØNDERSLEV, ØSTERGADE","Østergade 142, 9700 Brønderslev",9700,Brønderslev,57.260007,9.96739
Ingo,"INGO HJØRRING, BISPENSGADE 97","Bispensgade 97, 9800 Hjørring",9800,Hjørring,57.448023,9.996013
Ingo,"INGO HJØRRING, FREDERIKSHAVNSVEJ 40","Frederikshavnsvej 40, 9800 Hjørring",9800,Hjørring,57.455794,10.003992
Ingo,"INGO HJØRRING, FREDERIKSHAVNSVEJ 9","Frederikshavnsvej 9, 9800 Hjørring",9800,Hjørring,57.456245,10.00109
Ingo,INGO HIRTSHALS,"Søndergade 52, 9850 Hirtshals",9850,Hirtshals,57.581703,9.968076
Ingo,INGO SINDAL,"Vestergade 13, 9870 Sindal",9870,Sindal,57.47017,10.196095
Ingo,"INGO FREDERIKSHAVN, RIMMENS ALLE","Rimmens Alle 122, 9900 Frederikshavn",9900,Frederikshavn,57.446663,10.509806
Ingo,"INGO FREDRIKSHAVN, FASANVEJ","Fasanvej 3, 9900 Frederikshavn",9900,Frederikshavn,57.441334,10.52921
Ingo,"INGO FREDRIKSHAVN, MAIGÅRDSVEJ","Maigårdsvej 1a, 9900 Frederikshavn",9900,Frederikshavn,57.447094,10.500569
KP Benzin,KP Benzin ApS,"Søndergade 45, 5580 Nørre Aaby",5580,Nørre Aaby,55.455449,9.869288
Kai Dige Bach,Kai Dige Bach,"Klausdalsbrovej 493, 2730 Herlev",2730,Herlev,55.743951,12.41458
Lavpris,Lav Pristank,"Vesterhavsgade 22D, 7700 Thisted",7700,Thisted,56.949288,8.379151
Lavpris,Lavpris Benzin - Merko Koldby,"Svinget 2B, 7752 Snedsted",7752,Snedsted,56.845749,8.532039
Lavpris,Lavpris Snedsted,"Hovedgaden 23, 7752 Snedsted",7752,Snedsted,56.892573,8.530354
Lavpris,Lavpris Benzin - Merko Koldby,"Limfjordsgade 15, 7752 Snedsted",7752,Snedsted,56.84543,8.53103
Lavpris,Lavpris Bedsted Thy,"Vestervigvej 86, 7755 Bedsted Thy",7755,Bedsted Thy,56.808802,8.407403
Lavpris,Lavpris benzin,"Bredgade 15D, 7760 Hurup Thy",7760,Hurup Thy,56.745198,8.432942
OIL!,OIL! tank & go Taastrup (Torv),"Taastrup Torv 30, 2630 Taastrup (Torv)",2630,Taastrup (Torv),55.6514,12.2997
OIL!,OIL! tank & go Taastrup,"Roskildevej 376, 2630 Taastrup",2630,Taastrup,55.658034,12.2969
OIL!,OIL! tank & go Ishøj,"Vejleåvej 19, 2635 Ishøj",2635,Ishøj,55.623416,12.321553
OIL!,OIL! tank & go Hvidovre,"Vigerslev Allé 382, 2650 Hvidovre",2650,Hvidovre,55.652749,12.479347
OIL!,OIL! tank & go Greve,"Ventrupparken 18, 2670 Greve",2670,Greve,55.5926,12.2679
OIL!,OIL! tank & go Helsingør,"Klostermosevej 103, 3000 Helsingør",3000,Helsingør,56.023985,12.571799
OIL!,OIL! tank & go Gørløse,"Stationsvej 4, 3330 Gørløse",3330,Gørløse,55.8874,12.1981
OIL!,OIL! tank & go Hillerød,"Sigrunsvej 2, 3400 Hillerød",3400,Hillerød,55.9325,12.2624
OIL!,OIL! tank & go Nexø,"Torvegade 23, 3730 Nexø",3730,Nexø,55.0633,15.1266
OIL!,OIL! tank & go Ringsted,"Odinsvej 2, 4100 Ringsted",4100,Ringsted,55.4352,11.7924
OIL!,OIL! tank & go Holbæk,"Stormøllevej 7, 4300 Holbæk",4300,Holbæk,55.7136,11.7455
OIL!,OIL! tank & go Kalundborg,"Holbækvej 74, 4400 Kalundborg",4400,Kalundborg,55.678663,11.135847
OIL!,OIL! tank & go Herfølge,"Vordingborgvej 78, 4681 Herfølge",4681,Herfølge,55.427547,12.152054
OIL!,OIL! tank & go Næstved,"Erantisvej 44, 4700 Næstved",4700,Næstved,55.2379,11.7779
OIL!,OIL! tank & go Maribo,"Werner Larsen Vej 2 C, 4930 Maribo",4930,Maribo,54.7808,11.5141
OIL!,OIL! tank & go Rødby,"Kongeleddet 52, 4970 Rødby",4970,Rødby,54.6689,11.3649
OIL!,OIL! tank & go Odense V,"Bystævnevej 3, Bolbro, 5200 Odense V",5200,Odense V,55.3943,10.3469
OIL!,OIL! tank & go Odense NØ (Seden),"Bjerggårds Allé 6, 5240 Odense NØ (Seden)",5240,Odense NØ (Seden),55.4249,10.4546
OIL!,OIL! tank & go Middelfart,"Brovejen 18, 5500 Middelfart",5500,Middelfart,55.4985,9.75811
OIL!,OIL! tank & go Assens,"Nørreallé 12 B, 5610 Assens",5610,Assens,55.2736,9.90704
OIL!,OIL! tank & go Svendborg,"Vestergade 119 A, 5700 Svendborg",5700,Svendborg,55.0627,10.5952
OIL!,OIL! tank & go Ringe,"Bygmestervej 1 A, 5750 Ringe",5750,Ringe,55.236593,10.490036
OIL!,OIL! tank & go Nyborg,"Storebæltsvej 5 A, 5800 Nyborg",5800,Nyborg,55.3087,10.8069
OIL!,OIL! tank & go Kolding,"Damhusvej 1 B, 6000 Kolding",6000,Kolding,55.5202,9.45812
OIL!,OIL! tank & go Kolding (Syd),"Vonsildvej 105 A, 6000 Kolding (Syd)",6000,Kolding (Syd),55.451033,9.476798
OIL!,OIL! tank & go Rødekro,"Østergade 49 C, 6230 Rødekro",6230,Rødekro,55.0712,9.34438
OIL!,OIL! tank & go Sønderborg,"Grundtvigs Allé 195, 6400 Sønderborg",6400,Sønderborg,54.9217,9.80631
OIL!,OIL! tank & go Nordborg,"Th. Brorsens Vej 1, 6430 Nordborg",6430,Nordborg,55.0556,9.74886
OIL!,OIL! tank & go Vojens,"Vestergade 1 A, 6500 Vojens",6500,Vojens,55.2464,9.30432
OIL!,OIL! tank & go Esbjerg V,"Sædding Ringvej 6, 6710 Esbjerg V",6710,Esbjerg V,55.5037,8.40523
OIL!,OIL! tank & go Esbjerg V,"Vandmandens Kvarter 2, 6710 Esbjerg V",6710,Esbjerg V,55.5188,8.41318
OIL!,OIL! tank & go Ribe (Centrum),"Moltkes Allé 1, 6760 Ribe (Centrum)",6760,Ribe (Centrum),55.3339,8.77003
OIL!,OIL! tank & go Ribe (Nord),"Trojels Knæ 24, 6760 Ribe (Nord)",6760,Ribe (Nord),55.350259,8.780917
OIL!,OIL! tank & go Varde,"Nordre Boulevard 203, 6800 Varde",6800,Varde,55.62561,8.46218
OIL!,OIL! tank & go Ølgod,"Industrivej 2, 6870 Ølgod",6870,Ølgod,55.807747,8.624704
OIL!,OIL! tank & go Skjern,"Jægervej 1, 6900 Skjern",6900,Skjern,55.952,8.51417
OIL!,OIL! tank & go Ringkøbing,"Skaadsmosevej 2, 6950 Ringkøbing",6950,Ringkøbing,56.0864,8.27822
OIL!,OIL! tank & go Vejle (Syd),"Soldalen 2, 7100 Vejle (Syd)",7100,Vejle (Syd),55.6807,9.56783
OIL!,OIL! tank & go Vejle (Nord),"Solkilde Alle 2 Z, 7100 Vejle (Nord)",7100,Vejle (Nord),55.724,9.58387
OIL!,OIL! tank & go Grindsted,"Glentevej 3, 7200 Grindsted",7200,Grindsted,55.7598,8.91834
OIL!,OIL! tank & go Brande,"Østrealle 22, 7330 Brande",7330,Brande,55.9435,9.13574
OIL!,OIL! tank & go Herning,"Åvænget 7 B, 7400 Herning",7400,Herning,56.1337,9.00592
OIL!,OIL! tank & go Ikast (Centrum),"Eli Christensens Vej 1 B, 7430 Ikast (Centrum)",7430,Ikast (Centrum),56.1392,9.14228
OIL!,OIL! tank & go Ikast (Øst),"Europavej 3, 7430 Ikast (Øst)",7430,Ikast (Øst),56.123699,9.175422
OIL!,OIL! tank & go Holstebro,"Nyholmvej 22, 7500 Holstebro",7500,Holstebro,56.3758,8.62117
OIL!,OIL! tank & go Struer,"Søndergårdsvej 4, 7600 Struer",7600,Struer,56.4844,8.58282
OIL!,OIL! tank & go Skive,"Elskjærbakken 2, 7800 Skive",7800,Skive,56.570215,8.999659
OIL!,OIL! tank & go Nykøbing Mors,"Aabro Fald 2, 7900 Nykøbing Mors",7900,Nykøbing Mors,56.7903,8.83333
OIL!,OIL! tank & go Århus V,"Viborgvej 165, 8210 Aarhus V",8210,Aarhus V,56.1688,10.161
OIL!,OIL! tank & go Viby J.,"Christian X's Vej 112, 8260 Viby J",8260,Viby J,56.122455,10.168878
OIL!,OIL! tank & go Tilst,"Agerøvej 1A, 8381 Tilst",8381,Tilst,56.181916,10.103176
OIL!,OIL! tank & go Grenaa (Centrum),"Østerbrogade 43 C, 8500 Grenaa (Centrum)",8500,Grenaa (Centrum),56.4142,10.887
OIL!,OIL! tank & go Grenaa (Syd),"Hesselvang 1, 8500 Grenaa (Syd)",8500,Grenaa (Syd),56.382924,10.862977
OIL!,OIL! tank & go Kolind / Aarhus Airport,"Ny Lufthavnsvej 24, 8560 Kolind / Aarhus Airport",8560,Kolind / Aarhus Airport,56.3078,10.6268
OIL!,OIL! tank & go Silkeborg N. Ringvej,"Nordre Ringvej 90, 8600 Silkeborg N. Ringvej",8600,Silkeborg N. Ringvej,56.1814,9.53703
OIL!,OIL! tank & go Silkeborg,"Nordre Højmarksvej 5, 8600 Silkeborg",8600,Silkeborg,56.1868,9.50779
OIL!,OIL! tank & go Horsens (Centrum),"Høegh Guldbergs Gade 15 F, 8700 Horsens (Centrum)",8700,Horsens (Centrum),55.854,9.85128
OIL!,OIL! tank & go Horsens (Syd),"Vejlevej 102, 8700 Horsens (Syd)",8700,Horsens (Syd),55.833085,9.804744
OIL!,OIL! tank & go Viborg,"Jægersborgvej 3, 8800 Viborg",8800,Viborg,56.4457,9.36208
OIL!,OIL! tank & go Randers NV,"Mariagervej 175, 8920 Randers NV",8920,Randers NV,56.4824,10.025
OIL!,OIL! tank & go Randers NØ,"Jomfruløkken 9, 8930 Randers NØ",8930,Randers NØ,56.48799,10.047886
OIL!,OIL! tank & go Randers SV,"Messingvej 10, 8940 Randers SV",8940,Randers SV,56.4304,10.054
OIL!,OIL! tank & go Aalborg Sv,"Nibevej 22 E, 9200 Aalborg SV",9200,Aalborg SV,57.0065,9.87634
OIL!,OIL! tank & go Aalborg Øst,"Niels Bohrs Vej 44, 9220 Aalborg Øst",9220,Aalborg Øst,57.0179,9.99321
OIL!,OIL! tank & go Sæby,"Sophus Falcks Vej 4, 9300 Sæby",9300,Sæby,57.33164,10.5056
OIL!,OIL! tank & go Nørresundby,"Thistedvej 1 B, 9400 Nørresundby",9400,Nørresundby,57.0632,9.91029
OIL!,OIL! tank & go Nørager,"Bredgade 23, 9610 Nørager",9610,Nørager,56.7079,9.62743
OIL!,OIL! tank & go Fjerritslev,"Vestergaardsvej 46, 9690 Fjerritslev",9690,Fjerritslev,57.0836,9.25528
OIL!,OIL! tank & go Hjørring,"Frederikshavnsvej 120, 9800 Hjørring",9800,Hjørring,57.4558,10.0148
OIL!,OIL! tank & go Frederikshavn (Vest),"Hjørringvej 139, 9900 Frederikshavn (Vest)",9900,Frederikshavn (Vest),57.4467,10.5086
OIL!,OIL! tank & go Frederikshavn (Nord),"Apholmenvej 3, 9900 Frederikshavn (Nord)",9900,Frederikshavn (Nord),57.4625,10.5249
OK,OK København Ø,"Ryesgade 60, 2100 København Ø",2100,København Ø,55.694282,12.570508
OK,OK København Ø,"Rovsingsgade 60, 2100 København Ø",2100,København Ø,55.71097,12.553269
OK,OK København N,"Lundtoftegade 85, 2200 København N",2200,København N,55.697172,12.538145
OK,OK København S,"Englandsvej 230, 2300 København S",2300,København S,55.638155,12.599495
OK,OK København S,"Englandsvej 30, 2300 København S",2300,København S,55.656316,12.603597
OK,OK København S,"Kastrupvej 145, 2300 København S",2300,København S,55.647783,12.622562
OK,OK København NV,"Frederiksborgvej 238, 2400 København NV",2400,København NV,55.72627,12.52636
OK,OK København SV,"Sjællandsbroen 2, 2450 København SV",2450,København SV,55.645619,12.542438
OK,OK Brøndby,"Søndre Ringvej 33, 2605 Brøndby",2605,Brøndby,55.658895,12.391218
OK,OK Rødovre,"Islevdalvej 30, 2610 Rødovre",2610,Rødovre,55.692304,12.433458
OK,OK Albertslund,"Læhegnet 35, 2620 Albertslund",2620,Albertslund,55.662867,12.36537
OK,OK Vallensbæk,"Jydekrogen 1, 2625 Vallensbæk",2625,Vallensbæk,55.644269,12.374071
OK,OK Taastrup,"Landsbygaden 36, 2630 Taastrup",2630,Taastrup,55.681049,12.254952
OK,OK Taastrup,"Cityringen 22, 2630 Taastrup",2630,Taastrup,55.642498,12.276132
OK,OK Hedehusene,"Vesterkøb 39, 2640 Hedehusene",2640,Hedehusene,55.653763,12.195634
OK,OK Hvidovre,"Rebæk Søpark 4, 2650 Hvidovre",2650,Hvidovre,55.663273,12.45645
OK,OK Brøndby Strand,"Gammel Køge Landevej 722, 2660 Brøndby Strand",2660,Brøndby Strand,55.617978,12.417913
OK,OK Vallensbæk Strand,"Strandesplanaden 124, 2665 Vallensbæk Strand",2665,Vallensbæk Strand,55.622908,12.390047
OK,OK Greve,"Mosede Landevej 68, 2670 Greve",2670,Greve,55.584453,12.256875
OK,OK Solrød Strand,"Solrød Strandvej 154, 2680 Solrød Strand",2680,Solrød Strand,55.525637,12.216799
OK,OK Karlslunde,"Køge Bugt Motorvejen 296A, 2690 Karlslunde",2690,Karlslunde,55.56199,12.228443
OK,OK Karlslunde,"Køge Bugt Motorvejen 295B, 2690 Karlslunde",2690,Karlslunde,55.559582,12.231962
OK,OK Karlslunde,"Karlslunde Landevej 9, 2690 Karlslunde",2690,Karlslunde,55.572768,12.232146
OK,OK Brønshøj,"Frederikssundsvej 344, 2700 Brønshøj",2700,Brønshøj,55.7129,12.4703
OK,OK Brønshøj,"Husumvej 113A, 2700 Brønshøj",2700,Brønshøj,55.70837,12.477376
OK,OK Vanløse,"Bellahøjvej 154, 2720 Vanløse",2720,Vanløse,55.695246,12.498824
OK,OK Vanløse,"Linde Allé 9, 2720 Vanløse",2720,Vanløse,55.682722,12.491758
OK,OK Herlev,"Nørrelundvej 2, 2730 Herlev",2730,Herlev,55.725275,12.417586
OK,OK Skovlunde,"Mileparken 2, 2740 Skovlunde",2740,Skovlunde,55.713203,12.418083
OK,OK Skovlunde,"Bybjergvej 2, 2740 Skovlunde",2740,Skovlunde,55.719287,12.402304
OK,OK Ballerup,"Hold-An Vej 96, 2750 Ballerup",2750,Ballerup,55.724714,12.355669
OK,OK Smørum,"Flodvej 73, 2765 Smørum",2765,Smørum,55.732971,12.304699
OK,OK Kastrup,"Løjtegårdsvej 1, 2770 Kastrup",2770,Kastrup,55.622269,12.625626
OK,OK Kastrup,"Præstefælledvej 24, 2770 Kastrup",2770,Kastrup,55.62362,12.599805
OK,OK Kastrup,"Kongelundsvej 285, 2770 Kastrup",2770,Kastrup,55.617394,12.586037
OK,OK Gentofte,"Vangede Bygade 40, 2820 Gentofte",2820,Gentofte,55.751573,12.518084
OK,OK Søborg,"Skolesvinget 2, 2860 Søborg",2860,Søborg,55.730178,12.499203
OK,OK Helsingør,"Esrumvej 90, 3000 Helsingør",3000,Helsingør,56.040867,12.587262
OK,OK Humlebæk,"Humlebæk Center 99, 3050 Humlebæk",3050,Humlebæk,55.964783,12.530254
OK,OK Humlebæk,"Humlebæk Strandvej 71, 3050 Humlebæk",3050,Humlebæk,55.962366,12.535018
OK,OK Hornbæk,"Nordre Strandvej 312, 3100 Hornbæk",3100,Hornbæk,56.090671,12.460739
OK,OK Helsinge,"Birkedalsvej 10, 3200 Helsinge",3200,Helsinge,56.018722,12.198244
OK,OK Helsinge,"Industrivej 1, 3200 Helsinge",3200,Helsinge,56.01715,12.165291
OK,OK Græsted,"Centervejen 4, 3230 Græsted",3230,Græsted,56.063097,12.281859
OK,OK Græsted,"Helsingevej 75A, 3230 Græsted",3230,Græsted,56.085251,12.212582
OK,OK Græsted,"Ny Mårumvej 174, 3230 Græsted",3230,Græsted,56.027669,12.279967
OK,OK Gilleleje,"Parkvej 1, 3250 Gilleleje",3250,Gilleleje,56.118695,12.317928
OK,OK Gilleleje,"Smidstrup Strandvej 61, 3250 Gilleleje",3250,Gilleleje,56.115564,12.238154
OK,OK Gilleleje,"Bonderupvejen 40, 3250 Gilleleje",3250,Gilleleje,56.111731,12.329238
OK,OK Frederiksværk,"Torvet 35, 3300 Frederiksværk",3300,Frederiksværk,55.971356,12.018732
OK,OK Ølsted,"Byvej 6, 3310 Ølsted",3310,Ølsted,55.924176,12.072412
OK,OK Skævinge,"Hovedgaden 20, 3320 Skævinge",3320,Skævinge,55.908936,12.148153
OK,OK Hundested,"Nørregade 51, 3390 Hundested",3390,Hundested,55.960694,11.852351
OK,OK Hillerød,"Egespurs Alle 1, 3400 Hillerød",3400,Hillerød,55.927934,12.263554
OK,OK Hillerød,"Frederiksværksgade 119, 3400 Hillerød",3400,Hillerød,55.939694,12.27611
OK,OK Allerød,"Frederiksborgvej 72, 3450 Allerød",3450,Allerød,55.875241,12.346106
OK,OK Fredensborg,"Humlebækvej 2, 3480 Fredensborg",3480,Fredensborg,55.96576,12.40984
OK,OK Værløse,"Tibberup Alle 69, 3500 Værløse",3500,Værløse,55.755479,12.408953
OK,OK Farum,"Hørmarken 10, 3520 Farum",3520,Farum,55.822448,12.368709
OK,OK Lynge,"Lynge Bytorv 17, 3540 Lynge",3540,Lynge,55.837976,12.277372
OK,OK Slangerup,"Københavnsvej 5, 3550 Slangerup",3550,Slangerup,55.843234,12.176323
OK,OK Jægerspris,"Møllehegnet 2, 3630 Jægerspris",3630,Jægerspris,55.850332,11.986346
OK,OK Jægerspris,"Gammel Kulhusvej 9, 3630 Jægerspris",3630,Jægerspris,55.911126,11.93244
OK,OK Jægerspris,"Lyngerupvej 69, 3630 Jægerspris",3630,Jægerspris,55.804083,11.981354
OK,OK Ølstykke,"Bryggertorvet 1, 3650 Ølstykke",3650,Ølstykke,55.780413,12.173921
OK,OK Roskilde,"Hyrdehøj Bygade 30, 4000 Roskilde",4000,Roskilde,55.634949,12.052626
OK,OK Roskilde,"Gulddyssevej 7, 4000 Roskilde",4000,Roskilde,55.736991,12.14952
OK,OK Roskilde,"Klosterengen 58, 4000 Roskilde",4000,Roskilde,55.649096,12.105204
OK,OK Roskilde,"Helligkorsvej 6A, 4000 Roskilde",4000,Roskilde,55.639356,12.070219
OK,OK Tune,"Tune Parkvej 7, 4030 Tune",4030,Tune,55.596573,12.189146
OK,OK Skibby,"Østergade 6, 4050 Skibby",4050,Skibby,55.783563,12.016723
OK,OK Kirke Såby,"Hornsherredvej 3, 4060 Kirke Såby",4060,Kirke Såby,55.653379,11.920875
OK,OK Ringsted,"Ørslev Gade 23, 4100 Ringsted",4100,Ringsted,55.386606,11.936816
OK,OK Ringsted,"Næstvedvej 230, 4100 Ringsted",4100,Ringsted,55.419763,11.783569
OK,OK Ringsted,"Ringstedvej 669, 4100 Ringsted",4100,Ringsted,55.448316,11.959221
OK,OK Ringsted,"Klosterparks Alle 4, 4100 Ringsted",4100,Ringsted,55.45256,11.788639
OK,OK Ringsted,"Roskildevej 398, 4100 Ringsted",4100,Ringsted,55.484978,11.850382
OK,OK Viby Sjælland,"Tofthøjvej 5, 4130 Viby Sjælland",4130,Viby Sjælland,55.54855,12.026495
OK,OK Borup,"Hovedgaden 58A, 4140 Borup",4140,Borup,55.497754,11.9775
OK,OK Herlufmagle,"Helgesvej 115, 4160 Herlufmagle",4160,Herlufmagle,55.296703,11.754816
OK,OK Sorø,"Nordmarksvej 4, 4180 Sorø",4180,Sorø,55.442514,11.565919
OK,OK Sorø,"Norgesvej 2-, 4180 Sorø",4180,Sorø,55.414759,11.563072
OK,OK Slagelse,"Jernbanegade 28, 4200 Slagelse",4200,Slagelse,55.407463,11.353635
OK,OK Slagelse,"Flakkebjerg Hovedgade 17, 4200 Slagelse",4200,Slagelse,55.312094,11.395561
OK,OK Slagelse,"Stillingevej 45, 4200 Slagelse",4200,Slagelse,55.437066,11.248891
OK,OK Slagelse,"Smedegade 77, 4200 Slagelse",4200,Slagelse,55.407623,11.367413
OK,OK Slagelse,"Hunsballevej 2, 4200 Slagelse",4200,Slagelse,55.357787,11.443193
OK,OK Slagelse,"Valbyvej 65B, 4200 Slagelse",4200,Slagelse,55.41507,11.350364
OK,OK Korsør,"Stibjergvej 2, 4220 Korsør",4220,Korsør,55.364582,11.171242
OK,OK Korsør,"Storebæltsvej 44, 4220 Korsør",4220,Korsør,55.350357,11.124252
OK,OK Skælskør,"Sorøvej 27, 4230 Skælskør",4230,Skælskør,55.256536,11.3022
OK,OK Vemmelev,"Akacievej 1, 4241 Vemmelev",4241,Vemmelev,55.363904,11.259794
OK,OK Boeslunde,"Boeslunde Byvej 137, 4242 Boeslunde",4242,Boeslunde,55.303543,11.266901
OK,OK Fuglebjerg,"Byagervej 3, 4250 Fuglebjerg",4250,Fuglebjerg,55.302313,11.545068
OK,OK Høng,"Centervej 19, 4270 Høng",4270,Høng,55.504102,11.290532
OK,OK Høng,"Slagelsevej 6, 4270 Høng",4270,Høng,55.506206,11.286692
OK,OK Gørlev,"Algade 30, 4281 Gørlev",4281,Gørlev,55.540097,11.225788
OK,OK Ruds Vedby,"Rudsgade 11, 4291 Ruds Vedby",4291,Ruds Vedby,55.541208,11.374043
OK,OK Dianalund,"Dr Sells Vej 3, 4293 Dianalund",4293,Dianalund,55.533002,11.49629
OK,OK Stenlille,"Stationsvej 1, 4295 Stenlille",4295,Stenlille,55.53891,11.593408
OK,OK Holbæk,"Bilbyen 12, 4300 Holbæk",4300,Holbæk,55.70607,11.67166
OK,OK Holbæk,"Udbyvej 57, 4300 Holbæk",4300,Holbæk,55.756556,11.708964
OK,OK Holbæk,"Slotsvej 9, 4300 Holbæk",4300,Holbæk,55.717528,11.704775
OK,OK Orø,"Bygaden 25, 4305 Orø",4305,Orø,55.768251,11.803085
OK,OK Lejre,"Alfarvejen 15, 4320 Lejre",4320,Lejre,55.566027,11.962783
OK,OK Tølløse,"Østergårdsvej 6, 4340 Tølløse",4340,Tølløse,55.605094,11.585913
OK,OK Tølløse,"Vestergade 70, 4340 Tølløse",4340,Tølløse,55.611956,11.763209
OK,OK Tølløse,"Kvarmløsevej 56, 4340 Tølløse",4340,Tølløse,55.613253,11.784319
OK,OK Ugerløse,"Hovedgaden 34, 4350 Ugerløse",4350,Ugerløse,55.584509,11.654266
OK,OK Kalundborg,"Sydhavnsvej 1, 4400 Kalundborg",4400,Kalundborg,55.676473,11.104759
OK,OK Kalundborg,"Gl Rørbyvej 2, 4400 Kalundborg",4400,Kalundborg,55.646119,11.161488
OK,OK Kalundborg,"Kåstrupvej 1, 4400 Kalundborg",4400,Kalundborg,55.69144,11.148174
OK,OK Kalundborg,"Elmegade 9, 4400 Kalundborg",4400,Kalundborg,55.678809,11.098024
OK,OK Kalundborg,"Gl Nyrupvej 2A, 4400 Kalundborg",4400,Kalundborg,55.700811,11.055318
OK,OK Regstrup,"Nørupvej 16, 4420 Regstrup",4420,Regstrup,55.67326,11.618057
OK,OK Mørkøv,"Ringstedvej 7, 4440 Mørkøv",4440,Mørkøv,55.649302,11.503309
OK,OK Jyderup,"Drivsåtvej 4, 4450 Jyderup",4450,Jyderup,55.658896,11.399755
OK,OK Svebølle,"Stationsvej 21, 4470 Svebølle",4470,Svebølle,55.653268,11.279736
OK,OK Store Fuglede,"Bjerge Landevej 6, 4480 Store Fuglede",4480,Store Fuglede,55.590111,11.185102
OK,OK Jerslev Sjælland,"Torvet 7, 4490 Jerslev Sjælland",4490,Jerslev Sjælland,55.618316,11.214179
OK,OK Nykøbing Sj,"Siriusvej 4, 4500 Nykøbing Sj",4500,Nykøbing Sj,55.929468,11.658054
OK,OK Svinninge,"Bygaden 32A, 4520 Svinninge",4520,Svinninge,55.711506,11.522662
OK,OK Svinninge,"Tømmervænget 1, 4520 Svinninge",4520,Svinninge,55.722622,11.460531
OK,OK Gislinge,"Byvej 37, 4532 Gislinge",4532,Gislinge,55.732832,11.546468
OK,OK Hørve,"Vallekildevej 27, 4534 Hørve",4534,Hørve,55.752159,11.4496
OK,OK Fårevejle,"Adelers Alle 148, 4540 Fårevejle",4540,Fårevejle,55.785613,11.467896
OK,OK Asnæs,"Rådhusvej 25E, 4550 Asnæs",4550,Asnæs,55.808678,11.498753
OK,OK Asnæs,"Esterhøjvej 63, 4550 Asnæs",4550,Asnæs,55.820028,11.495081
OK,OK Vig,"Vig Hovedgade 34, 4560 Vig",4560,Vig,55.852712,11.577667
OK,OK Grevinge,"Bytoften 2, 4571 Grevinge",4571,Grevinge,55.800716,11.55139
OK,OK Højby,"Højby Stationsvej 8, 4573 Højby",4573,Højby,55.909307,11.59974
OK,OK Sjællands Odde,"Oddenvej 217, 4583 Sjællands Odde",4583,Sjællands Odde,55.966882,11.364508
OK,OK Eskebjerg,"Eskebjergvej 67, 4593 Eskebjerg",4593,Eskebjerg,55.713104,11.300495
OK,OK Køge,"Ringstedvej 210, 4600 Køge",4600,Køge,55.466715,12.110983
OK,OK Køge,"Ølsemaglevej 19, 4600 Køge",4600,Køge,55.492829,12.186577
OK,OK Køge,"Ølbycenter 49, 4600 Køge",4600,Køge,55.481569,12.174789
OK,OK Køge,"Vordingborgvej 7, 4600 Køge",4600,Køge,55.446858,12.173345
OK,OK Køge,"Marksvinget 21, 4600 Køge",4600,Køge,55.44796,12.164585
OK,OK Gadstrup,"Dyssegårdsvej 32, 4621 Gadstrup",4621,Gadstrup,55.568137,12.093946
OK,OK Havdrup,"Skovvej 1, 4622 Havdrup",4622,Havdrup,55.544136,12.115912
OK,OK Havdrup,"Hovedgaden 54, 4622 Havdrup",4622,Havdrup,55.538894,12.117324
OK,OK Lille Skensved,"Ahornvej 6, 4623 Lille Skensved",4623,Lille Skensved,55.51222,12.136064
OK,OK Bjæverskov,"Ejbovej 21, 4632 Bjæverskov",4632,Bjæverskov,55.46052,12.034708
OK,OK Faxe,"Bleghaven 3, 4640 Faxe",4640,Faxe,55.257722,12.118009
OK,OK Hårlev,"Solbakkevej 19, 4652 Hårlev",4652,Hårlev,55.350151,12.232742
OK,OK Karise,"Syrenvænget 20, 4653 Karise",4653,Karise,55.303305,12.198996
OK,OK Faxe Ladeplads,"Faxevej 2C, 4654 Faxe Ladeplads",4654,Faxe Ladeplads,55.218933,12.168359
OK,OK Store Heddinge,"Algade 35, 4660 Store Heddinge",4660,Store Heddinge,55.312211,12.38912
OK,OK Rødvig Stevns,"Vemmetoftevej 1, 4673 Rødvig Stevns",4673,Rødvig Stevns,55.25744,12.380176
OK,OK Tureby,"Vordingborgvej 208, 4682 Tureby",4682,Tureby,55.395265,12.117531
OK,OK Rønnede,"Bøgevej 1, 4683 Rønnede",4683,Rønnede,55.258425,12.024067
OK,OK Holmegaard,"Næstvedvej 13, 4684 Holmegaard",4684,Holmegaard,55.278624,11.803725
OK,OK Haslev,"Lindhardsvej 1, 4690 Haslev",4690,Haslev,55.311157,12.066472
OK,OK Haslev,"Lysholm Alle 5, 4690 Haslev",4690,Haslev,55.328496,11.956793
OK,OK Haslev,"Køgevej 1, 4690 Haslev",4690,Haslev,55.31926,11.973328
OK,OK Næstved,"Øverup Erhvervsvej 58, 4700 Næstved",4700,Næstved,55.25398,11.80559
OK,OK Næstved,"Appenæs Bygade 70, 4700 Næstved",4700,Næstved,55.197964,11.749027
OK,OK Næstved,"Vallensved Bygade 25, 4700 Næstved",4700,Næstved,55.26461,11.654856
OK,OK Næstved,"Lovvej 12, 4700 Næstved",4700,Næstved,55.180299,11.85836
OK,OK Næstved,"Grønnegade 16, 4700 Næstved",4700,Næstved,55.233613,11.762583
OK,OK Næstved,"Ved Mejeriet 1, 4700 Næstved",4700,Næstved,55.19702,11.76393
OK,OK Præstø,"Ugledigevej 1, 4720 Præstø",4720,Præstø,55.074611,12.008497
OK,OK Præstø,"Næstvedvej 50, 4720 Præstø",4720,Præstø,55.125757,11.951069
OK,OK Tappernøje,"Sydmotorvejen 380, 4733 Tappernøje",4733,Tappernøje,55.169491,11.956868
OK,OK Vordingborg,"Prins Jørgens Alle 12, 4760 Vordingborg",4760,Vordingborg,55.0116,11.9139
OK,OK Vordingborg,"Ørslevvej 123, 4760 Vordingborg",4760,Vordingborg,55.043371,11.970146
OK,OK Vordingborg,"Højgaardsvej 3, 4760 Vordingborg",4760,Vordingborg,54.997595,12.004833
OK,OK Kalvehave,"Kalvehave Havnevej 1, 4771 Kalvehave",4771,Kalvehave,54.99738,12.158355
OK,OK Stege,"Vasen 2, 4780 Stege",4780,Stege,54.98087,12.28209
OK,OK Borre,"Klintevej 383, 4791 Borre",4791,Borre,54.996404,12.448649
OK,OK Bogø By,"Bogø Hovedgade 127, 4793 Bogø By",4793,Bogø By,54.927482,12.047928
OK,OK Nykøbing F,"Slotsgade 58, 4800 Nykøbing F",4800,Nykøbing F,54.772056,11.866526
OK,OK Nykøbing F,"Vesterskovvej 27, 4800 Nykøbing F",4800,Nykøbing F,54.766795,11.881854
OK,OK Nykøbing F,"Østerbrogade 145, 4800 Nykøbing F",4800,Nykøbing F,54.759926,11.891702
OK,OK Nørre Alslev,"Kæpgårdsvej 11, 4840 Nørre Alslev",4840,Nørre Alslev,54.898408,11.882557
OK,OK Nørre Alslev,"Gåbensevej 74, 4840 Nørre Alslev",4840,Nørre Alslev,54.943291,11.863453
OK,OK Nørre Alslev,"Baltivej 1, 4840 Nørre Alslev",4840,Nørre Alslev,54.899708,11.916657
OK,OK Stubbekøbing,"Nykøbingvej 50, 4850 Stubbekøbing",4850,Stubbekøbing,54.885855,12.036206
OK,OK Guldborg,"Guldborgvej 189, 4862 Guldborg",4862,Guldborg,54.86909,11.74104
OK,OK Væggerløse,"Væggerløsevej 12, 4873 Væggerløse",4873,Væggerløse,54.7113,11.921631
OK,OK Væggerløse,"Marielyst Strandpark 9, 4873 Væggerløse",4873,Væggerløse,54.698426,11.959187
OK,OK Gedser,"Ankergade 9, 4874 Gedser",4874,Gedser,54.575895,11.930899
OK,OK Nysted,"Wichmandsvej 12, 4880 Nysted",4880,Nysted,54.666963,11.733235
OK,OK Kettinge,"Grønnegadevej 4, 4892 Kettinge",4892,Kettinge,54.696281,11.727956
OK,OK Øster Ulslev,"Holebyvej 56, 4894 Øster Ulslev",4894,Øster Ulslev,54.698578,11.598115
OK,OK Nakskov,"Birkevænget 7, 4900 Nakskov",4900,Nakskov,54.839364,11.137024
OK,OK Nakskov,"Maribovej 134C, 4900 Nakskov",4900,Nakskov,54.832438,11.162922
OK,OK Horslunde,"Nylandsvej 12, 4913 Horslunde",4913,Horslunde,54.914666,11.222029
OK,OK Søllested,"Højrebygade 3, 4920 Søllested",4920,Søllested,54.809987,11.272665
OK,OK Maribo,"Europavej 1, 4930 Maribo",4930,Maribo,54.77992,11.47868
OK,OK Maribo,"Ved Åen 3, 4930 Maribo",4930,Maribo,54.776742,11.492581
OK,OK Stokkemarke,"Vestre Landevej 241, 4952 Stokkemarke",4952,Stokkemarke,54.837292,11.362692
OK,OK Rødby,"Havnegade 28C, 4970 Rødby",4970,Rødby,54.659482,11.355452
OK,OK Dannemare,"Bygaden 53, 4983 Dannemare",4983,Dannemare,54.761068,11.187291
OK,OK Sakskøbing,"Apotekervænget 6, 4990 Sakskøbing",4990,Sakskøbing,54.797741,11.6386
OK,OK Odense C,"Havnegade 71, 5000 Odense C",5000,Odense C,55.423573,10.388272
OK,OK Odense C,"Havnegade 1, 5000 Odense C",5000,Odense C,55.406454,10.385113
OK,OK Odense C,"Nyborgvej 100, 5000 Odense C",5000,Odense C,55.394072,10.409524
OK,OK Odense C,"Kochsgade 120, 5000 Odense C",5000,Odense C,55.410399,10.407975
OK,OK Odense C,"Thorslundsvej 1A, 5000 Odense C",5000,Odense C,55.41445,10.367845
OK,OK Odense C,"Sandhusvej 19, 5000 Odense C",5000,Odense C,55.417658,10.404646
OK,OK Odense NV,"Tarupvej 71, 5210 Odense NV",5210,Odense NV,55.413356,10.341247
OK,OK Odense NV,"Åbakkevej 69, 5210 Odense NV",5210,Odense NV,55.418207,10.273305
OK,OK Odense SØ,"Ørbækvej 75, 5220 Odense SØ",5220,Odense SØ,55.385774,10.426602
OK,OK Odense M,"Munkebjergvænget 5A, 5230 Odense M",5230,Odense M,55.373538,10.40697
OK,OK Odense SV,"Mågebakken 2, 5250 Odense SV",5250,Odense SV,55.365844,10.344174
OK,OK Odense SV,"Dalumvej 1A, 5250 Odense SV",5250,Odense SV,55.374072,10.368961
OK,OK Odense S,"Glisholmvej 5, 5260 Odense S",5260,Odense S,55.35408,10.423986
OK,OK Odense S,"Højbyvej 48, 5260 Odense S",5260,Odense S,55.332143,10.436538
OK,OK Odense S,"Odensevej 10, 5260 Odense S",5260,Odense S,55.35771,10.389268
OK,OK Odense S,"Skovbakken 1, 5260 Odense S",5260,Odense S,55.341526,10.358521
OK,OK Odense S,"Fangelvej 74, 5260 Odense S",5260,Odense S,55.314835,10.314531
OK,OK Kerteminde,"Hans Schacksvej 2, 5300 Kerteminde",5300,Kerteminde,55.451258,10.662035
OK,OK Agedrup,"Mølledammen 5, 5320 Agedrup",5320,Agedrup,55.427901,10.475834
OK,OK Otterup,"Tørresøvej 4, 5450 Otterup",5450,Otterup,55.57454,10.393373
OK,OK Otterup,"Plantagevej 6, 5450 Otterup",5450,Otterup,55.516079,10.397041
OK,OK Otterup,"Søndergade 30, 5450 Otterup",5450,Otterup,55.511398,10.399902
OK,OK Morud,"Centret 4, 5462 Morud",5462,Morud,55.443557,10.188695
OK,OK Harndrup,"Rugårdsvej 67, 5463 Harndrup",5463,Harndrup,55.465501,10.020073
OK,OK Brenderup Fyn,"Stationsvej 20, 5464 Brenderup Fyn",5464,Brenderup Fyn,55.490377,9.968347
OK,OK Asperup,"Byvejen 38, 5466 Asperup",5466,Asperup,55.488142,9.909415
OK,OK Søndersø,"Vestergade 18, 5471 Søndersø",5471,Søndersø,55.513406,10.17143
OK,OK Søndersø,"Odensevej 80, 5471 Søndersø",5471,Søndersø,55.4793,10.251569
OK,OK Blommenslyst,"Middelfartvej 591, 5491 Blommenslyst",5491,Blommenslyst,55.389692,10.244288
OK,OK Blommenslyst,"Middelfartvej 428, 5491 Blommenslyst",5491,Blommenslyst,55.389969,10.26142
OK,OK Vissenbjerg,"Østergade 11, 5492 Vissenbjerg",5492,Vissenbjerg,55.3852,10.137647
OK,OK Middelfart,"Jyllandsvej 40, 5500 Middelfart",5500,Middelfart,55.502889,9.754512
OK,OK Middelfart,"Østergade 18, 5500 Middelfart",5500,Middelfart,55.502947,9.739894
OK,OK Middelfart,"Sofiendalvej 2, 5500 Middelfart",5500,Middelfart,55.533211,9.776733
OK,OK Ullerslev,"Lundsager 10, 5540 Ullerslev",5540,Ullerslev,55.359634,10.666575
OK,OK Langeskov,"Bronzetoften 2, 5550 Langeskov",5550,Langeskov,55.352074,10.56407
OK,OK Langeskov,"Langeskov Centret 9, 5550 Langeskov",5550,Langeskov,55.360711,10.590001
OK,OK Aarup,"Indre Ringvej 17, 5560 Aarup",5560,Aarup,55.379509,10.057257
OK,OK Aarup,"Industrivej 19, 5560 Aarup",5560,Aarup,55.413027,10.055919
OK,OK Nørre Aaby,"Tværvejen 1, 5580 Nørre Aaby",5580,Nørre Aaby,55.473865,9.898684
OK,OK Nørre Aaby,"Grønnegade 12, 5580 Nørre Aaby",5580,Nørre Aaby,55.460631,9.877786
OK,OK Gelsted,"Gelsted Byvej 7, 5591 Gelsted",5591,Gelsted,55.399062,9.972644
OK,OK Ejby,"Nørregade 129, 5592 Ejby",5592,Ejby,55.440351,9.94405
OK,OK Faaborg,"Lykkevalg 3, 5600 Faaborg",5600,Faaborg,55.142007,10.330231
OK,OK Faaborg,"Svendborgvej 419, 5600 Faaborg",5600,Faaborg,55.085355,10.38329
OK,OK Faaborg,"Fionavej 4, 5600 Faaborg",5600,Faaborg,55.098717,10.243137
OK,OK Faaborg,"Banegårdspladsen 31, 5600 Faaborg",5600,Faaborg,55.094368,10.249533
OK,OK Assens,"Krabbeløkkevej 6, 5610 Assens",5610,Assens,55.266645,9.890674
OK,OK Glamsbjerg,"Stensgårdsvej 26, 5620 Glamsbjerg",5620,Glamsbjerg,55.272531,10.107403
OK,OK Broby,"Vejlegårdsvej 2, 5672 Broby",5672,Broby,55.271138,10.311023
OK,OK Broby,"Byvænget 24, 5672 Broby",5672,Broby,55.251906,10.223586
OK,OK Haarby,"Algade 41, 5683 Haarby",5683,Haarby,55.223078,10.122033
OK,OK Tommerup,"Hyldegårdsvej 1, 5690 Tommerup",5690,Tommerup,55.323147,10.248445
OK,OK Tommerup,"Skolevej 2, 5690 Tommerup",5690,Tommerup,55.323799,10.200695
OK,OK Tommerup,"Bjelkevej 6, 5690 Tommerup",5690,Tommerup,55.347836,10.181659
OK,OK Svendborg,"Tvedvej 135, 5700 Svendborg",5700,Svendborg,55.078861,10.622184
OK,OK Svendborg,"Skovballevej 24, 5700 Svendborg",5700,Svendborg,54.997923,10.597049
OK,OK Svendborg,"Rantzausmindevej 112, 5700 Svendborg",5700,Svendborg,55.038787,10.554739
OK,OK Svendborg,"Vestergade 167, 5700 Svendborg",5700,Svendborg,55.063488,10.58998
OK,OK Svendborg,"Bregningevej 60, 5700 Svendborg",5700,Svendborg,55.040371,10.61254
OK,OK Svendborg,"Nyborgvej 136, 5700 Svendborg",5700,Svendborg,55.069539,10.631725
OK,OK Ringe,"Odensevej 59, 5750 Ringe",5750,Ringe,55.246343,10.4763
OK,OK Ringe,"Lombjergevej 2A, 5750 Ringe",5750,Ringe,55.235587,10.489681
OK,OK Ringe,"Skovvej 21, 5750 Ringe",5750,Ringe,55.201642,10.416172
OK,OK Vester Skerninge,"Ollerup Bytorv 1, 5762 Vester Skerninge",5762,Vester Skerninge,55.069609,10.502021
OK,OK Vester Skerninge,"Fåborgvej 38, 5762 Vester Skerninge",5762,Vester Skerninge,55.074681,10.454816
OK,OK Stenstrup,"Stationsvej 18, 5771 Stenstrup",5771,Stenstrup,55.131055,10.501636
OK,OK Kværndrup,"Odensevej 4, 5772 Kværndrup",5772,Kværndrup,55.17923,10.52416
OK,OK Årslev,"Albanivej 26, 5792 Årslev",5792,Årslev,55.303781,10.39498
OK,OK Årslev,"Overvejen 79, 5792 Årslev",5792,Årslev,55.305657,10.469388
OK,OK Nyborg,"Slipshavnsvej 3, 5800 Nyborg",5800,Nyborg,55.307971,10.809576
OK,OK Ørbæk,"Måre Byvej 20, 5853 Ørbæk",5853,Ørbæk,55.276086,10.613194
OK,OK Ørbæk,"Hovedgaden 36, 5853 Ørbæk",5853,Ørbæk,55.255412,10.671039
OK,OK Gislev,"Faaborgvej 3, 5854 Gislev",5854,Gislev,55.219065,10.599386
OK,OK Ryslinge,"Banevænget 5, 5856 Ryslinge",5856,Ryslinge,55.241311,10.535387
OK,OK Ferritslev Fyn,"Lundsbjergvej 2, 5863 Ferritslev Fyn",5863,Ferritslev Fyn,55.309583,10.582976
OK,OK Hesselager,"Langgade 31, 5874 Hesselager",5874,Hesselager,55.16838,10.7347
OK,OK Skårup Fyn,"Skårup Stationsvej 12, 5881 Skårup Fyn",5881,Skårup Fyn,55.090136,10.690635
OK,OK Gudbjerg Sydfyn,"Teglværksvej 3, 5892 Gudbjerg Sydfyn",5892,Gudbjerg Sydfyn,55.154769,10.673234
OK,OK Rudkøbing,"Nørrebro 95, 5900 Rudkøbing",5900,Rudkøbing,54.939864,10.720861
OK,OK Rudkøbing,"Dunsbjergvej 1, 5900 Rudkøbing",5900,Rudkøbing,54.940588,10.736153
OK,OK Humble,"Ristingevej 27, 5932 Humble",5932,Humble,54.825486,10.693871
OK,OK Bagenkop,"Vostervej 2A, 5935 Bagenkop",5935,Bagenkop,54.74984,10.684719
OK,OK Tranekær,"Østergade 78, 5953 Tranekær",5953,Tranekær,55.133522,10.919912
OK,OK Tranekær,"Annexstræde 1, 5953 Tranekær",5953,Tranekær,54.958327,10.80097
OK,OK Marstal,"Reberbanen 64, 5960 Marstal",5960,Marstal,54.850043,10.49999
OK,OK Kolding,"Jovavej 1, 6000 Kolding",6000,Kolding,55.47765,9.468691
OK,OK Kolding,"Centervej 4, 6000 Kolding",6000,Kolding,55.521646,9.478431
OK,OK Kolding,"Sommerfuglevej 2A, 6000 Kolding",6000,Kolding,55.506824,9.505681
OK,OK Kolding,"Hjarupvej 2, 6000 Kolding",6000,Kolding,55.456997,9.475458
OK,OK Kolding,"Vejlevej 361, 6000 Kolding",6000,Kolding,55.528233,9.46541
OK,OK Kolding,"Brændkjærgade 1, 6000 Kolding",6000,Kolding,55.483357,9.486428
OK,OK Egtved,"Bramdrupvej 105, 6040 Egtved",6040,Egtved,55.589818,9.426085
OK,OK Egtved,"Koldingvej 29, 6040 Egtved",6040,Egtved,55.565329,9.405645
OK,OK Egtved,"Kirkevej 20, 6040 Egtved",6040,Egtved,55.619339,9.303766
OK,OK Almind,"Sysselbjergvej 6, 6051 Almind",6051,Almind,55.564696,9.490002
OK,OK Jordrup,"Hovedgaden 43, 6064 Jordrup",6064,Jordrup,55.553699,9.312058
OK,OK Christiansfeld,"Lindegade 61, 6070 Christiansfeld",6070,Christiansfeld,55.356418,9.49446
OK,OK Christiansfeld,"Haderslevvej 22, 6070 Christiansfeld",6070,Christiansfeld,55.349081,9.484337
OK,OK Sjølund,"Sjølund Gade 1, 6093 Sjølund",6093,Sjølund,55.404405,9.528908
OK,OK Hejls,"Hejls Landevej 34, 6094 Hejls",6094,Hejls,55.383196,9.578891
OK,OK Haderslev,"Erlev Bjerge 66, 6100 Haderslev",6100,Haderslev,55.236235,9.487286
OK,OK Haderslev,"Jomfrustien 25, 6100 Haderslev",6100,Haderslev,55.250721,9.495873
OK,OK Haderslev,"Ny Erlevvej 1, 6100 Haderslev",6100,Haderslev,55.247134,9.488968
OK,OK Aabenraa,"Langebro 21, 6200 Aabenraa",6200,Aabenraa,55.035573,9.416977
OK,OK Aabenraa,"Kliplev Nygade 2, 6200 Aabenraa",6200,Aabenraa,54.939034,9.397808
OK,OK Aabenraa,"Løjt Storegade 14, 6200 Aabenraa",6200,Aabenraa,55.091219,9.461663
OK,OK Aabenraa,"Kilen 16, 6200 Aabenraa",6200,Aabenraa,55.046667,9.424643
OK,OK Aabenraa,"Farversmøllevej 2, 6200 Aabenraa",6200,Aabenraa,55.033545,9.405564
OK,OK Rødekro,"Hærvejen 18, 6230 Rødekro",6230,Rødekro,55.07269,9.334799
OK,OK Rødekro,"Kirkegade 59, 6230 Rødekro",6230,Rødekro,55.029413,9.306347
OK,OK Rødekro,"Østergade 62, 6230 Rødekro",6230,Rødekro,55.070343,9.348143
OK,OK Løgumkloster,"Østergade 25, 6240 Løgumkloster",6240,Løgumkloster,55.058525,8.955807
OK,OK Løgumkloster,"Nørremark 2, 6240 Løgumkloster",6240,Løgumkloster,55.063756,8.956367
OK,OK Bredebro,"Hovedvejen 8, 6261 Bredebro",6261,Bredebro,55.049842,8.830081
OK,OK Bredebro,"Høybergvej 1, 6261 Bredebro",6261,Bredebro,55.010918,8.780144
OK,OK Tønder,"Plantagevej 38, 6270 Tønder",6270,Tønder,54.938813,8.85555
OK,OK Tønder,"Sønderløgumlandevej 4, 6270 Tønder",6270,Tønder,54.909594,8.907603
OK,OK Højer,"Nørregade 1A, 6280 Højer",6280,Højer,54.962599,8.702896
OK,OK Gråsten,"Ulsnæs 10, 6300 Gråsten",6300,Gråsten,54.912178,9.588323
OK,OK Gråsten,"Sejrsvej 54, 6300 Gråsten",6300,Gråsten,54.895914,9.556751
OK,OK Broager,"Storegade 10, 6310 Broager",6310,Broager,54.889205,9.673166
OK,OK Padborg,"Bovvej 9, 6330 Padborg",6330,Padborg,54.825882,9.361956
OK,OK Padborg,"Lejrvejen 12, 6330 Padborg",6330,Padborg,54.834733,9.34313
OK,OK Kruså,"Kelstrupgårdvej 1, 6340 Kruså",6340,Kruså,54.893258,9.440792
OK,OK Tinglev,"Centerpladsen 5, 6360 Tinglev",6360,Tinglev,54.936754,9.255831
OK,OK Sønderborg,"Hørtoftvej 19K, 6400 Sønderborg",6400,Sønderborg,54.924862,9.725186
OK,OK Sønderborg,"Agtoftsvej 1, 6400 Sønderborg",6400,Sønderborg,54.922644,9.818668
OK,OK Sønderborg,"Kløvermarken 2A, 6400 Sønderborg",6400,Sønderborg,54.912466,9.812834
OK,OK Sønderborg,"Skolevej 18, 6400 Sønderborg",6400,Sønderborg,54.950277,9.70234
OK,OK Sønderborg,"Dybbølgade 43, 6400 Sønderborg",6400,Sønderborg,54.909917,9.771986
OK,OK Sønderborg,"Grundtvigs Plads 2, 6400 Sønderborg",6400,Sønderborg,54.921976,9.809521
OK,OK Nordborg,"Stationsvej 12, 6430 Nordborg",6430,Nordborg,55.055757,9.741122
OK,OK Nordborg,"Østergade 4, 6430 Nordborg",6430,Nordborg,54.989467,9.866835
OK,OK Nordborg,"Lundenvej 4, 6430 Nordborg",6430,Nordborg,55.032965,9.814841
OK,OK Augustenborg,"Toftevej 2, 6440 Augustenborg",6440,Augustenborg,54.986697,9.979195
OK,OK Augustenborg,"Stadionvej 1, 6440 Augustenborg",6440,Augustenborg,54.950453,9.876503
OK,OK Augustenborg,"Bro Centervej 2, 6440 Augustenborg",6440,Augustenborg,54.954415,9.89701
OK,OK Sydals,"Søndre Landevej 225, 6470 Sydals",6470,Sydals,54.910806,9.893558
OK,OK Sydals,"Kegnæsvej 52, 6470 Sydals",6470,Sydals,54.884626,9.994736
OK,OK Vojens,"Rådhuscentret 11, 6500 Vojens",6500,Vojens,55.246905,9.291653
OK,OK Vojens,"Lysbjergvej 2A, 6500 Vojens",6500,Vojens,55.246372,9.39738
OK,OK Gram,"Posthusvej 1, 6510 Gram",6510,Gram,55.288223,9.04747
OK,OK Toftlund,"Arrild Ferieby 5, 6520 Toftlund",6520,Toftlund,55.155264,8.960065
OK,OK Toftlund,"Søndergade 33A, 6520 Toftlund",6520,Toftlund,55.189074,9.065298
OK,OK Vamdrup,"Nørregade 8, 6580 Vamdrup",6580,Vamdrup,55.427822,9.283734
OK,OK Vejen,"Torvet 1, 6600 Vejen",6600,Vejen,55.47131,9.101714
OK,OK Vejen,"Søndergade 103, 6600 Vejen",6600,Vejen,55.467365,9.135178
OK,OK Vejen,"Industrivej Vest 2, 6600 Vejen",6600,Vejen,55.489011,9.128632
OK,OK Bække,"Søndergade 8, 6622 Bække",6622,Bække,55.57022,9.136855
OK,OK Vorbasse,"Vestergade 11, 6623 Vorbasse",6623,Vorbasse,55.630426,9.078568
OK,OK Rødding,"Søvej 6, 6630 Rødding",6630,Rødding,55.356614,9.204581
OK,OK Rødding,"Sommerlyst 29, 6630 Rødding",6630,Rødding,55.357452,9.057862
OK,OK Rødding,"Kongevej 52, 6630 Rødding",6630,Rødding,55.373769,9.058406
OK,OK Lunderskov,"Iver Dahlsvej 4, 6640 Lunderskov",6640,Lunderskov,55.47976,9.298476
OK,OK Brørup,"Vestergade 14, 6650 Brørup",6650,Brørup,55.481628,9.015326
OK,OK Brørup,"Hovborgvej 31, 6650 Brørup",6650,Brørup,55.566464,9.014092
OK,OK Brørup,"Esbjergvej 73, 6650 Brørup",6650,Brørup,55.498831,9.02072
OK,OK Holsted,"Energivej 2, 6670 Holsted",6670,Holsted,55.5232,8.9032
OK,OK Hovborg,"Holmeåvej 13, 6682 Hovborg",6682,Hovborg,55.605273,8.939793
OK,OK Gørding,"Nørregade 82, 6690 Gørding",6690,Gørding,55.475282,8.79682
OK,OK Esbjerg,"Strandby Kirkevej 185, 6700 Esbjerg",6700,Esbjerg,55.480085,8.466574
OK,OK Esbjerg,"Strandby Plads 13, 6700 Esbjerg",6700,Esbjerg,55.47367,8.434921
OK,OK Esbjerg,"Søndergårds Alle 17, 6700 Esbjerg",6700,Esbjerg,55.473827,8.476844
OK,OK Esbjerg,"Exnersgade 10, 6700 Esbjerg",6700,Esbjerg,55.463896,8.458243
OK,OK Esbjerg V,"Tarphagevej 60, 6710 Esbjerg V",6710,Esbjerg V,55.498087,8.40734
OK,OK Esbjerg V,"Bytoften 20, 6710 Esbjerg V",6710,Esbjerg V,55.526641,8.358255
OK,OK Esbjerg N,"Tarp Byvej 51, 6715 Esbjerg N",6715,Esbjerg N,55.525379,8.461841
OK,OK Esbjerg N,"Gl Vardevej 226, 6715 Esbjerg N",6715,Esbjerg N,55.507217,8.450098
OK,OK Fanø,"Strandvejen 21, 6720 Fanø",6720,Fanø,55.438549,8.393007
OK,OK Tjæreborg,"Skolevej 49, 6731 Tjæreborg",6731,Tjæreborg,55.463172,8.584674
OK,OK Bramming,"Nørregade 30, 6740 Bramming",6740,Bramming,55.466724,8.699496
OK,OK Bramming,"Vejrup Storegade 55, 6740 Bramming",6740,Bramming,55.520863,8.777073
OK,OK Glejbjerg,"Borgergade 11, 6752 Glejbjerg",6752,Glejbjerg,55.55517,8.823111
OK,OK Agerbæk,"Storegade 26, 6753 Agerbæk",6753,Agerbæk,55.602267,8.802563
OK,OK Ribe,"Seminarievej 5, 6760 Ribe",6760,Ribe,55.331285,8.770141
OK,OK Ribe,"Roagervej 302, 6760 Ribe",6760,Ribe,55.257648,8.822352
OK,OK Ribe,"Ole Rømers Vej 1, 6760 Ribe",6760,Ribe,55.352379,8.782272
OK,OK Skærbæk,"Kirkevej 1, 6780 Skærbæk",6780,Skærbæk,55.158739,8.763874
OK,OK Skærbæk,"Nørre Skærbækvej 26, 6780 Skærbæk",6780,Skærbæk,55.16784,8.75543
OK,OK Varde,"Østervold 5, 6800 Varde",6800,Varde,55.623692,8.482008
OK,OK Varde,"Sønderskovvej 76, 6800 Varde",6800,Varde,55.650267,8.682541
OK,OK Varde,"Hovedgaden 13, 6800 Varde",6800,Varde,55.623121,8.601843
OK,OK Varde,"Vardevej 33, 6800 Varde",6800,Varde,55.665631,8.572854
OK,OK Varde,"Hornelund 17, 6800 Varde",6800,Varde,55.724759,8.531836
OK,OK Varde,"Sydagervej, 6800 Varde",6800,Varde,55.579173,8.414942
OK,OK Varde,"Vestre Landevej 82, 6800 Varde",6800,Varde,55.62667,8.458916
OK,OK Ansager,"Stationsvej 1b, 6823 Ansager",6823,Ansager,55.704254,8.749644
OK,OK Nørre Nebel,"Bredgade 103, 6830 Nørre Nebel",6830,Nørre Nebel,55.777977,8.297843
OK,OK Nørre Nebel,"Vesterhavsvej 320, 6830 Nørre Nebel",6830,Nørre Nebel,55.817343,8.194053
OK,OK Oksbøl,"Vestergade 23, 6840 Oksbøl",6840,Oksbøl,55.624612,8.278482
OK,OK Oksbøl,"Strandvejen 7, 6840 Oksbøl",6840,Oksbøl,55.622752,8.270258
OK,OK Janderup Vestj,"Vesterled 30, 6851 Janderup Vestj",6851,Janderup Vestj,55.624041,8.372479
OK,OK Billum,"Vesterhavsvej 7, 6852 Billum",6852,Billum,55.617459,8.333284
OK,OK Outrup,"Storegade 7, 6855 Outrup",6855,Outrup,55.719464,8.3437
OK,OK Blåvand,"Blåvandvej 36, 6857 Blåvand",6857,Blåvand,55.556452,8.14135
OK,OK Tistrup,"Vardevej 47, 6862 Tistrup",6862,Tistrup,55.71756,8.611317
OK,OK Ølgod,"Torvet 20, 6870 Ølgod",6870,Ølgod,55.805967,8.620234
OK,OK Ølgod,"Østvej 7, 6870 Ølgod",6870,Ølgod,55.808335,8.628784
OK,OK Tarm,"Vardevej 92, 6880 Tarm",6880,Tarm,55.802062,8.491918
OK,OK Tarm,"Vardevej 117, 6880 Tarm",6880,Tarm,55.799427,8.492175
OK,OK Hemmet,"Tarmvej 87A, 6893 Hemmet",6893,Hemmet,55.8517,8.3743
OK,OK Skjern,"Farverivej 7, 6900 Skjern",6900,Skjern,55.952162,8.512529
OK,OK Videbæk,"Nygade 2, 6920 Videbæk",6920,Videbæk,56.091927,8.632743
OK,OK Kibæk,"Møllegaardsvej 33, 6933 Kibæk",6933,Kibæk,56.036564,8.8659
OK,OK Lem St,"Bredgade 90, 6940 Lem St",6940,Lem St,56.026396,8.39028
OK,OK Ringkøbing,"Rindumgaards Allé 90, 6950 Ringkøbing",6950,Ringkøbing,56.104113,8.256938
OK,OK Ringkøbing,"Byvejen 34, 6950 Ringkøbing",6950,Ringkøbing,56.111994,8.423222
OK,OK Ringkøbing,"Hovervej 6, 6950 Ringkøbing",6950,Ringkøbing,56.144958,8.283444
OK,OK Ringkøbing,"Skaadsmosevej 17, 6950 Ringkøbing",6950,Ringkøbing,56.086007,8.271831
OK,OK Spjald,"Engvang 1, 6971 Spjald",6971,Spjald,56.127001,8.509265
OK,OK Ulfborg,"Holmegade 38, 6990 Ulfborg",6990,Ulfborg,56.275164,8.324123
OK,OK Ulfborg,"Kirkebyvej 8, 6990 Ulfborg",6990,Ulfborg,56.306037,8.186419
OK,OK Fredericia,"Europavej 2, 7000 Fredericia",7000,Fredericia,55.542748,9.642454
OK,OK Fredericia,"Egeskovvej 104, 7000 Fredericia",7000,Fredericia,55.578319,9.754364
OK,OK Fredericia,"Egeskov Bygade 4, 7000 Fredericia",7000,Fredericia,55.614977,9.744254
OK,OK Fredericia,"Erritsø Bygade 103, 7000 Fredericia",7000,Fredericia,55.543694,9.717536
OK,OK Fredericia,"Vejlevej 101, 7000 Fredericia",7000,Fredericia,55.569075,9.718269
OK,OK Fredericia,"Bødkervej 1, 7000 Fredericia",7000,Fredericia,55.531102,9.715549
OK,OK Børkop,"Kirkebakken 25, 7080 Børkop",7080,Børkop,55.646189,9.657716
OK,OK Børkop,"Brejning Søndergade 44, 7080 Børkop",7080,Børkop,55.661383,9.673615
OK,OK Børkop,"Skolegade 2, 7080 Børkop",7080,Børkop,55.638126,9.700184
OK,OK Vejle,"Østjyske Motorvej 617B, 7100 Vejle",7100,Vejle,55.639774,9.562257
OK,OK Vejle,"Skanderborgvej 1, 7100 Vejle",7100,Vejle,55.804533,9.564719
OK,OK Vejle,"Ribevej 1A, 7100 Vejle",7100,Vejle,55.663448,9.408227
OK,OK Vejle,"Agersbølvej 5, 7100 Vejle",7100,Vejle,55.792778,9.58082
OK,OK Vejle,"Ribevej 31, 7100 Vejle",7100,Vejle,55.660979,9.404139
OK,OK Vejle,"Højen Kirkevej 1, 7100 Vejle",7100,Vejle,55.656117,9.505162
OK,OK Vejle,"Enghavevej 15Z, 7100 Vejle",7100,Vejle,55.706069,9.52951
OK,OK Vejle,"Vindinggård Center 1z, 7100 Vejle",7100,Vejle,55.687499,9.553567
OK,OK Vejle Øst,"Bredballe Byvej 7Z, 7120 Vejle Øst",7120,Vejle Øst,55.719279,9.608149
OK,OK Vejle Øst,"Horsensvej 329, 7120 Vejle Øst",7120,Vejle Øst,55.732108,9.603244
OK,OK Juelsminde,"Fruens Toft 11, 7130 Juelsminde",7130,Juelsminde,55.806089,9.997271
OK,OK Juelsminde,"Rousthøjs Alle 53, 7130 Juelsminde",7130,Juelsminde,55.709407,10.010343
OK,OK Tørring,"Torvegade 6, 7160 Tørring",7160,Tørring,55.849705,9.483317
OK,OK Uldum,"Lars Larsens Vej 2, 7171 Uldum",7171,Uldum,55.841905,9.590722
OK,OK Bredsten,"Billundvej 35, 7182 Bredsten",7182,Bredsten,55.704044,9.305857
OK,OK Bredsten,"Steen Blicher Vej 25, 7182 Bredsten",7182,Bredsten,55.705173,9.379038
OK,OK Vandel,"Hans Thomsens Vej 101, 7184 Vandel",7184,Vandel,55.713086,9.218624
OK,OK Billund,"Passagerterminalen 2, 7190 Billund",7190,Billund,55.747599,9.1393
OK,OK Grindsted,"Gl Grindstedvej 1, 7200 Grindsted",7200,Grindsted,55.652743,8.815618
OK,OK Grindsted,"Vestre Boulevard 11, 7200 Grindsted",7200,Grindsted,55.757831,8.920903
OK,OK Grindsted,"Vejle Landevej 25, 7200 Grindsted",7200,Grindsted,55.754123,8.965196
OK,OK Hejnsvig,"Klodhøjvej 2, 7250 Hejnsvig",7250,Hejnsvig,55.69463,8.998037
OK,OK Sønder Omme,"Vejlevej 5, 7260 Sønder Omme",7260,Sønder Omme,55.838705,8.897167
OK,OK Jelling,"Vejlevej 59, 7300 Jelling",7300,Jelling,55.757436,9.430594
OK,OK Give,"Borgergade 26A, 7323 Give",7323,Give,55.909995,9.25762
OK,OK Give,"Fredensgade 1, 7323 Give",7323,Give,55.844588,9.232164
OK,OK Brande,"Sjællandsvej 2D, 7330 Brande",7330,Brande,55.927578,9.158454
OK,OK Brande,"Storegade 60, 7330 Brande",7330,Brande,55.941094,9.128894
OK,OK Brande,"Brandlundvej 27, 7330 Brande",7330,Brande,55.942622,9.115225
OK,OK Brande,"Sdr Ommevej 71, 7330 Brande",7330,Brande,55.875551,9.028355
OK,OK Herning,"Viborgvej 3, 7400 Herning",7400,Herning,56.143049,8.983093
OK,OK Herning,"Holstebrovej 29, 7400 Herning",7400,Herning,56.138123,8.946504
OK,OK Herning,"Merkurvej 1, 7400 Herning",7400,Herning,56.13607,9.003599
OK,OK Herning,"Greenvej 1, 7400 Herning",7400,Herning,56.014222,8.99334
OK,OK Herning,"Gl. Landevej 100, 7400 Herning",7400,Herning,56.141139,8.968409
OK,OK Herning,"Gudhjemvej 1, 7400 Herning",7400,Herning,56.153178,8.985625
OK,OK Ikast,"Jyllandsgade 30, 7430 Ikast",7430,Ikast,56.1224,9.17314
OK,OK Bording,"Søndergade 51, 7441 Bording",7441,Bording,56.141075,9.274249
OK,OK Sunds,"Fredbovej 22, 7451 Sunds",7451,Sunds,56.204752,9.014652
OK,OK Sunds,"Ilskovvej 4, 7451 Sunds",7451,Sunds,56.200512,9.019898
OK,OK Karup J,"Søndergade 3, 7470 Karup J",7470,Karup J,56.339939,9.253528
OK,OK Karup J,"Bredgade 24, 7470 Karup J",7470,Karup J,56.308782,9.16629
OK,OK Vildbjerg,"Bredgade 35, 7480 Vildbjerg",7480,Vildbjerg,56.201305,8.767972
OK,OK Aulum,"Skolegade 7, 7490 Aulum",7490,Aulum,56.264126,8.796955
OK,OK Holstebro,"Viborgvej 111, 7500 Holstebro",7500,Holstebro,56.364746,8.689895
OK,OK Holstebro,"Brogårdsvej 3, 7500 Holstebro",7500,Holstebro,56.355476,8.619388
OK,OK Holstebro,"Vesterbrogade 92, 7500 Holstebro",7500,Holstebro,56.352985,8.605963
OK,OK Holstebro,"Viborgvej 256, 7500 Holstebro",7500,Holstebro,56.390736,8.809187
OK,OK Vemb,"Nørregade 23, 7570 Vemb",7570,Vemb,56.344018,8.342284
OK,OK Struer,"Bredgade 70, 7600 Struer",7600,Struer,56.480413,8.584728
OK,OK Struer,"Vilhelmsborgvej 45, 7600 Struer",7600,Struer,56.415897,8.485108
OK,OK Lemvig,"Heldumvej 63B, 7620 Lemvig",7620,Lemvig,56.546138,8.283885
OK,OK Lemvig,"Fabjergvej 29, 7620 Lemvig",7620,Lemvig,56.548306,8.334586
OK,OK Thisted,"Østerild Byvej 105, 7700 Thisted",7700,Thisted,57.03152,8.856132
OK,OK Thisted,"Ballerumvej 113, 7700 Thisted",7700,Thisted,57.011334,8.72748
OK,OK Thisted,"Vorupørvej 178, 7700 Thisted",7700,Thisted,56.92778,8.504523
OK,OK Thisted,"Frederiks Torv 1, 7700 Thisted",7700,Thisted,56.953948,8.688026
OK,OK Thisted,"Simons Bakke 110A, 7700 Thisted",7700,Thisted,56.946188,8.658927
OK,OK Thisted,"Skyumvej 1A, 7700 Thisted",7700,Thisted,56.882742,8.626546
OK,OK Thisted,"Østerbakken 97, 7700 Thisted",7700,Thisted,56.96771,8.731902
OK,OK Hanstholm,"Bytorvet 101, 7730 Hanstholm",7730,Hanstholm,57.113858,8.605608
OK,OK Frøstrup,"Søndergade 17, 7741 Frøstrup",7741,Frøstrup,57.085941,8.994799
OK,OK Vesløs,"Aalborgvej 187, 7742 Vesløs",7742,Vesløs,57.035782,8.969557
OK,OK Hurup Thy,"Mejerivej 3, 7760 Hurup Thy",7760,Hurup Thy,56.749851,8.42201
OK,OK Skive,"Frugtparken 3, 7800 Skive",7800,Skive,56.585199,9.027635
OK,OK Skive,"Ågade 26, 7800 Skive",7800,Skive,56.567251,9.033377
OK,OK Skive,"Holstebrovej 76D, 7800 Skive",7800,Skive,56.56951,9.003943
OK,OK Skive,"Kåstrupvej 26, 7800 Skive",7800,Skive,56.644588,8.984215
OK,OK Vinderup,"Nylandsvej 11, 7830 Vinderup",7830,Vinderup,56.480826,8.77996
OK,OK Højslev,"Viborgvej 214, 7840 Højslev",7840,Højslev,56.550789,9.108547
OK,OK Stoholm Jyll,"Nørregade 8, 7850 Stoholm Jyll",7850,Stoholm Jyll,56.486011,9.151371
OK,OK Spøttrup,"Grundvadvej 1, 7860 Spøttrup",7860,Spøttrup,56.636055,8.81619
OK,OK Spøttrup,"Skivevej 4, 7860 Spøttrup",7860,Spøttrup,56.613183,8.880496
OK,OK Spøttrup,"Amtsvejen 27A, 7860 Spøttrup",7860,Spøttrup,56.600192,8.756014
OK,OK Roslev,"Aakjærsvej 1, 7870 Roslev",7870,Roslev,56.687564,9.068796
OK,OK Roslev,"Bredgade 4, 7870 Roslev",7870,Roslev,56.761706,8.867045
OK,OK Roslev,"Sallingsundvej 2-, 7870 Roslev",7870,Roslev,56.70153,8.989937
OK,OK Roslev,"Tønderingvej 3-, 7870 Roslev",7870,Roslev,56.743884,8.957356
OK,OK Fur,"Sundevej 3A, 7884 Fur",7884,Fur,56.806203,9.019383
OK,OK Nykøbing M,"Vester Fald 2, 7900 Nykøbing M",7900,Nykøbing M,56.7891,8.828254
OK,OK Erslev,"Præstbrovej 322, 7950 Erslev",7950,Erslev,56.836925,8.717093
OK,OK Øster Assels,"Asselsvej 172, 7990 Øster Assels",7990,Øster Assels,56.701828,8.697331
OK,OK Aarhus N,"Skejbygårdsvej 45, 8200 Aarhus N",8200,Aarhus N,56.194731,10.195133
OK,OK Aarhus N,"Randersvej 346, 8200 Aarhus N",8200,Aarhus N,56.218772,10.167161
OK,OK Aarhus V,"Frydenlunds Allé 7, 8210 Aarhus V",8210,Aarhus V,56.163962,10.174692
OK,OK Brabrand,"Logistikparken 12C, 8220 Brabrand",8220,Brabrand,56.1588,10.0681
OK,OK Brabrand,"Gudrunsvej 7, 8220 Brabrand",8220,Brabrand,56.153418,10.13529
OK,OK Åbyhøj,"Haslevej 3, 8230 Åbyhøj",8230,Åbyhøj,56.156205,10.165038
OK,OK Risskov,"Lystrupvej 62, 8240 Risskov",8240,Risskov,56.208142,10.235775
OK,OK Viby J,"Åhave Parkvej 11, 8260 Viby J",8260,Viby J,56.133428,10.15766
OK,OK Viby J,"Ringvej Syd 100, 8260 Viby J",8260,Viby J,56.117366,10.150814
OK,OK Viby J,"Rosenhøj 2, 8260 Viby J",8260,Viby J,56.112945,10.150755
OK,OK Højbjerg,"Stenvej 19, 8270 Højbjerg",8270,Højbjerg,56.10723,10.20533
OK,OK Odder,"Nørregade 6, 8300 Odder",8300,Odder,55.974253,10.148345
OK,OK Odder,"Hovedgaden 26, 8300 Odder",8300,Odder,55.89346,10.167445
OK,OK Odder,"Rådhusgade 85, 8300 Odder",8300,Odder,55.982792,10.151841
OK,OK Samsø,"Svenskgyden 3, 8305 Samsø",8305,Samsø,55.945806,10.565509
OK,OK Samsø,"Møllebakkevej 1, 8305 Samsø",8305,Samsø,55.830842,10.593346
OK,OK Mårslet,"Hørretvej 8A, 8320 Mårslet",8320,Mårslet,56.06769,10.162472
OK,OK Malling,"Bredgade 44, 8340 Malling",8340,Malling,56.03996,10.193376
OK,OK Solbjerg,"Østergårdsvej 278, 8355 Solbjerg",8355,Solbjerg,56.037261,10.08348
OK,OK Hørning,"Vester Alle 1, 8362 Hørning",8362,Hørning,56.086698,10.039078
OK,OK Hadsten,"Søndergade 15, 8370 Hadsten",8370,Hadsten,56.326518,10.043898
OK,OK Hadsten,"Landevejen 203, 8370 Hadsten",8370,Hadsten,56.311376,10.134589
OK,OK Hadsten,"Hadbjergvej 6, 8370 Hadsten",8370,Hadsten,56.333745,10.051698
OK,OK Trige,"Smedebroen 15, 8380 Trige",8380,Trige,56.252681,10.146303
OK,OK Tilst,"Havkærvej 5, 8381 Tilst",8381,Tilst,56.193244,10.109447
OK,OK Hinnerup,"Samsøvej 28, 8382 Hinnerup",8382,Hinnerup,56.248864,10.071529
OK,OK Ebeltoft,"Østeralle 14, 8400 Ebeltoft",8400,Ebeltoft,56.196434,10.680622
OK,OK Rønde,"Ryomvej 44, 8410 Rønde",8410,Rønde,56.346155,10.456404
OK,OK Knebel,"Tved Bygade 48, 8420 Knebel",8420,Knebel,56.197051,10.433309
OK,OK Knebel,"Vrinners Bygade 37, 8420 Knebel",8420,Knebel,56.242939,10.493078
OK,OK Hammel,"Hollandsvej 1, 8450 Hammel",8450,Hammel,56.242773,9.864328
OK,OK Harlev J,"Gammel Stillingvej 4, 8462 Harlev J",8462,Harlev J,56.144746,10.001434
OK,OK Galten,"Søndergade 41, 8464 Galten",8464,Galten,56.14985,9.902568
OK,OK Galten,"Hørslevvej 35, 8464 Galten",8464,Galten,56.159164,9.952585
OK,OK Galten,"Ladingvej 1, 8464 Galten",8464,Galten,56.18448,9.962909
OK,OK Galten,"Erhvervsparken Klank 2, 8464 Galten",8464,Galten,56.146594,9.918263
OK,OK Sabro,"Larixvej 2, 8471 Sabro",8471,Sabro,56.207831,10.037167
OK,OK Grenaa,"Dolmervej 2-, 8500 Grenaa",8500,Grenaa,56.459974,10.86777
OK,OK Grenaa,"Århusvej 48, 8500 Grenaa",8500,Grenaa,56.406347,10.873196
OK,OK Lystrup,"Lystrup Centervej 53, 8520 Lystrup",8520,Lystrup,56.237209,10.233947
OK,OK Skødstrup,"Kløvervangen 108, 8541 Skødstrup",8541,Skødstrup,56.262703,10.300907
OK,OK Hornslet,"Landevejen 73, 8543 Hornslet",8543,Hornslet,56.300313,10.363886
OK,OK Hornslet,"Toftevej 11, 8543 Hornslet",8543,Hornslet,56.314383,10.319663
OK,OK Mørke,"Randersvej 67, 8544 Mørke",8544,Mørke,56.357254,10.339988
OK,OK Ryomgård,"Vestergade 63, 8550 Ryomgård",8550,Ryomgård,56.381744,10.491633
OK,OK Trustrup,"Århusvej 192, 8570 Trustrup",8570,Trustrup,56.351139,10.780405
OK,OK Nimtofte,"Torvet 8, 8581 Nimtofte",8581,Nimtofte,56.40875,10.56857
OK,OK Glesborg,"Bønnerupvej 12, 8585 Glesborg",8585,Glesborg,56.5287,10.7053
OK,OK Glesborg,"Glesborg Bygade 54, 8585 Glesborg",8585,Glesborg,56.478543,10.72528
OK,OK Glesborg,"Strandvejen 6, 8585 Glesborg",8585,Glesborg,56.506421,10.588298
OK,OK Ørum Djurs,"Skolebakken 40, 8586 Ørum Djurs",8586,Ørum Djurs,56.439564,10.687782
OK,OK Silkeborg,"Borgdalsvej 1, 8600 Silkeborg",8600,Silkeborg,56.154044,9.638055
OK,OK Silkeborg,"Nordre Ringvej 110, 8600 Silkeborg",8600,Silkeborg,56.184935,9.540275
OK,OK Silkeborg,"Julsøvej 93, 8600 Silkeborg",8600,Silkeborg,56.139826,9.607414
OK,OK Silkeborg,"Hjaltesvej 2, 8600 Silkeborg",8600,Silkeborg,56.189907,9.692675
OK,OK Silkeborg,"Vestre Ringvej 24, 8600 Silkeborg",8600,Silkeborg,56.161908,9.507207
OK,OK Kjellerup,"Bryggertorvet 9, 8620 Kjellerup",8620,Kjellerup,56.289353,9.432344
OK,OK Kjellerup,"Parallelvej 2, 8620 Kjellerup",8620,Kjellerup,56.286219,9.415021
OK,OK Sorring,"Hovedgaden 16, 8641 Sorring",8641,Sorring,56.176822,9.775368
OK,OK Ans By,"Søndermarksgade 14, 8643 Ans By",8643,Ans By,56.305895,9.594282
OK,OK Them,"Them-Centret 10, 8653 Them",8653,Them,56.094122,9.547853
OK,OK Skanderborg,"Østjyske Motorvej 536A, 8660 Skanderborg",8660,Skanderborg,55.979582,9.865077
OK,OK Skanderborg,"Østjyske Motorvej 545, 8660 Skanderborg",8660,Skanderborg,55.977361,9.870361
OK,OK Skanderborg,"Hotelvej 3, 8660 Skanderborg",8660,Skanderborg,56.06152,9.984177
OK,OK Skanderborg,"Vroldvej 57, 8660 Skanderborg",8660,Skanderborg,56.037631,9.9104
OK,OK Ry,"Siimtoften 4, 8680 Ry",8680,Ry,56.093818,9.754639
OK,OK Ry,"Randersvej 25, 8680 Ry",8680,Ry,56.094976,9.760954
OK,OK Horsens,"Orionvej 4B, 8700 Horsens",8700,Horsens,55.8363,9.7882
OK,OK Horsens,"Langagergård 1, 8700 Horsens",8700,Horsens,55.901055,9.830139
OK,OK Horsens,"Rosenkrantzvej 1, 8700 Horsens",8700,Horsens,55.876914,9.809365
OK,OK Horsens,"Præstemarksvej 1, 8700 Horsens",8700,Horsens,55.854636,9.766984
OK,OK Horsens,"Brådhusvej 1, 8700 Horsens",8700,Horsens,55.872901,9.912687
OK,OK Horsens,"Silkeborgvej 199, 8700 Horsens",8700,Horsens,55.895304,9.765325
OK,OK Horsens,"Langmarksvej 105, 8700 Horsens",8700,Horsens,55.867719,9.882169
OK,OK Horsens,"Vejlevej 82, 8700 Horsens",8700,Horsens,55.843409,9.820589
OK,OK Horsens,"Haldrupvej 3, 8700 Horsens",8700,Horsens,55.893644,10.003375
OK,OK Horsens,"Bøllingvej 1, 8700 Horsens",8700,Horsens,55.825075,9.848976
OK,OK Hedensted,"Overholmvej 1A, 8722 Hedensted",8722,Hedensted,55.76358,9.686274
OK,OK Hedensted,"Bytorvet 30, 8722 Hedensted",8722,Hedensted,55.768227,9.702285
OK,OK Hedensted,"Spettrupvej 1, 8722 Hedensted",8722,Hedensted,55.780085,9.718498
OK,OK Løsning,"Vestergade 44, 8723 Løsning",8723,Løsning,55.803902,9.693287
OK,OK Hovedgård,"Søndervænget 2, 8732 Hovedgård",8732,Hovedgård,55.940906,9.95865
OK,OK Brædstrup,"Søndergade 50, 8740 Brædstrup",8740,Brædstrup,55.968676,9.609252
OK,OK Brædstrup,"Rådhusgade 13, 8740 Brædstrup",8740,Brædstrup,55.97702,9.60894
OK,OK Gedved,"Skovvej 2, 8751 Gedved",8751,Gedved,55.934108,9.844345
OK,OK Østbirk,"Ydingvej 12, 8752 Østbirk",8752,Østbirk,55.968605,9.749891
OK,OK Rask Mølle,"Gl Jernbanevej 6, 8763 Rask Mølle",8763,Rask Mølle,55.872263,9.612096
OK,OK Hornsyld,"Apotekerbakken 1A, 8783 Hornsyld",8783,Hornsyld,55.756217,9.855427
OK,OK Viborg,"Marsk Stigs Vej 2, 8800 Viborg",8800,Viborg,56.444399,9.389837
OK,OK Viborg,"Koldingvej 37, 8800 Viborg",8800,Viborg,56.434847,9.395213
OK,OK Viborg,"Vestre Skivevej 169, 8800 Viborg",8800,Viborg,56.426714,9.084285
OK,OK Viborg,"Bredgade 20, 8800 Viborg",8800,Viborg,56.445238,9.189215
OK,OK Viborg,"Randersvej 64, 8800 Viborg",8800,Viborg,56.452569,9.448715
OK,OK Tjele,"Gartnerbakken 4, 8830 Tjele",8830,Tjele,56.499275,9.7499
OK,OK Tjele,"Østergade 2, 8830 Tjele",8830,Tjele,56.481537,9.625495
OK,OK Løgstrup,"Hovedgaden 1A, 8831 Løgstrup",8831,Løgstrup,56.502479,9.342307
OK,OK Bjerringbro,"Markedsgade 3, 8850 Bjerringbro",8850,Bjerringbro,56.375832,9.654145
OK,OK Ulstrup,"Hovedgaden 23, 8860 Ulstrup",8860,Ulstrup,56.390612,9.794321
OK,OK Langå,"Grenstenvej 1, 8870 Langå",8870,Langå,56.433033,9.945638
OK,OK Thorsø,"Rolighedsvej 6, 8881 Thorsø",8881,Thorsø,56.296837,9.789159
OK,OK Fårvang,"Viborgvej 15, 8882 Fårvang",8882,Fårvang,56.270953,9.728697
OK,OK Randers NV,"Frederiksbergvej 1, 8920 Randers NV",8920,Randers NV,56.485219,9.908992
OK,OK Randers NV,"Mariagervej 135, 8920 Randers NV",8920,Randers NV,56.476914,10.027526
OK,OK Randers NØ,"Udbyhøjvej 326, 8930 Randers NØ",8930,Randers NØ,56.500537,10.127508
OK,OK Randers NØ,"Udbyhøjvej 154, 8930 Randers NØ",8930,Randers NØ,56.472527,10.068026
OK,OK Randers SØ,"Merkurvej 51, 8960 Randers SØ",8960,Randers SØ,56.42907,10.06336
OK,OK Allingåbro,"Hovedgaden 78, 8961 Allingåbro",8961,Allingåbro,56.46383,10.334738
OK,OK Auning,"Centervej 12, 8963 Auning",8963,Auning,56.431929,10.373423
OK,OK Havndal,"Ved Dammen 31, 8970 Havndal",8970,Havndal,56.608554,10.229373
OK,OK Spentrup,"Stationsvej 2, 8981 Spentrup",8981,Spentrup,56.536049,10.04399
OK,OK Spentrup,"Amtsvejen 31, 8981 Spentrup",8981,Spentrup,56.575456,9.995984
OK,OK Gjerlev J,"Hammergårdsvej 2, 8983 Gjerlev J",8983,Gjerlev J,56.587639,10.132954
OK,OK Aalborg,"Dannebrogsgade 64, 9000 Aalborg",9000,Aalborg,57.054395,9.906625
OK,OK Aalborg,"Ny Kærvej 40, 9000 Aalborg",9000,Aalborg,57.031724,9.926126
OK,OK Aalborg,"Vejgård Torv 5, 9000 Aalborg",9000,Aalborg,57.04259,9.949389
OK,OK Aalborg SV,"Hobrovej 455, 9200 Aalborg SV",9200,Aalborg SV,57.00472,9.881333
OK,OK Aalborg Øst,"Saltumvej 3, 9220 Aalborg Øst",9220,Aalborg Øst,57.034294,10.00895
OK,OK Svenstrup J,"Egernvej 1, 9230 Svenstrup J",9230,Svenstrup J,56.972666,9.851617
OK,OK Svenstrup J,"Skjoldet 2, 9230 Svenstrup J",9230,Svenstrup J,56.953777,9.864739
OK,OK Gistrup,"Nøvlingvej 25, 9260 Gistrup",9260,Gistrup,56.997547,9.995193
OK,OK Klarup,"Klarupvej 39, 9270 Klarup",9270,Klarup,57.013977,10.049695
OK,OK Storvorde,"Aagade 40, 9280 Storvorde",9280,Storvorde,56.966935,10.101798
OK,OK Storvorde,"Dokkedalvej 2, 9280 Storvorde",9280,Storvorde,56.968057,10.221316
OK,OK Storvorde,"Stationsvej 5, 9280 Storvorde",9280,Storvorde,57.000503,10.10248
OK,OK Sæby,"Trafikcenter Sæby Syd 1, 9300 Sæby",9300,Sæby,57.313106,10.450099
OK,OK Vodskov,"Springvandspladsen 2, 9310 Vodskov",9310,Vodskov,57.066345,10.12999
OK,OK Vodskov,"Vodskovvej 15A, 9310 Vodskov",9310,Vodskov,57.102863,10.023466
OK,OK Dronninglund,"Præstbrovej 4, 9330 Dronninglund",9330,Dronninglund,57.197582,10.381662
OK,OK Dronninglund,"Slotsgade 27, 9330 Dronninglund",9330,Dronninglund,57.159389,10.286866
OK,OK Dybvad,"Markedsvej 14, 9352 Dybvad",9352,Dybvad,57.274742,10.356501
OK,OK Hals,"Vestergade 82, 9370 Hals",9370,Hals,57.081211,10.256772
OK,OK Hals,"Brogade 23, 9370 Hals",9370,Hals,57.056822,10.370523
OK,OK Sulsted,"Elkærvej 11, 9381 Sulsted",9381,Sulsted,57.157267,9.963424
OK,OK Tylstrup,"Hammelmosevej 5, 9382 Tylstrup",9382,Tylstrup,57.196401,9.949583
OK,OK Nørresundby,"Ny Lufthavnsvej 100, 9400 Nørresundby",9400,Nørresundby,57.086015,9.876268
OK,OK Nørresundby,"Forbindelsesvejen 148, 9400 Nørresundby",9400,Nørresundby,57.070276,9.945086
OK,OK Nørresundby,"Loftbrovej 19, 9400 Nørresundby",9400,Nørresundby,57.089443,9.976639
OK,OK Aabybro,"Gl. Landevej 19, 9440 Aabybro",9440,Aabybro,57.147236,9.679781
OK,OK Brovst,"Østergade 65, 9460 Brovst",9460,Brovst,57.0984,9.53461
OK,OK Brovst,"Poststrædet 7, 9460 Brovst",9460,Brovst,57.089348,9.486905
OK,OK Brovst,"Tranhøj 4, 9460 Brovst",9460,Brovst,57.132132,9.46215
OK,OK Løkken,"Løkkensvej 669, 9480 Løkken",9480,Løkken,57.424925,9.844119
OK,OK Løkken,"Jyllandsgade 5C, 9480 Løkken",9480,Løkken,57.369254,9.714083
OK,OK Pandrup,"Bredgade 70, 9490 Pandrup",9490,Pandrup,57.217437,9.67551
OK,OK Hobro,"Skårupvej 14, 9500 Hobro",9500,Hobro,56.590209,9.632355
OK,OK Hobro,"Randersvej 20, 9500 Hobro",9500,Hobro,56.631242,9.800646
OK,OK Hobro,"Viborg Landevej 22, 9500 Hobro",9500,Hobro,56.586299,9.761179
OK,OK Arden,"Vestergade 38, 9510 Arden",9510,Arden,56.770205,9.854725
OK,OK Arden,"Torvegade 7, 9510 Arden",9510,Arden,56.767318,9.981328
OK,OK Skørping,"Sverriggårdsvej 12, 9520 Skørping",9520,Skørping,56.836616,9.889214
OK,OK Støvring,"Gammel Skolevej 11, 9530 Støvring",9530,Støvring,56.936966,9.748474
OK,OK Støvring,"Juelstrupparken 30, 9530 Støvring",9530,Støvring,56.878993,9.807477
OK,OK Suldrup,"Veggerbyvej 1, 9541 Suldrup",9541,Suldrup,56.848547,9.700312
OK,OK Mariager,"Fruensgaard Plads 1, 9550 Mariager",9550,Mariager,56.652535,9.98188
OK,OK Mariager,"Storegade 15, 9550 Mariager",9550,Mariager,56.677162,10.062854
OK,OK Hadsund,"Himmerlandsgade 4, 9560 Hadsund",9560,Hadsund,56.716906,10.11301
OK,OK Hadsund,"Kystvejen 51, 9560 Hadsund",9560,Hadsund,56.803665,10.272185
OK,OK Aars,"Himmerlandsparken 4, 9600 Aars",9600,Aars,56.800581,9.511195
OK,OK Aars,"Hjortkjærsvej 3, 9600 Aars",9600,Aars,56.804799,9.503364
OK,OK Nørager,"Jyllandsgade 60A, 9610 Nørager",9610,Nørager,56.783541,9.69126
OK,OK Nørager,"Bredgade 34, 9610 Nørager",9610,Nørager,56.707814,9.629008
OK,OK Aalestrup,"Vestergade 32, 9620 Aalestrup",9620,Aalestrup,56.694501,9.4905
OK,OK Møldrup,"Østergade 20, 9632 Møldrup",9632,Møldrup,56.616097,9.507299
OK,OK Farsø,"Sundvej 5, 9640 Farsø",9640,Farsø,56.700663,9.206946
OK,OK Farsø,"Nørregade 71, 9640 Farsø",9640,Farsø,56.778697,9.340962
OK,OK Løgstør,"Brårupvej 2, 9670 Løgstør",9670,Løgstør,56.949883,9.360543
OK,OK Løgstør,"Limfjordsvej 31, 9670 Løgstør",9670,Løgstør,56.969322,9.258526
OK,OK Løgstør,"Præstebakken 3, 9670 Løgstør",9670,Løgstør,56.858268,9.265523
OK,OK Ranum,"Vestergade 41, 9681 Ranum",9681,Ranum,56.896794,9.228167
OK,OK Fjerritslev,"Thistedvej 463, 9690 Fjerritslev",9690,Fjerritslev,57.102887,9.125197
OK,OK Brønderslev,"Velkomstcenter Syd 1, 9700 Brønderslev",9700,Brønderslev,57.251646,9.972187
OK,OK Brønderslev,"Østergade 51, 9700 Brønderslev",9700,Brønderslev,57.265152,9.948642
OK,OK Jerslev J,"Boulevarden 19, 9740 Jerslev J",9740,Jerslev J,57.286628,10.092146
OK,OK Vrå,"Sigenvej 5, 9760 Vrå",9760,Vrå,57.359624,9.953179
OK,OK Hjørring,"Frederikshavnsvej 31, 9800 Hjørring",9800,Hjørring,57.45596,10.003967
OK,OK Hjørring,"Skagen Landevej 91, 9800 Hjørring",9800,Hjørring,57.513115,10.023548
OK,OK Hjørring,"Nordbovej 2, 9800 Hjørring",9800,Hjørring,57.467708,9.970407
OK,OK Hirtshals,"Gl Landevej 9A, 9850 Hirtshals",9850,Hirtshals,57.529681,9.948162
OK,OK Sindal,"Mosbjergvej 429, 9870 Sindal",9870,Sindal,57.5024,10.278497
OK,OK Sindal,"Søndergade 1, 9870 Sindal",9870,Sindal,57.409781,10.300195
OK,OK Sindal,"Thorsvej 33, 9870 Sindal",9870,Sindal,57.470635,10.191517
OK,OK Bindslev,"Vesterbro 11, 9881 Bindslev",9881,Bindslev,57.542151,10.195811
OK,OK Frederikshavn,"Østergade 5, 9900 Frederikshavn",9900,Frederikshavn,57.402437,10.435699
OK,OK Frederikshavn,"Hjørringvej 12, 9900 Frederikshavn",9900,Frederikshavn,57.448505,10.528435
OK,OK Frederikshavn,"Grundtvigsvej 80, 9900 Frederikshavn",9900,Frederikshavn,57.481935,10.476249
OK,OK Frederikshavn,"Gl. Skagensvej 30B, 9900 Frederikshavn",9900,Frederikshavn,57.455794,10.525919
OK,OK Læsø,"Byrum Hovedgade 77, 9940 Læsø",9940,Læsø,57.253895,11.003655
OK,OK Læsø,"Vesterø Havnegade 4, 9940 Læsø",9940,Læsø,57.293692,10.92295
OK,OK Strandby,"Havnevej 27, 9970 Strandby",9970,Strandby,57.494432,10.500724
OK,OK Jerup,"Skagensvej 427, 9981 Jerup",9981,Jerup,57.534106,10.419731
OK,OK Skagen,"Kattegatvej 16, 9990 Skagen",9990,Skagen,57.726712,10.569267
Oles Olie,Oles Olie Skovby,"Ømosevej 1, 5400 Skovby",5400,Skovby,55.525847,10.077761
Oles Olie,Oles Olie Brenderup,"Rugårdsvej 198, 5464 Brenderup",5464,Brenderup,55.487075,9.97034
Oles Olie,Oles Olie Håstrup,"Bygade 50, 5600 Håstrup",5600,Håstrup,55.172102,10.185231
Oles Olie,Oles Olie Tommerup,"Skolevej 1, 5690 Tommerup",5690,Tommerup,55.322723,10.200473
Oles Olie,Oles Olie Ringe (Damhusvej),"Damhusvej 16, 5750 Ringe",5750,Ringe,55.237545,10.482551
Oles Olie,Oles Olie Ringe (Østre Ringvej),"Østre Ringvej 26, 5750 Ringe",5750,Ringe,55.237494,10.483381
Oles Olie,Oles Olie Gudme,"Vestergade 9, 5884 Gudme",5884,Gudme,55.154342,10.703073
Oles Olie,Oles Olie Rudkøbing,"Spodsbjergvej 327, 5900 Rudkøbing",5900,Rudkøbing,54.93117,10.828334
Q8,"København V, Nyropsgade 42","Nyropsgade 42, 1602 København V",1602,København V,55.677471,12.560889
Q8,"København Ø, Nørre Alle 77","Nørre Alle 77, 2100 København Ø",2100,København Ø,55.705776,12.562233
Q8,"København N, Tagensvej 90","Tagensvej 90, 2200 København N",2200,København N,55.70256,12.549569
Q8,"København S, Amagerbrogade 289","Amagerbrogade 289, 2300 København S",2300,København S,55.642353,12.616718
Q8,"København S, Vejlands Alle 140","Vejlands Alle 140, 2300 København S",2300,København S,55.642696,12.590939
Q8,"København S, Ørestads Boulevard 4","Ørestads Boulevard 4, 2300 København S",2300,København S,55.666061,12.585937
Q8,"København NV, Tomsgårdsvej 33","Tomsgårdsvej 33, 2400 København NV",2400,København NV,55.708885,12.52461
Q8,"Valby, Folehaven 118-120","Folehaven 118-120, 2500 Valby",2500,Valby,55.65271,12.492107
Q8,"Glostrup, Hovedvejen 67","Hovedvejen 67, 2600 Glostrup",2600,Glostrup,55.666317,12.404461
Q8,"Brøndby, Vallensbækvej 1","Vallensbækvej 1, 2605 Brøndby",2605,Brøndby,55.643299,12.400076
Q8,"Rødovre, Tårnvej 300/Tæbyvej","Tårnvej 300/Tæbyvej, 2610 Rødovre",2610,Rødovre,55.685444,12.45153
Q8,"Tåstrup, Tåstrup Hovedgade 108 B","Tåstrup Hovedgade 108 B, 2630 Taastrup",2630,Taastrup,55.645321,12.296795
Q8,"Ishøj, Ishøj Stationsvej 8","Ishøj Stationsvej 8, 2635 Ishøj",2635,Ishøj,55.614269,12.362215
Q8,"Hvidovre, Brostykkevej 104-108","Brostykkevej 104-108, 2650 Hvidovre",2650,Hvidovre,55.637661,12.478006
Q8,"Hvidovre, Lodsvej 3-5","Lodsvej 3-5, 2650 Hvidovre",2650,Hvidovre,55.629169,12.487056
Q8,"Hvidovre, Stamholmen 143","Stamholmen 143, 2650 Hvidovre",2650,Hvidovre,55.614815,12.47036
Q8,"Greve, Mosede Strandvej 54","Mosede Strandvej 54, 2670 Greve",2670,Greve,55.569008,12.281387
Q8,"Karlslunde, Motelvej 1","Motelvej 1, 2690 Karlslunde",2690,Karlslunde,55.545547,12.21515
Q8,"Brønshøj, Frederikssundsvej 349","Frederikssundsvej 349, 2700 Brønshøj",2700,Brønshøj,55.712528,12.46867
Q8,"Vanløse, Slotsherrensvej 123-125","Slotsherrensvej 123-125, 2720 Vanløse",2720,Vanløse,55.698814,12.472097
Q8,"Herlev, Herlev Hovedgade 234-238","Herlev Hovedgade 234-238, 2730 Herlev",2730,Herlev,55.726017,12.416049
Q8,"Ballerup, Vestbuen 159","Vestbuen 159, 2750 Ballerup",2750,Ballerup,55.72718,12.345273
Q8,"Lyngby, Bagsværdvej 134","Bagsværdvej 134, 2800 Lyngby",2800,Lyngby,55.764912,12.476053
Q8,"Gentofte, Vangedevej 132","Vangedevej 132, 2820 Gentofte",2820,Gentofte,55.740726,12.523291
Q8,"Virum, Hummeltoftevej 45","Hummeltoftevej 45, 2830 Virum",2830,Virum,55.782272,12.484419
Q8,"Nærum, Langhaven 4","Langhaven 4, 2850 Nærum",2850,Nærum,55.833042,12.524162
Q8,"Nærum, Skodsborgvej 309","Skodsborgvej 309, 2850 Nærum",2850,Nærum,55.815655,12.53508
Q8,"Søborg, Dynamovej 2","Dynamovej 2, 2860 Søborg",2860,Søborg,55.734127,12.459671
Q8,"Søborg, Mørkhøjvej 229","Mørkhøjvej 229, 2860 Søborg",2860,Søborg,55.727116,12.472625
Q8,"Bagsværd, Vadstrupvej 55","Vadstrupvej 55, 2880 Bagsværd",2880,Bagsværd,55.757851,12.447099
Q8,"Charlottenlund, Fredensvej 1-3","Fredensvej 1-3, 2920 Charlottenlund",2920,Charlottenlund,55.753975,12.57243
Q8,"Hørsholm, Usserød Kongevej 6","Usserød Kongevej 6, 2970 Hørsholm",2970,Hørsholm,55.881355,12.499242
Q8,"Isterød, Frederiksborgvej 25","Frederiksborgvej 25, 2970 Isterød",2970,Isterød,55.877064,12.47691
Q8,"Helsingør, Klostermosevej 105","Klostermosevej 105, 3000 Helsingør",3000,Helsingør,56.024364,12.571297
Q8,"Espergærde, Hovvej 26","Hovvej 26, 3060 Espergærde",3060,Espergærde,55.995991,12.533587
Q8,"Hillerød, Holmegårdsvej 64","Holmegårdsvej 64, 3400 Hillerød",3400,Hillerød,55.942532,12.310859
Q8,"Allerød, Allerød Stationsvej 1","Allerød Stationsvej 1, 3450 Allerød",3450,Allerød,55.869663,12.357161
Q8,"Birkerød, Bistrupvej 133","Bistrupvej 133, 3460 Birkerød",3460,Birkerød,55.825504,12.428951
Q8,"Værløse, Ballerupvej 20","Ballerupvej 20, 3500 Værløse",3500,Værløse,55.780468,12.370117
Q8,"Farum, Frederiksborgvej 9","Frederiksborgvej 9, 3520 Farum",3520,Farum,55.812721,12.376593
Q8,"Lynge, Uggeløse Bygade 1","Uggeløse Bygade 1, 3540 Lynge",3540,Lynge,55.833885,12.274557
Q8,"Slangerup, Brobæksgade 7 A","Brobæksgade 7 A, 3550 Slangerup",3550,Slangerup,55.84396,12.173863
Q8,"Ølstykke, Karmstensvej 2A","Karmstensvej 2A, 3650 Ølstykke",3650,Ølstykke,55.786793,12.144844
Q8,"Stenløse, Bauneholmvej 1","Bauneholmvej 1, 3660 Stenløse",3660,Stenløse,55.767216,12.185552
Q8,"Roskilde, Klosterengen 94","Klosterengen 94, 4000 Roskilde",4000,Roskilde,55.651218,12.10718
Q8,"Roskilde, Københavnsvej 86-88","Københavnsvej 86-88, 4000 Roskilde",4000,Roskilde,55.641766,12.110387
Q8,"Roskilde, Motorvejen Nord","Motorvejen Nord, 4000 Roskilde",4000,Roskilde,55.626133,12.097202
Q8,"Slagelse, Ndr. Ringgade 2","Ndr.Ringgade 2, 4200 Slagelse",4200,Slagelse,55.410355,11.338767
Q8,"Korsør, Storebæltsvej 60","Storebæltsvej 60, 4220 Korsør",4220,Korsør,55.347641,11.119495
Q8,"Næstved, Vordingborgvej 41","Vordingborgvej 41, 4700 Næstved",4700,Næstved,55.223335,11.759784
Q8,"Nykøbing F, Vesterskovvej 35","Vesterskovvej 35, 4800 Nykøbing F",4800,Nykøbing F,54.766701,11.882522
Q8,"Nørre-Alslev, Gåbensevej 1","Gåbensevej 1, 4840 Nørre Alslev",4840,Nørre Alslev,54.898964,11.871797
Q8,"Maribo, Østre Landevej 46","Østre Landevej 46, 4930 Maribo",4930,Maribo,54.776474,11.515252
Q8,"Odense M, Hjallesevej 135","Hjallesevej 135, 5230 Odense M",5230,Odense M,55.380905,10.395288
Q8,Q8 Kildebjerg Nord Motorvej,"Fynske Motorvej 1, 5492 Vissenbjerg",5492,Vissenbjerg,55.394489,10.190668
Q8,"Nørre Aaby, Assensvej 1","Assensvej 1, 5580 Nørre Aaby",5580,Nørre Aaby,55.468884,9.895136
Q8,"Bramdrupdam, Vejlevej 355","Vejlevej 355, 6000 Bramdrupdam",6000,Bramdrupdam,55.526127,9.464049
Q8,"Harte Nord, Esbjergmotorvejen 646","Esbjergmotorvejen 646, 6000 Harte Nord",6000,Harte Nord,55.514702,9.401425
Q8,"Harte Syd, Esbjergmotorvejen 647 B","Esbjergmotorvejen 647 B, 6000 Harte Syd",6000,Harte Syd,55.511566,9.392707
Q8,"Kolding, Haderslevvej 120","Haderslevvej 120, 6000 Kolding",6000,Kolding,55.475586,9.469108
Q8,"Haderslev, Ny Erlevvej 26","Ny Erlevvej 26, 6100 Haderslev",6100,Haderslev,55.246361,9.482459
Q8,Q8 Frøslev Vest Motorvejscenter,"Sønderjyske Motorvej 764, 6330 Padborg",6330,Padborg,54.83231,9.333135
Q8,"Sønderborg, Alsgade 38","Alsgade 38, 6400 Sønderborg",6400,Sønderborg,54.916218,9.801146
Q8,"Vojens, Vestergade 12","Vestergade 12, 6500 Vojens",6500,Vojens,55.246555,9.302273
Q8,"Esbjerg Ø, Storegade 223","Storegade 223, 6705 Esbjerg Ø",6705,Esbjerg Ø,55.478348,8.492366
Q8,"Bramming, Storegade 100","Storegade 100, 6740 Bramming",6740,Bramming,55.467457,8.687981
Q8,"Varde, Vestre Landevej 76","Vestre Landevej 76, 6800 Varde",6800,Varde,55.626274,8.461212
Q8,"Ringkøbing, Herningvej 53","Herningvej 53, 6950 Ringkøbing",6950,Ringkøbing,56.087376,8.258318
Q8,"Fredericia, Vejlevej 28","Vejlevej 28, 7000 Fredericia",7000,Fredericia,55.569534,9.722718
Q8,"Vejle, Horsensvej 85","Horsensvej 85, 7100 Vejle",7100,Vejle,55.720257,9.563471
Q8,"Vejle, Koldingvej 153","Koldingvej 153, 7100 Vejle",7100,Vejle,55.695694,9.526002
Q8,"Tørring, Viborg Hovedvej 80","Viborg Hovedvej 80, 7160 Tørring",7160,Tørring,55.845337,9.487519
Q8,"Billund, Hovedgaden 48","Hovedgaden 48, 7190 Billund",7190,Billund,55.734146,9.108092
Q8,"Grindsted, Jorden Rundt 2","Jorden Rundt 2, 7200 Grindsted",7200,Grindsted,55.752159,8.927364
Q8,"Sønder-Omme, Hovedgaden 55","Hovedgaden 55, 7260 Sønder Omme",7260,Sønder Omme,55.839096,8.88691
Q8,"Tjørring, Tjelevej 30","Tjelevej 30, 7400 Tjørring",7400,Tjørring,56.153542,8.930169
Q8,"Holstebro, Herningvej 75","Herningvej 75, 7500 Holstebro",7500,Holstebro,56.348984,8.626622
Q8,"Holstebro, Struervej 145","Struervej 145, 7500 Holstebro",7500,Holstebro,56.375496,8.614776
Q8,Q8 Vestervig,"Tygstrupvej 3A, 7770 Vestervig",7770,Vestervig,56.77786,8.32173
Q8,"Skive, Sdr. Boulevard 4 A","Sdr. Boulevard 4 A, 7800 Skive",7800,Skive,56.564598,9.02958
Q8,"Århus N, Randersvej 162","Randersvej 162, 8200 Aarhus N",8200,Aarhus N,56.179787,10.199822
Q8,"Åbyhøj, Silkeborgvej 304-306","Silkeborgvej 304-306, 8230 Åbyhøj",8230,Åbyhøj,56.154648,10.154238
Q8,"Risskov, Grenåvej 327","Grenåvej 327, 8240 Risskov",8240,Risskov,56.202087,10.246426
Q8,"Egå, Egå Havvej 2","Egå Havvej 2, 8250 Egå",8250,Egå,56.21172,10.280771
Q8,"Viby J, Fredensvang Runddel 10","Fredensvang Runddel 10, 8260 Viby J",8260,Viby J,56.12685,10.184956
Q8,"Viby J, Ormslevvej 61","Ormslevvej 61, 8260 Viby J",8260,Viby J,56.130302,10.158695
Q8,"Odder, Banegårdsgade 21","Banegårdsgade 21, 8300 Odder",8300,Odder,55.969902,10.149625
Q8,"Hinnerup, Navervej 2","Navervej 2, 8382 Hinnerup",8382,Hinnerup,56.253796,10.070717
Q8,"Lystrup, Sønderskovvej 6","Sønderskovvej 6, 8520 Lystrup",8520,Lystrup,56.230644,10.237271
Q8,"Silkeborg, Nordre Ringvej 8","Nordre Ringvej 8, 8600 Silkeborg",8600,Silkeborg,56.186924,9.563175
Q8,"Skanderborg, Banegårdsvej 57","Banegårdsvej 57, 8660 Skanderborg",8660,Skanderborg,56.04134,9.92486
Q8,"Låsby, Silkeborgmotorvejen 242B (Nord)","Silkeborgmotorvejen 242B (Nord), 8670 Låsby",8670,Låsby,56.149441,9.767983
Q8,"Låsby, Silkeborgmotorvejen 243A (Syd)","Silkeborgmotorvejen 243A (Syd), 8670 Låsby",8670,Låsby,56.148029,9.75975
Q8,"Horsens, Vejlevej 145","Vejlevej 145, 8700 Horsens",8700,Horsens,55.837776,9.813958
Q8,"Lund, Vrøndingvej 1A","Vrøndingvej 1A, 8700 Lund",8700,Lund,55.886333,9.786467
Q8,"Viborg, Kirkebækvej 38-40","Kirkebækvej 38-40, 8800 Viborg",8800,Viborg,56.456291,9.39327
Q8,"Randers, Mariagervej 64","Mariagervej 64, 8920 Randers",8920,Randers,56.470695,10.031217
Q8,"Randers NØ, Hadsundvej 144","Hadsundvej 144, 8930 Randers NØ",8930,Randers NØ,56.479691,10.041485
Q8,"Ålborg, Hadsundvej 95","Hadsundvej 95, 9000 Aalborg",9000,Aalborg,57.035542,9.953769
Q8,"Skalborg, Hobrovej 404","Hobrovej 404, 9200 Skalborg",9200,Skalborg,57.008553,9.884999
Q8,"Ålborg SV, Scheelsmindevej 2","Scheelsmindevej 2, 9200 Aalborg SV",9200,Aalborg SV,57.022228,9.904365
Q8,"Hobro, Markedsgade 9","Markedsgade 9, 9500 Hobro",9500,Hobro,56.634903,9.799596
Q8,"Suldrup, Himmerland Motorvej Øst","Himmerland Motorvej Øst, 9541 Suldrup",9541,Suldrup,56.840847,9.741707
Q8,"Brønderslev, Jerslevvej 2","Jerslevvej 2, 9700 Brønderslev",9700,Brønderslev,57.266708,9.970262
Q8,"Hjørring, Bispensgade 82","Bispensgade 82, 9800 Hjørring",9800,Hjørring,57.450066,9.994982
Q8,"Frederikshavn, Søndergade 255","Søndergade 255, 9900 Frederikshavn",9900,Frederikshavn,57.417931,10.52319
Shell,EXPRESS KØBENHAVN Ø,"Sibeliusgade 8, 2100 København Ø",2100,København Ø,55.716169,12.57633
Shell,SHELL KØBENHAVN Ø,"LYNGBYVEJ 60 A, 2100 København Ø",2100,København Ø,55.711383,12.560876
Shell,EXPRESS KASTRUP,"ENGLANDSVEJ 209-211, 2300 København S",2300,København S,55.639295,12.600032
Shell,SHELL EXPRESS KØBENHAVN NV,"LYGTEN 51, 2400 København NV",2400,København NV,55.707009,12.538285
Shell,EXPRESS KØBENHAVN SV,"Vasbygade 13, 2450 København SV",2450,København SV,55.658406,12.557347
Shell,EXPRESS GL.KØGE VALBY,"GAMMEL KØGE LANDEVEJ 168, 2500 Valby",2500,Valby,55.646947,12.504608
Shell,EXPRESS VALBY,"SDR. FASANVEJ 90, 2500 Valby",2500,Valby,55.667926,12.517055
Shell,SHELL BRØNDBY,"Roskildevej 453, 2605 Brøndby",2605,Brøndby,55.669169,12.4369
Shell,EXPRESS RØDOVRE,"Slotsherrensvej 221, 2610 Rødovre",2610,Rødovre,55.700899,12.460803
Shell,EXPRESS ALBERTSLUND,"Albertslundvej 21, 2620 Albertslund",2620,Albertslund,55.659137,12.351424
Shell,SHELL CRT TAASTRUP,"ESTLAND ALLÉ 3, 2630 Taastrup",2630,Taastrup,55.63463,12.253451
Shell,EXPRESS ISHØJ,"TORSLUNDEVEJ 2, 2635 Ishøj",2635,Ishøj,55.629595,12.282819
Shell,SHELL HEDEHUSENE HOVEDGADEN,"Hovedgaden 482, 2640 Hedehusene",2640,Hedehusene,55.650201,12.20278
Shell,EXPRESS GL KØGE L HVID,"GL. KØGE LANDEVEJ 388, 2650 Hvidovre",2650,Hvidovre,55.626697,12.476851
Shell,EXPRESS HVIDOVREVEJ HV,"HVIDOVREVEJ 247-249, 2650 Hvidovre",2650,Hvidovre,55.641834,12.479541
Shell,EXPRESS GREVE,"Hundige Strandvej 27, 2670 Greve",2670,Greve,55.59857,12.348874
Shell,SHELL BRØNSHØJ FREDERIKSSUNDSVEJ,"Frederikssundsvej 174, 2700 Brønshøj",2700,Brønshøj,55.705214,12.495319
Shell,SHELL HERLEV MILEPARKEN,"MILEPARKEN 37, 2730 Herlev",2730,Herlev,55.71673,12.437011
Shell,SHELL HERLEV RING 4,"RING 4 NR. 50, 2730 Herlev",2730,Herlev,55.751146,12.403188
Shell,SHELL BALLERUP,"Hold-An Vej 2, 2750 Ballerup",2750,Ballerup,55.735738,12.362283
Shell,SHELL KASTRUP,"Saltværksvej 62, 2770 Kastrup",2770,Kastrup,55.638269,12.638902
Shell,SHELL LYNGBY,"NYBROVEJ 190-192, 2800 LYNGBY",2800,LYNGBY,55.765408,12.489111
Shell,SHELL HOLTE,"Kongevejen 394, 2840 Holte",2840,Holte,55.818518,12.468163
Shell,SHELL NÆRUM,"Skodsborgvej 313, 2850 Nærum",2850,Nærum,55.815953,12.536258
Shell,SHELL HELLERUP KILDEGÅRDSVEJ,"Kildegårdsvej 105, 2900 Hellerup",2900,Hellerup,55.7379,12.54059
Shell,SHELL HØRSHOLM BRÅDEBÆKSVEJ,"Brådebæksvej 2, 2970 Hørsholm",2970,Hørsholm,55.864516,12.496624
Shell,SHELL HØRSHOLM USSERØD KONGEVEJ,"Usserød Kongevej 79, 2970 Hørsholm",2970,Hørsholm,55.889526,12.496213
Shell,SHELL HELSINGØR,"Kongevejen 115, 3000 Helsingør",3000,Helsingør,56.025939,12.586626
Shell,EXPRESS HUMLEBÆK,"Nyvej 3, 3050 Humlebæk",3050,Humlebæk,55.961292,12.534244
Shell,SHELL TIKØB,"Hornbækvej 449, 3080 Tikøb",3080,Tikøb,56.021159,12.454321
Shell,EXPRESS HORNBÆK,"NDR. STRANDVEJ 359, 3100 Hornbæk",3100,Hornbæk,56.089462,12.453226
Shell,SHELL FREDERIKSVÆRK,"Hillerødvej 34, 3300 Frederiksværk",3300,Frederiksværk,55.968294,12.029106
Shell,SHELL BIRKERØD,"Birkerød Kongevej 43-47, 3460 Birkerød",3460,Birkerød,55.839829,12.441893
Shell,SHELL CRT KVISTGÅRD,"Oldenvej 10, 3490 Kvistgård",3490,Kvistgård,55.994568,12.496885
Shell,EXPRESS VÆRLØSE,"Kirke Værløsevej 10, 3500 Værløse",3500,Værløse,55.782272,12.367571
Shell,EXPRESS UVELSE,"Uvelse Byvej 1, 3550 Slangerup",3550,Slangerup,55.866554,12.237544
Shell,SHELL FREDERIKSSUND,"Askelundsvej 1, 3600 Frederikssund",3600,Frederikssund,55.843936,12.073923
Shell,SHELL RØNNE,"ZARTMANNSVEJ 100, 3700 Rønne",3700,Rønne,55.09743,14.712941
Shell,SHELL ÅKIRKEBY,"Vesterbro 34, 3720 Aakirkeby",3720,Aakirkeby,55.071549,14.914552
Shell,EXPRESS ROSKILDE,"Københavnsvej 13, 4000 Roskilde",4000,Roskilde,55.641131,12.096634
Shell,SHELL KIRKE HYLLINGE,"ELVERDAMSVEJ 232, 4070 Kirke Hyllinge",4070,Kirke Hyllinge,55.688844,11.855899
Shell,SHELL GLUMSØ,"Østergade 1, 4171 Glumsø",4171,Glumsø,55.353391,11.6919
Shell,EXPRESS SORØ,"Næstvedvej 4, 4180 Sorø",4180,Sorø,55.416918,11.568517
Shell,SHELL TUELSØ,"Vestmotorvejen 367A, 4180 Sorø",4180,Sorø,55.456057,11.594744
Shell,EXPRESS SKÆLSKØR,"Næstvedvej 48, 4230 Skælskør",4230,Skælskør,55.254962,11.306566
Shell,SHELL GØRLEV,"Gørlev Landevej 5, 4281 Gørlev",4281,Gørlev,55.534668,11.223942
Shell,SHELL EXPRESS HOLBÆK,"Kalundborgvej 198-200, 4300 Holbæk",4300,Holbæk,55.7122,11.66495
Shell,EXPRESS HVALSØ,"Gl Ringstedvej 1, 4330 Hvalsø",4330,Hvalsø,55.589261,11.862193
Shell,EXPRESS KALUNDBORG,"Sct Jørgensbjerg 42, 4400 Kalundborg",4400,Kalundborg,55.68062,11.100996
Shell,EXPRESS MØRKØV,"Holbækvej 239, 4440 Mørkøv",4440,Mørkøv,55.650807,11.503218
Shell,SHELL NYKØBING S,"Vesterbro 16, 4500 NYKØBING S",4500,NYKØBING S,55.922471,11.662588
Shell,SHELL VIG,"Holbækvej 24, 4560 Vig",4560,Vig,55.849364,11.574258
Shell,CRT KØGE,"Centervej 4, 4600 Køge",4600,Køge,55.49082,12.16397
Shell,EXPRESS KØGE,"Københavnsvej 125, 4600 Køge",4600,Køge,55.482338,12.185984
Shell,EXPRESS ST. HEDDINGE,"Højerupvej 2, 4660 ST. HEDDINGE",4660,ST. HEDDINGE,55.306225,12.39033
Shell,EXPRESS HERFØLGE,"Vordingborgvej 111, 4681 Herfølge",4681,Herfølge,55.422081,12.147124
Shell,SHELL RØNNEDE,"Vordingborgvej 513, 4683 Rønnede",4683,Rønnede,55.259941,12.022111
Shell,SHELL FENSMARK,"Næstvedvej 43, Fensmark, 4684 Holmegaard",4684,Holmegaard,55.274278,11.799499
Shell,SHELL HASLEV VORDINGBORGVEJ,"VORDINGBORGVEJ 424,DALBY BORUP, 4690 Haslev",4690,Haslev,55.309771,12.049658
Shell,EXPRESS NÆSTVED,"Køgevej 7, 4700 Næstved",4700,Næstved,55.2485,11.764202
Shell,SHELL NÆSTVED RINGSTEDGADE,"Ringstedgade 244, 4700 Næstved",4700,Næstved,55.256434,11.755693
Shell,EXPRESS VORDINGBORG,"Højgaardsvej 6, 4760 Vordingborg",4760,Vordingborg,54.99816,12.000536
Shell,SHELL VORDINGBORG ALGADE,"Algade 133, 4760 Vordingborg",4760,Vordingborg,55.007093,11.916137
Shell,SHELL VORDINGBORG ØRSLEV,"KØBENHAVNSVEJ 302, ØRSLEV, 4760 Vordingborg",4760,Vordingborg,55.034718,11.948675
Shell,SHELL STEGE,"Ny Ørnebjergvej 1, 4780 Stege",4780,Stege,54.977055,12.266868
Shell,SHELL ØSTER KIPPINGE,"STORSTRØMSVEJ 91, ØSTER KIPPINGE, 4840 Nørre Alslev",4840,Nørre Alslev,54.901929,11.804333
Shell,EXPRESS NAKSKOV,"Perlestikkergade 28, 4900 Nakskov",4900,Nakskov,54.831261,11.145784
Shell,EXPRESS FUGLEB ODENSE,"FUGLEBAKKEN 264, 5210 Odense NV",5210,Odense NV,55.415025,10.320543
Shell,EXPRESS TARUP,"RUGVANG 34, TARUP, 5210 Odense NV",5210,Odense NV,55.410267,10.339793
Shell,EXPRESS NYBORGVEJ ODE,"NYBORGVEJ 240-248, 5220 Odense SØ",5220,Odense SØ,55.393242,10.426399
Shell,EXPRESS ODENSE NV,"Hjallesevej 240B, 5230 Odense M",5230,Odense M,55.37222,10.395631
Shell,Express Butik Niels B,"Niels Bohrs Alle 148, 5230 Odense M",5230,Odense M,55.376529,10.428962
Shell,SHELL ODENSE SV,"DALUMVEJ 61-65, 5250 Odense SV",5250,Odense SV,55.369082,10.371583
Shell,EXPRESS SIVMOSE ODENSE,"Sivmosevænget 2, 5260 Odense S",5260,Odense S,55.352388,10.405834
Shell,EXPRESS MUNKEBO,"Fjordvej 189, 5330 Munkebo",5330,Munkebo,55.452308,10.541152
Shell,SHELL MORUD,"Rugårdsvej 765, 5462 Morud",5462,Morud,55.442954,10.182894
Shell,SHELL KILDEBJERG NORD,"Fynske Motorvej 532A, 5492 Vissenbjerg",5492,Vissenbjerg,55.394127,10.187418
Shell,SHELL KILDEBJERG SYD,"Fynske Motorvej 531B, 5492 Vissenbjerg",5492,Vissenbjerg,55.393761,10.187418
Shell,EXPRESS ASSENSVEJ MIDDELFART,"Assensvej 105, 5500 Middelfart",5500,Middelfart,55.492851,9.759656
Shell,EXPRESS MIDDELFART,"STENSGÅRDVEJ 15-17, 5500 Middelfart",5500,Middelfart,55.509735,9.777335
Shell,SHELL LANGESKOV,"Odensevej 35, 5550 Langeskov",5550,Langeskov,55.36378,10.584797
Shell,SHELL FÅBORG,"Assensvej 102, 5600 Faaborg",5600,Faaborg,55.109936,10.224453
Shell,SHELL ASSENS,"Fåborgvej 14, 5610 Assens",5610,Assens,55.261614,9.910207
Shell,SHELL GLAMSBJERG,"SØNDERGADE 36-38, 5620 Glamsbjerg",5620,Glamsbjerg,55.276241,10.106698
Shell,SHELL HÅRBY,"AKKERUPVEJ 1, 5683 Haarby",5683,Haarby,55.223133,10.129234
Shell,EXPRESS KNUDSHOVED,"Hjejlevej 110, 5800 Nyborg",5800,Nyborg,55.296968,10.839057
Shell,SHELL ØRBÆK,"Hovedgaden 4, 5853 Ørbæk",5853,Ørbæk,55.257822,10.672075
Shell,SHELL CRT KOLDING,"Kokholm 8, 6000 Kolding",6000,Kolding,55.532835,9.472495
Shell,Shell Express Kolding,"Vejlevej 317, 6000 Kolding",6000,Kolding,55.520946,9.460786
Shell,SHELL BJERT,"Gamle Bjert 2A, 6091 Bjert",6091,Bjert,55.452608,9.556486
Shell,SHELL HELLEVAD,"HOVEDGADEN 1, HELLEVAD, 6230 Rødekro",6230,Rødekro,55.07654,9.21935
Shell,SHELL RØDEKRO,"Vestergade 45, 6230 Rødekro",6230,Rødekro,55.073452,9.326248
Shell,SHELL GRÅSTEN,"Kongevej 86, 6300 Gråsten",6300,Gråsten,54.919022,9.593216
Shell,SHELL KRUSÅ,"SØNDERBORGVEJ 8 A, 6340 Kruså",6340,Kruså,54.849577,9.405332
Shell,SHELL SØNDERBORG,"Alsgade 86, 6400 Sønderborg",6400,Sønderborg,54.919173,9.809101
Shell,SHELL CRT VOJENS,"Tingvejen 40F, 6500 Vojens",6500,Vojens,55.237249,9.287255
Shell,SHELL GRAM,"GL. SKJOLDAGERVEJ 2, 6510 Gram",6510,Gram,55.283032,9.060382
Shell,SHELL TOFTLUND,"VESTERGADE 25, 6520 Toftlund",6520,Toftlund,55.19277,9.059458
Shell,EXPRESS JELS,"Haderslevvej 57-59, Jels, 6630 Rødding",6630,Rødding,55.357669,9.187793
Shell,EXPRESS RØDDING,"Rytterdam 15, 6630 Rødding",6630,Rødding,55.366214,9.072414
Shell,SHELL EXPRESS SDR. HYGUM,"Ribevej 24, 6630 Rødding",6630,Rødding,55.354626,8.985702
Shell,SHELL EXPRESS LUNDERSKOV,"Reinholdts Bakke 62, 6640 Lunderskov",6640,Lunderskov,55.485912,9.286859
Shell,EXPRESS HJERTING,"HJERTINGVEJ 68, HJERTING, 6700 Esbjerg",6700,Esbjerg,55.479325,8.42878
Shell,SHELL ESBJERG Ø.,"Korskrovej 8, 6705 Esbjerg Ø",6705,Esbjerg Ø,55.524759,8.59023
Shell,EXPRESS STORMG ESBJERG,"STORMGADE 133 A, 6715 Esbjerg N",6715,Esbjerg N,55.502404,8.453355
Shell,SHELL EXPRESS HVIDING,"Ribevej 69, 6760 Ribe",6760,Ribe,55.273581,8.728229
Shell,Shell Express Ribe,"Trojelsvej 32, 6760 Ribe",6760,Ribe,55.346802,8.778735
Shell,SHELL EXPRESS FAABORG,"Fåborgvej 49, 6818 Årre",6818,Årre,55.586326,8.741098
Shell,SHELL EXPRESS SKOVLUND,"Hovedgaden 30, 6823 Ansager",6823,Ansager,55.740785,8.709081
Shell,EXPRESS NØRRE NEBEL,"Vesterhavsvej 21, 6830 Nørre Nebel",6830,Nørre Nebel,55.780475,8.280845
Shell,SHELL OKSBØL,"Østergade 23, 6840 Oksbøl",6840,Oksbøl,55.624967,8.28489
Shell,SHELL OUTRUP,"Storegade 39, 6855 Outrup",6855,Outrup,55.721648,8.341917
Shell,EXPRESS BLÅVAND,"Blåvandvej 25, 6857 Blåvand",6857,Blåvand,55.555511,8.132352
Shell,SHELL EXPRESS HOVEN,"Bredgade 10, 6880 Tarm",6880,Tarm,55.850582,8.759696
Shell,SHELL VIDEBÆK,"HERNINGVEJ 41, BARDE, 6920 Videbæk",6920,Videbæk,56.100496,8.703591
Shell,SHELL KIBÆK,"Østergade 38, 6933 Kibæk",6933,Kibæk,56.031332,8.859272
Shell,SHELL RINGKØBING,"Enghavevej 25, 6950 Ringkøbing",6950,Ringkøbing,56.093991,8.243887
Shell,EXPRESS SPJALD,"Hovedgaden 5, 6971 Spjald",6971,Spjald,56.122228,8.503175
Shell,SHELL TIM,"HOLSTEBROVEJ 148, 6980 Tim",6980,Tim,56.196084,8.29869
Shell,EXPRESS FREDERICIA,"Norgesgade 50, 7000 Fredericia",7000,Fredericia,55.561603,9.752022
Shell,EXPRESS FREDERICIA EGESKOVVEJ,"Egeskovvej 140, 7000 Fredericia",7000,Fredericia,55.581161,9.754218
Shell,SHELL EXPRESS ERRITSØ,"Snarremosevej 15, 7000 Fredericia",7000,Fredericia,55.543299,9.688386
Shell,SHELL EXPRESS SKÆRUP,"Fredericiavej 439, 7080 Børkop",7080,Børkop,55.640676,9.605409
Shell,EXPRESS JENNUM,"Jennumvej 163, 7100 Vejle",7100,Vejle,55.72149,9.427571
Shell,SHELL CRT DTC VEJLE,"Dieselvej 30, 7100 Vejle",7100,Vejle,55.747799,9.588618
Shell,SHELL VEJLE HORSENSVEJ,"Horsensvej 78, 7100 Vejle",7100,Vejle,55.71917,9.562306
Shell,EXPRESS VEJLE ØST,"Wittrupvej 1, 7120 Vejle Øst",7120,Vejle Øst,55.727887,9.597437
Shell,SHELL JUELSMINDE,"Odelsgade 57, 7130 Juelsminde",7130,Juelsminde,55.715702,10.003823
Shell,SHELL EXPRESS BARRIT,"Barrit Langgade 169, 7150 Barrit",7150,Barrit,55.707292,9.903668
Shell,SHELL TØRRING,"Aagade 26, 7160 Tørring",7160,Tørring,55.854965,9.482269
Shell,EXPRESS BILLUND,"Vejlevej 18, 7190 Billund",7190,Billund,55.727733,9.120591
Shell,SHELL BILLUND,"Grindstedvej 10, 7190 Billund",7190,Billund,55.735402,9.102126
Shell,SHELL GRINDSTED,"Vestergade 69, 7200 Grindsted",7200,Grindsted,55.759984,8.915988
Shell,SHELL EXPRESS JELLING,"Vejlevej 42A, 7300 Jelling",7300,Jelling,55.757067,9.430492
Shell,SHELL EXPRESS GIVE,"Torvegade 79, 7323 Give",7323,Give,55.839274,9.249672
Shell,SHELL EXPRESS KOLLEMORTEN,"Banevænget 7, Kollemorten, 7323 Give",7323,Give,55.867475,9.364927
Shell,SHELL EXPRESS UHE,"Bredsten Landevej 118, Uhe, 7323 Give",7323,Give,55.788741,9.185796
Shell,SHELL HERNING HAMMERUM,"Hammerum Hovedgade 132, 7400 Herning",7400,Herning,56.133067,9.074351
Shell,EXPRESS IKAST,"ØSTERGADE 50-52, 7430 Ikast",7430,Ikast,56.139797,9.162517
Shell,SHELL EXPRESS SUNDS,"Sunds Hovedgade 24, 7451 Sunds",7451,Sunds,56.201863,9.017779
Shell,EXPRESS VILDBJERG,"Østergade 30, 7480 Vildbjerg",7480,Vildbjerg,56.195337,8.771714
Shell,SHELL HOLSTEBRO SKAVE,"VIBORGVEJ 240, SKAVE, 7500 Holstebro",7500,Holstebro,56.390366,8.804971
Shell,SHELL HOLSTEBRO VIBORGVEJ,"Viborgvej 42, 7500 Holstebro",7500,Holstebro,56.359465,8.635887
Shell,SHELL EXPRESS STRUER,"Bredgade 6, 7600 Struer",7600,Struer,56.490477,8.595937
Shell,EXPRESS LEMVIG,"Lemvigvej 96, 7620 Lemvig",7620,Lemvig,56.5538,8.237858
Shell,SHELL BÆKMARKSBRO,"Brogade 68, 7660 Bækmarksbro",7660,Bækmarksbro,56.416702,8.307664
Shell,SHELL THISTED,"Thisted Kystvej 7, 7700 Thisted",7700,Thisted,56.952736,8.692616
Shell,SHELL SPØTTRUP,"LANDEVEJEN 54, KJÆRGÅRDSHOLM, 7860 Spøttrup",7860,Spøttrup,56.569302,8.869293
Shell,EXPRESS VIBY J,"Skanderborgvej 100, 8260 Viby J",8260,Viby J,56.138991,10.179809
Shell,SHELL VIBY J,"Skanderborgvej 123, 8260 Viby J",8260,Viby J,56.137112,10.177575
Shell,SHELL ODDER,"Rådhusgade 13, 8300 Odder",8300,Odder,55.974775,10.149881
Shell,EXPRESS HØRNING,"Skanderborgvej 19, 8362 Hørning",8362,Hørning,56.080647,10.030425
Shell,SHELL HADSTEN,"Skanderborgvej 2, 8370 Hadsten",8370,Hadsten,56.318603,10.042453
Shell,EXPRESS HINNERUP,"ÅRHUSVEJ 56, SØFTEN, 8382 Hinnerup",8382,Hinnerup,56.23798,10.088943
Shell,EXPRESS EBELTOFT,"NORDRE STRANDVEJ 12-14, 8400 Ebeltoft",8400,Ebeltoft,56.202239,10.678973
Shell,SHELL EBELTOFT,"Søndre Strandvej 20, 8400 Ebeltoft",8400,Ebeltoft,56.191899,10.671948
Shell,EXPRESS HAMMEL,"ANBÆKVEJ 17 A, 8450 Hammel",8450,Hammel,56.253846,9.861718
Shell,SHELL HAMMEL,"Anbækvej 36, 8450 Hammel",8450,Hammel,56.251785,9.860004
Shell,SHELL GRENAA,"Havnevej 243, 8500 Grenaa",8500,Grenaa,56.409987,10.915556
Shell,EXPRESS HORNSLET,"ROSENHOLMSVEJ 29, 8543 Hornslet",8543,Hornslet,56.319298,10.322607
Shell,SHELL RYOMGÅRD,"Nimtoftevej 2, 8550 Ryomgård",8550,Ryomgård,56.381028,10.503937
Shell,EXPRESS BAVNEHØJVEJ SI,"BAVNEHØJVEJ 24, 8600 Silkeborg",8600,Silkeborg,56.184831,9.582718
Shell,EXPRESS SILKEBORG,"Viborgvej 68, 8600 Silkeborg",8600,Silkeborg,56.200776,9.517918
Shell,"EXPRESS SILKEBORG, BREDHØJVEJ","Bredhøjvej 25, 8600 Silkeborg",8600,Silkeborg,56.186745,9.550253
Shell,EXPRESS VIRKLUND,"MØRKSØVEJ 21B, 8600 Silkeborg",8600,Silkeborg,56.138703,9.560507
Shell,EXPRESS VOEL,"Thorupgaardsvej 9, Voel, 8600 Silkeborg",8600,Silkeborg,56.190252,9.694195
Shell,SHELL KJELLERUP,"Thorningvej 8, 8620 Kjellerup",8620,Kjellerup,56.287867,9.420937
Shell,EXPRESS ANS,"SØGADE 2, 8643 Ans By",8643,Ans By,56.308274,9.592351
Shell,EXPRESS THEM,"Rodelundvej 14, 8653 Them",8653,Them,56.10747,9.573938
Shell,SHELL HORSENS SUNDVEJ,"Sundvej 2A, 8700 Horsens",8700,Horsens,55.862498,9.861217
Shell,SHELL EXPRESS LUND,"Silkeborgvej 136, 8700 Lund",8700,Lund,55.889636,9.778884
Shell,SHELL ØSTER SNEDE,"BREDALVEJ 1, ØSTER SNEDE, 8723 Løsning",8723,Løsning,55.794749,9.646737
Shell,SHELL EXPRESS NIM,"Præstevænget 11, 8740 Brædstrup",8740,Brædstrup,55.924224,9.680196
Shell,SHELL ØSTBIRK,"Vestbirkvej 14, 8752 Østbirk",8752,Østbirk,55.967112,9.74725
Shell,SHELL EXPRESS HORNSYLD,"Nørregade 28, 8783 Hornsyld",8783,Hornsyld,55.759074,9.864731
Shell,Shell Express Viborg,"Gl. Århusvej 239, 8800 Viborg",8800,Viborg,56.418381,9.408606
Shell,SHELL VIBORG RAVNSTRUP,"HOLSTEBROVEJ 141, RAVNSTRUP, 8800 Viborg",8800,Viborg,56.448019,9.290287
Shell,EXPRESS ØRUM,"Tjelevej 2, 8830 Tjele",8830,Tjele,56.481448,9.620656
Shell,SHELL EXPRESS BJERRINGBRO,"Brogade 16, 8850 Bjerringbro",8850,Bjerringbro,56.372403,9.657729
Shell,Shell Express Langå,"Randersvej 20, 8870 Langå",8870,Langå,56.393679,9.897897
Shell,SHELL LAURBJERG,"VESTERALLE 3, LAURBJERG, 8870 Langå",8870,Langå,56.359166,9.911731
Shell,EXPRESS RANDERS,"ÅRHUSVEJ 79, 8900 RANDERS",8900,RANDERS,56.442378,10.049382
Shell,EXPRESS MARIAGERVEJ,"Mariagervej 123, 8920 Randers NV",8920,Randers NV,56.476015,10.027819
Shell,SHELL EXPRESS RÅSTED,"HOVEDVEJEN 7, TERP, 8920 Randers NV",8920,Randers NV,56.517516,9.939392
Shell,SHELL RANDERS HOBROVEJ,"HOBROVEJ 181, HELSTED, 8920 Randers NV",8920,Randers NV,56.482976,9.994144
Shell,SHELL VORUP,"Bøsbrovej 92 B, 8940 Randers SV",8940,Randers SV,56.439617,10.034014
Shell,SHELL EXPRESS ALLINGÅBRO,"Hovedgaden 10, 8961 Allingåbro",8961,Allingåbro,56.463766,10.324072
Shell,SHELL EXPRESS ASFERG,"Vestergade 16, Asferg, 8990 Fårup",8990,Fårup,56.546546,9.9296
Shell,SHELL AALBORG ENGTOFTEVEJ,"Engtoftevej 41, 9000 Aalborg",9000,Aalborg,57.053916,9.892427
Shell,SHELL AALBORG KAROLINELUNDSVEJ,"KAROLINELUNDSVEJ 45-47, 9000 Aalborg",9000,Aalborg,57.042866,9.934473
Shell,Shell CRT Aalborg Øst,"Kertemindevej 2A, 9220 Aalborg Øst",9220,Aalborg Øst,57.04913,10.03807
Shell,SHELL RECHARGE AALBORG ØST,"Universitetsboulevarden 10, 9220 Aalborg Øst",9220,Aalborg Øst,57.019923,9.958868
Shell,Shell CRT Svenstrup,"Brøndborerens Alle 11, 9230 Svenstrup J",9230,Svenstrup J,56.956776,9.863931
Shell,EXPRESS NIBE,"Aalborgvej 91, 9240 Nibe",9240,Nibe,56.996289,9.668821
Shell,SHELL NIBE,"Søndergade 3, 9240 Nibe",9240,Nibe,56.981653,9.634964
Shell,SHELL GUNDERUP,"HADSUND LANDEVEJ 520, GUNDERUP, 9260 Gistrup",9260,Gistrup,56.94199,10.012489
Shell,EXPRESS KLARUP,"Jørgensmindevej 22, 9270 Klarup",9270,Klarup,57.019472,10.047232
Shell,EXPRESS HJALLERUP,"Søndergade 3, 9320 Hjallerup",9320,Hjallerup,57.168649,10.145976
Shell,SHELL HJALLERUP,"FREDERIKSHAVNSMOTORVEJEN 163, 9320 Hjallerup",9320,Hjallerup,57.151964,10.159304
Shell,EXPRESS BRØNDERSLEV,"Hirtshalsmotorvejen 79, 9382 Tylstrup",9382,Tylstrup,57.220916,9.941114
Shell,SHELL PANDRUP,"Bredgade 36, 9490 Pandrup",9490,Pandrup,57.221228,9.676025
Shell,Shell Express Saltum,"Tinghøjgade 44, 9493 Saltum",9493,Saltum,57.275916,9.69906
Shell,SHELL STØVRING,"Hobrovej 14, 9530 Støvring",9530,Støvring,56.897446,9.8383
Shell,SHELL TERNDRUP,"Hadsundvej 35, 9575 Terndrup",9575,Terndrup,56.81022,10.057152
Shell,Shell Express Hvam,"Hannerupvej 17, 9620 Aalestrup",9620,Aalestrup,56.665301,9.522542
Shell,SHELL LØGSTØR,"Bredgade 104, 9670 Løgstør",9670,Løgstør,56.968837,9.274778
Shell,SHELL CRT HIRTSHALS,"Dalsagervej 3, 9850 Hirtshals",9850,Hirtshals,57.576454,9.985207
Shell,EXPRESS TVERSTED,"Skagensvej 69, 9881 Bindslev",9881,Bindslev,57.581625,10.184768
Shell,SHELL FREDERIKSHAVN SØNDERGADE,"Søndergade 250, 9900 Frederikshavn",9900,Frederikshavn,57.418612,10.522141
Shell,SHELL EXPRESS LÆSØ,"Byrumvej 71, 9940 Byrum",9940,Byrum,57.261335,10.981575
Shell,EXPRESS SKAGEN,"Højensvej 60, 9990 Skagen",9990,Skagen,57.726684,10.549321
Uafhængig,DK Benzin,"Stubmøllevej 3, 2450 København SV",2450,København SV,55.648265,12.525994
Uafhængig,Tanken,"Hovedgaden 54, 3220 Tisvildeleje",3220,Tisvildeleje,56.059817,12.074688
Uafhængig,Uafhængig Bedsted Thy,"Hedegårdsvej 24B, 7755 Bedsted Thy",7755,Bedsted Thy,56.845273,8.363745
Uno-X,København Ø Jagtvej,"Jagtvej 213-215, 2100 København Ø",2100,København Ø,55.708754,12.574228
Uno-X,København S. Englandsvej,"Englandsvej 22, 2300 København S",2300,København S,55.65721,12.60492
Uno-X,København SV Ellebjergvej,"Ellebjergvej 80, 2450 København SV",2450,København SV,55.650601,12.516389
Uno-X,Valby,"Gl. Køge Landevej 16, 2500 Valby",2500,Valby,55.66074,12.5156
Uno-X,Glostrup Hovedvejen,"Hovedvejen 141, 2600 Glostrup",2600,Glostrup,55.665015,12.387611
Uno-X,Fabriksparken Glostrup,"Fabriksparken 18, 2600 Glostrup",2600,Glostrup,55.68503,12.38921
Uno-X,Rødovre Roskildevej,"Roskildevej 316, 2610 Rødovre",2610,Rødovre,55.671601,12.458947
Uno-X,Rødovre Islevdalvej,"Islevdalvej 170, 2610 Rødovre",2610,Rødovre,55.699819,12.43264
Uno-X,Rødovre Roskildevej,"Roskildevej 360, 2610 Rødovre",2610,Rødovre,55.67113,12.45147
Uno-X,Albertslund,"Roskildevej 117, 2620 Albertslund",2620,Albertslund,55.662182,12.352441
Uno-X,Albertslund Egelundsvej,"Egelundsvej 5, 2620 Albertslund",2620,Albertslund,55.66113,12.33299
Uno-X,Tåstrup,"Mårkærvej 15 A, 2630 Taastrup",2630,Taastrup,55.660219,12.284185
Uno-X,Ishøj,"Ishøj Strandvej 78, 2635 Ishøj",2635,Ishøj,55.60882,12.35833
Uno-X,Hvidovre,"Biblioteksvej 56, 2650 Hvidovre",2650,Hvidovre,55.64151,12.46975
Uno-X,Solrød Strand,"Janesvej 9, 2680 Solrød Strand",2680,Solrød Strand,55.53293,12.20692
Uno-X,Brønshøj,"Frederikssundsvej 356, 2700 Brønshøj",2700,Brønshøj,55.71369,12.46734
Uno-X,Vanløse,"Sallingvej 6, 2720 Vanløse",2720,Vanløse,55.69447,12.5088
Uno-X,Herlev,"Hjortespringvej 24, 2730 Herlev",2730,Herlev,55.728466,12.439102
Uno-X,Ballerup,"Tempovej 1, 2750 Ballerup",2750,Ballerup,55.72256,12.384596
Uno-X,Kastrup,"Englandsvej 269, 2770 Kastrup",2770,Kastrup,55.634404,12.601528
Uno-X,Kastrup,"Kongelundsvej 413, 2770 Kastrup",2770,Kastrup,55.60596,12.58416
Uno-X,Dragør,"Kirkevej 177-179, 2791 Dragør",2791,Dragør,55.59464,12.66858
Uno-X,Lyngby,"Eremitageparken 315, 2800 Lyngby",2800,Lyngby,55.79539,12.5363
Uno-X,Virum,"Kongevejen 242, 2830 Virum",2830,Virum,55.7971,12.48247
Uno-X,Søborg Gladsaxe Møllevej,"Gladsaxe Møllevej 33, 2860 Søborg",2860,Søborg,55.736444,12.474976
Uno-X,Buddinge,"Buddinge Hovedgade 125, 2860 Søborg",2860,Søborg,55.74531,12.484546
Uno-X,Søborg Gladsaxevej,"Gladsaxevej 88-94, 2860 Søborg",2860,Søborg,55.72964,12.51324
Uno-X,Skovshoved,"Kystvejen 24, 2920 Charlottenlund",2920,Charlottenlund,55.763223,12.599344
Uno-X,Charlottenlund,"Bernstoffsvej 186, 2920 Charlottenlund",2920,Charlottenlund,55.7486,12.55773
Uno-X,Kokkedal,"Egevangen 4, 2980 Kokkedal",2980,Kokkedal,55.90513,12.47564
Uno-X,Helsingør Kongevejen,"Kongevejen 99, 3000 Helsingør",3000,Helsingør,56.026809,12.59015
Uno-X,Helsingør Esrumvej,"Esrumvej 128, 3000 Helsingør",3000,Helsingør,56.04143,12.58059
Uno-X,Helsinge,"Frederiksværkvej 1, 3200 Helsinge",3200,Helsinge,56.019308,12.177958
Uno-X,Kregme,"Hillerødvej 118 B, 3300 Frederiksværk",3300,Frederiksværk,55.944346,12.050908
Uno-X,Frederiksværk,"Hanehovedvej 49, 3300 Frederiksværk",3300,Frederiksværk,55.977622,12.007188
Uno-X,Frederiksværk,"Nørregade 61, 3300 Frederiksværk",3300,Frederiksværk,55.9811,12.01974
Uno-X,Store Lyngby,"Lille Lyngbyvej 1, 3320 Skævinge",3320,Skævinge,55.93772,12.1278
Uno-X,Hillerød,"Fredensborgvej 41 B, 3400 Hillerød",3400,Hillerød,55.946529,12.312385
Uno-X,Hillerød Frederiksværksgade,"Frederiksværksgade 87, 3400 Hillerød",3400,Hillerød,55.938796,12.280311
Uno-X,Hillerød Københavnsvej,"Københavnsvej 53, 3400 Hillerød",3400,Hillerød,55.9296,12.31957
Uno-X,Hillerød Milnersvej,"Milnersvej 47, 3400 Hillerød",3400,Hillerød,55.92033,12.2906
Uno-X,Allerød,"Solvang 2, 3450 Allerød",3450,Allerød,55.88775,12.354534
Uno-X,Birkerød,"Birkerød Kongevej 158, 3460 Birkerød",3460,Birkerød,55.84972,12.42465
Uno-X,Fredensborg,"Helsingørvej 19, 3480 Fredensborg",3480,Fredensborg,55.98089,12.40705
Uno-X,Kvistgård,"Hornbækvej 115, 3490 Kvistgård",3490,Kvistgård,55.9863,12.50217
Uno-X,Frederikssund,"Ny Østergade 12, 3600 Frederikssund",3600,Frederikssund,55.84033,12.06534
Uno-X,Stenløse,"Frederikssundsvej 175, 3660 Stenløse",3660,Stenløse,55.76917,12.20089
Uno-X,Veksø,"Kirkebakken 15, 3670 Veksø Sjælland",3670,Veksø Sjælland,55.757926,12.232659
Uno-X,Rønne Store Torvegade,"Store Torvegade 96, 3700 Rønne",3700,Rønne,55.109951,14.703714
Uno-X,Rønne Øster Ringvej,"Øster Ringvej 2, 3700 Rønne",3700,Rønne,55.093123,14.729211
Uno-X,Aakirkeby,"Birgersvej 1, 3720 Aakirkeby",3720,Aakirkeby,55.074332,14.917771
Uno-X,Nexø Søbækken,"Søbækken 2, 3730 Nexø",3730,Nexø,55.056884,15.128818
Uno-X,Klemensker,"Sct Klemensgade 3, 3782 Klemensker",3782,Klemensker,55.175333,14.806695
Uno-X,Himmelev,"Himmelev Sognevej 95, 4000 Roskilde",4000,Roskilde,55.658016,12.106419
Uno-X,Roskilde,"Københavnsvej 107, 4000 Roskilde",4000,Roskilde,55.642542,12.113285
Uno-X,Svogerslev,"Svogerslev Hovedgade 78, 4000 Roskilde",4000,Roskilde,55.633247,12.017123
Uno-X,Roskilde Ringstedgade,"Ringstedgade 72, 4000 Roskilde",4000,Roskilde,55.6347,12.07417
Uno-X,Tune,"Bøgevej 1, 4030 Tune",4030,Tune,55.596135,12.17666
Uno-X,Skibby,"Hovedgaden 77, 4050 Skibby",4050,Skibby,55.745104,11.95445
Uno-X,Ringsted,"Søndervang 1, 4100 Ringsted",4100,Ringsted,55.435168,11.790712
Uno-X,Benløse,"Holbækvej 60 D, 4100 Ringsted",4100,Ringsted,55.460341,11.782172
Uno-X,Sorø Nord,"Kalundborgvej 2, 4180 Sorø",4180,Sorø,55.46388,11.56571
Uno-X,Sorø Alleen 5,"Alleen 5, 4180 Sorø",4180,Sorø,55.43601,11.55801
Uno-X,Slagelse Korsørvej,"Korsørvej 3, 4200 Slagelse",4200,Slagelse,55.396796,11.339715
Uno-X,Slagelse Kalundborgvej,"Kalundborgvej 55, 4200 Slagelse",4200,Slagelse,55.411501,11.336989
Uno-X,Slagelse Sorøvej,"Sorøvej 1, 4200 Slagelse",4200,Slagelse,55.408133,11.36938
Uno-X,Slagelse Bjergbygade,"Bjergbygade 47, 4200 Slagelse",4200,Slagelse,55.39658,11.34985
Uno-X,Korsør,"Skovvej 30, 4220 Korsør",4220,Korsør,55.325014,11.148918
Uno-X,Korsør,"Ørnumvej 1, 4220 Korsør",4220,Korsør,55.34798,11.14217
Uno-X,Fuglebjerg Sandvedvej,"Sandvedvej 3, 4250 Fuglebjerg",4250,Fuglebjerg,55.3058,11.54728
Uno-X,Fuglebjerg Trekanten,"Trekanten 2, 4250 Fuglebjerg",4250,Fuglebjerg,55.3081,11.52695
Uno-X,Dalmose,"Hovedgaden 39, 4261 Dalmose",4261,Dalmose,55.290883,11.421914
Uno-X,Løve,"Høng Landevej 10, 4270 Høng",4270,Høng,55.48755,11.296402
Uno-X,Stenlille,"Hovedgaden 79, 4295 Stenlille",4295,Stenlille,55.541681,11.593918
Uno-X,Holbæk KP Danøsvej,"K.P.Danøsvej 2, 4300 Holbæk",4300,Holbæk,55.702709,11.715642
Uno-X,Holbæk Roskildevej,"Roskildevej 21, 4300 Holbæk",4300,Holbæk,55.708841,11.719912
Uno-X,Holbæk Munkholmvej,"Munkholmvej 107, 4300 Holbæk",4300,Holbæk,55.714487,11.740179
Uno-X,Kvanløse,"Ringstedvej 174, 4300 Holbæk",4300,Holbæk,55.65658,11.67312
Uno-X,Holbæk,"Gl Ringstedvej 35, 4300 Holbæk",4300,Holbæk,55.70672,11.71089
Uno-X,Osted,"Hovedvejen 184, 4320 Lejre",4320,Lejre,55.553591,11.951457
Uno-X,Kalundborg,"Elmegade 20, 4400 Kalundborg",4400,Kalundborg,55.678528,11.097372
Uno-X,Nykøbing Sjælland,"Vesterbro 35, 4500 Nykøbing Sjælland",4500,Nykøbing Sjælland,55.92181,11.66005
Uno-X,Fårevejle,"Adelers Alle 142, 4540 Fårevejle",4540,Fårevejle,55.78623,11.46673
Uno-X,Nørre Asmindrup,"Gl Nykøbingvej 116, 4572 Nørre Asmindrup",4572,Nørre Asmindrup,55.885325,11.608792
Uno-X,Strøby Egede Stevnsvej,"Stevnsvej 72, 4600 Køge",4600,Køge,55.416662,12.242777
Uno-X,Køge Københavnsvej 124,"Københavnsvej 124, 4600 Køge",4600,Køge,55.484757,12.188151
Uno-X,Køge Københavnsvej 80,"Københavnsvej 80, 4600 Køge",4600,Køge,55.471107,12.181628
Uno-X,Vallø,"Kirkehøjen 2, 4600 Køge",4600,Køge,55.401505,12.23525
Uno-X,Strøby Bygaden,"Strøby Bygade 81, 4671 Strøby",4671,Strøby,55.379382,12.285692
Uno-X,Holme-Olstrup,"Landevejen 7, 4684 Holmegaard",4684,Holmegaard,55.259815,11.849055
Uno-X,Haslev Gl. By,"Gamle By 1, 4690 Haslev",4690,Haslev,55.32332,11.96489
Uno-X,Haslev Lysholm Allé,"Lysholm Alle 88, 4690 Haslev",4690,Haslev,55.329019,11.940138
Uno-X,Næstved Ny Præstøvej,"Ny Præstøvej 100, 4700 Næstved",4700,Næstved,55.222691,11.784617
Uno-X,Næstved,"Vestergårdsvej 94, 4700 Næstved",4700,Næstved,55.25621,11.80561
Uno-X,Blangslev,"Blangslevvej 14, 4700 Næstved",4700,Næstved,55.166838,11.881727
Uno-X,Næstved Karrebækvej,"Karrebækvej 5-7, 4700 Næstved",4700,Næstved,55.22938,11.7517
Uno-X,Næstved Odensevej,"Odensevej 102, 4700 Næstved",4700,Næstved,55.21363,11.7602
Uno-X,Næstved Ringstedgade,"Ringstedgade 167, 4700 Næstved",4700,Næstved,55.24692,11.76116
Uno-X,Præstø Ny Esbjergvej,"Ny Esbjergvej 16, 4720 Præstø",4720,Præstø,55.11675,12.03395
Uno-X,Tappernøje,"Hovedvejen 59, 4733 Tappernøje",4733,Tappernøje,55.163995,11.980438
Uno-X,Nyråd,"Nyraad Hovedgade 33, 4760 Vordingborg",4760,Vordingborg,55.006419,11.961236
Uno-X,Stensved,"Vordingborgvej 53, 4773 Stensved",4773,Stensved,54.995549,12.026435
Uno-X,Nykøbing F Markedsgade,"Markedsgade 23, 4800 Nykøbing Falster",4800,Nykøbing Falster,54.761609,11.869692
Uno-X,Nykøbing F.  v/Rema,"Nordensvej 2, 4800 Nykøbing F",4800,Nykøbing F,54.80783,11.87251
Uno-X,Nykøbing F. Nordensvej 1,"Nordensvej 1, 4800 Nykøbing F",4800,Nykøbing F,54.80817,11.87181
Uno-X,Nysted,"Wichmandsvej 2-4, 4880 Nysted",4880,Nysted,54.670679,11.730684
Uno-X,Nakskov Løjtoftevej,"Løjtoftevej 24, 4900 Nakskov",4900,Nakskov,54.833449,11.150184
Uno-X,Maribo,"Vesterbrogade 44, 4930 Maribo",4930,Maribo,54.775755,11.487141
Uno-X,Odense C  Næsbyvej,"Næsbyvej 51, 5000 Odense C",5000,Odense C,55.41113,10.36908
Uno-X,Odense V Middelfartvej,"Middelfartvej 131, 5200 Odense V",5200,Odense V,55.39386,10.34597
Uno-X,Korup,"Tyrsbjergvej 114, 5210 Odense NV",5210,Odense NV,55.41377,10.26905
Uno-X,Odense NV Rugårdsvej,"Rugårdsvej 280, 5210 Odense NV",5210,Odense NV,55.40967,10.33323
Uno-X,Odense SØ Ørbækvej,"Ørbækvej 60, 5220 Odense SØ",5220,Odense SØ,55.386455,10.428364
Uno-X,Odense Sø Ørbækvej,"Ørbækvej 87, 5220 Odense SØ",5220,Odense SØ,55.38238,10.4308
Uno-X,Odense M Munkerisvej,"Munkerisvej 50, 5230 Odense M",5230,Odense M,55.3822,10.40698
Uno-X,Odense NØ Åsumvej,"Åsumvej 39, 5240 Odense NØ",5240,Odense NØ,55.401463,10.423638
Uno-X,"Odense S, Odensevej","Odensevej 98-100, 5260 Odense S",5260,Odense S,55.36949,10.39327
Uno-X,Odense N Bogensevej 23,"Bogensevej 23, 5270 Odense N",5270,Odense N,55.417092,10.364141
Uno-X,Bullerup,"Kertemindevej 305, 5320 Agedrup",5320,Agedrup,55.43013,10.47246
Uno-X,Bogense,"Vestergade 11-13, 5400 Bogense",5400,Bogense,55.564399,10.088512
Uno-X,Søndersø Vesterled,"Vesterled 45, 5471 Søndersø",5471,Søndersø,55.484812,10.245073
Uno-X,Blommenslyst,"Middelfartvej 509-511, 5491 Blommenslyst",5491,Blommenslyst,55.39043,10.26125
Uno-X,Assenbølle,"Middelfartvej 139, 5492 Vissenbjerg",5492,Vissenbjerg,55.405051,10.083078
Uno-X,Middelfart Hovedvejen,"Hovedvejen 11, 5500 Middelfart",5500,Middelfart,55.496761,9.770408
Uno-X,Aarup,"Holmelund 32, 5560 Aarup",5560,Aarup,55.380165,10.056964
Uno-X,"Svendborg, Odensevej","Odensevej 94, 5700 Svendborg",5700,Svendborg,55.073079,10.58184
Uno-X,"Svendborg, Nyborgvej","Nyborgvej 4, 5700 Svendborg",5700,Svendborg,55.06303,10.61968
Uno-X,Svendborg Nyborgvej,"Nyborgvej 114, 5700 Svendborg",5700,Svendborg,55.06887,10.63039
Uno-X,"Nyborg, Vestergade","Vestergade 35 D, 5800 Nyborg",5800,Nyborg,55.31897,10.78016
Uno-X,"Nyborg, Storebæltsvej","Storebæltsvej 7 D, 5800 Nyborg",5800,Nyborg,55.3085,10.80942
Uno-X,Nyborg Kastanievej,"Kastanievej 2, 5800 Nyborg",5800,Nyborg,55.30379,10.78187
Uno-X,Kolding Sdr. Havnegade,"Sdr. Havnegade 3, 6000 Kolding",6000,Kolding,55.488866,9.481201
Uno-X,Vonsild,"Vonsildvej 30, 6000 Kolding",6000,Kolding,55.456165,9.476309
Uno-X,Kolding Esbjergvej,"Esbjergvej 4, 6000 Kolding",6000,Kolding,55.50367,9.45624
Uno-X,"Kolding, Albuen","Vejlevej 263, 6000 Kolding",6000,Kolding,55.5138,9.45625
Uno-X,"Kolding, Hylkedalsvej","Hylkedalsvej 2, 6000 Kolding",6000,Kolding,55.48343,9.44684
Uno-X,"Kolding,Ndr. Ringvej","Ndr. Ringvej 118, 6000 Kolding",6000,Kolding,55.49674,9.49045
Uno-X,Haderslev S - Åbenråvej,"Aabenraa Landevej 118, 6100 Haderslev",6100,Haderslev,55.227295,9.485428
Uno-X,Haderslev Simmerstedvej,"Simmerstedvej 52, 6100 Haderslev",6100,Haderslev,55.251876,9.468702
Uno-X,Haderslev,"Aarøsund Landevej 84, 6100 Haderslev",6100,Haderslev,55.24403,9.5031
Uno-X,Aabenraa Flensborgvej,"Flensborgvej 54, 6200 Aabenraa",6200,Aabenraa,55.030088,9.420766
Uno-X,Kliplev,"Kliplev Industripark 2, 6200 Aabenraa",6200,Aabenraa,54.939254,9.380375
Uno-X,Aabenraa,"Vestvejen 95, 6200 Aabenraa",6200,Aabenraa,55.04469,9.40418
Uno-X,Rødekro,"Kometvej 1, 6230 Rødekro",6230,Rødekro,55.06779,9.3611
Uno-X,Tønder,"Ribelandevej 71, 6270 Tønder",6270,Tønder,54.951369,8.870988
Uno-X,Padborg,"Lyren 2, 6330 Padborg",6330,Padborg,54.856763,9.368119
Uno-X,Kruså Aabenraavej,"Aabenraavej 5 A, 6340 Kruså",6340,Kruså,54.853248,9.402173
Uno-X,Kruså Harkærvej,"Harkærvej 1, 6340 Kruså",6340,Kruså,54.84988,9.40773
Uno-X,Sønderborg Nørrekobbel,"Nørrekobbel 23, 6400 Sønderborg",6400,Sønderborg,54.92412,9.80672
Uno-X,Vojens,"Østergade 32, 6500 Vojens",6500,Vojens,55.247956,9.309829
Uno-X,Vamdrup,"Fabriksvej 1, 6580 Vamdrup",6580,Vamdrup,55.43245,9.29868
Uno-X,Vejen Vestermarksvej,"Vestermarksvej 2, 6600 Vejen",6600,Vejen,55.493846,9.128405
Uno-X,Skodborg,"Træskodal 2, 6630 Rødding",6630,Rødding,55.424058,9.15115
Uno-X,Brørup,"Søndergade 27, 6650 Brørup",6650,Brørup,55.481009,9.018171
Uno-X,Esbjerg,"Stormgade 206, 6700 Esbjerg",6700,Esbjerg,55.4873,8.44906
Uno-X,Esbjerg Storegade,"Storegade 194, 6705 Esbjerg Ø",6705,Esbjerg Ø,55.478091,8.488466
Uno-X,Rømø,"Vesterhavsvej 15, 6792 Rømø",6792,Rømø,55.151976,8.550464
Uno-X,Vejers,"Vejers Havvej 7, 6853 Vejers Strand",6853,Vejers Strand,55.619061,8.141813
Uno-X,Tarm,"Centervej 1, 6880 Tarm",6880,Tarm,55.914991,8.519275
Uno-X,Skjern,"Vardevej 98, 6900 Skjern",6900,Skjern,55.936071,8.50617
Uno-X,Videbæk,"Nygade 21, 6920 Videbæk",6920,Videbæk,56.095682,8.632008
Uno-X,Søndervig,"Søndervig Klitvej 4, 6950 Ringkøbing",6950,Ringkøbing,56.118324,8.117459
Uno-X,Ringkøbing Herningvej,"Herningvej 82, 6950 Ringkøbing",6950,Ringkøbing,56.086828,8.26763
Uno-X,Ulfborg,"Herredsgade 28, 6990 Ulfborg",6990,Ulfborg,56.26949,8.31966
Uno-X,Fredericia Vejlevej,"Vejlevej 141, 7000 Fredericia",7000,Fredericia,55.56827,9.70715
Uno-X,Sanddal,"Snoghøj Landevej 1, 7000 Fredericia",7000,Fredericia,55.551187,9.725738
Uno-X,Fredericia,"Strevelinsvej 11 A, 7000 Fredericia",7000,Fredericia,55.53512,9.71686
Uno-X,Vejle Grønnedal,"Grønnedalen 2, 7100 Vejle",7100,Vejle,55.682224,9.52836
Uno-X,Vejle Uhrhøj,"Jellingvej 127, 7100 Vejle",7100,Vejle,55.725313,9.519905
Uno-X,Vejle Syd,"Godthåbsvej 55, 7100 Vejle",7100,Vejle,55.663872,9.548869
Uno-X,Stouby,"Vejlevej 117, 7140 Stouby",7140,Stouby,55.704253,9.788175
Uno-X,Give,"Hjortsvangen 29, 7323 Give",7323,Give,55.854417,9.24381
Uno-X,Give Diagonalvejen,"Diagonalvejen 33, 7323 Give",7323,Give,55.85522,9.24672
Uno-X,Brande,"Vestergårdsvej 1, 7330 Brande",7330,Brande,55.960209,9.104182
Uno-X,Herning Poulsgade,"Poulsgade 2-4, 7400 Herning",7400,Herning,56.1325,8.983963
Uno-X,Herning Sjællandsgade,"Sjællandsgade 125, 7400 Herning",7400,Herning,56.144837,8.994616
Uno-X,Snejbjerg,"Snejbjerg Hovedgade 38, 7400 Herning",7400,Herning,56.13287,8.8986
Uno-X,Tjørring,"Tjørring Hovedgade 39, 7400 Herning",7400,Herning,56.16174,8.92347
Uno-X,Herning Møllegade,"Møllegade 14-22, 7400 Herning",7400,Herning,56.1381,8.96779
Uno-X,Ikast,"Østergade 60, 7430 Ikast",7430,Ikast,56.139949,9.16403
Uno-X,Pårup,"Juuls Vej 3, 7442 Engesvang",7442,Engesvang,56.130654,9.351263
Uno-X,Sunds,"Thorupvej 2, 7451 Sunds",7451,Sunds,56.19868,9.020113
Uno-X,Vildbjerg,"Vestergade 35, 7480 Vildbjerg",7480,Vildbjerg,56.201936,8.763683
Uno-X,Aulum,"Holstebrovej 19, 7490 Aulum",7490,Aulum,56.265439,8.777478
Uno-X,Holstebro Skjernvej,"Skjernvej 68, 7500 Holstebro",7500,Holstebro,56.3486,8.61499
Uno-X,Holstebro Hostrupvej,"Hostrupvej 2, 7500 Holstebro",7500,Holstebro,56.37206,8.62588
Uno-X,Holstebro Nybovej,"Nybovej 49, 7500 Holstebro",7500,Holstebro,56.33405,8.64743
Uno-X,"Holstebro, Lægårdvej","Lægårdvej 140, 7500 Holstebro",7500,Holstebro,56.36423,8.67294
Uno-X,Lemvig,"Storegade 1, 7620 Lemvig",7620,Lemvig,56.5462,8.30387
Uno-X,Thisted Simons Bakke,"Simons Bakke 30, 7700 Thisted",7700,Thisted,56.951961,8.668642
Uno-X,Thisted Østerbakken 64,"Østerbakken 64, 7700 Thisted",7700,Thisted,56.95694,8.706796
Uno-X,Skive,"Viborgvej 2, 7800 Skive",7800,Skive,56.563599,9.036394
Uno-X,Skive,"Viborgvej 4D, 7800 Skive",7800,Skive,56.56289,9.03904
Uno-X,Vinderup,"Nørregade 12, 7830 Vinderup",7830,Vinderup,56.483483,8.780522
Uno-X,Nykøbing M Nørrebro,"Nørrebro 23-27, 7900 Nykøbing M",7900,Nykøbing M,56.79953,8.8554
Uno-X,Brabrand Silkeborgvej 702,"Silkeborgvej 702, 8220 Brabrand",8220,Brabrand,56.153115,10.087225
Uno-X,Brabrand Edwin Rahrs Vej,"Edwin Rahrs Vej 69, 8220 Brabrand",8220,Brabrand,56.16477,10.11065
Uno-X,Åbyhøj Søren Frichsvej,"Søren Frichs Vej 32, 8230 Åbyhøj",8230,Åbyhøj,56.15361,10.18008
Uno-X,Åbyhøj Silkeborgvej 300,"Silkeborgvej 300, 8230 Åbyhøj",8230,Åbyhøj,56.154672,10.154951
Uno-X,Risskov Lystrupvej,"Lystrupvej 53, 8240 Risskov",8240,Risskov,56.207038,10.235347
Uno-X,Risskov Ndr. Strandvej,"Ndr. Strandvej 125, 8240 Risskov",8240,Risskov,56.20121,10.25962
Uno-X,Risskov Grenåvej,"Grenåvej 189, 8240 Risskov",8240,Risskov,56.19553,10.21935
Uno-X,Egå,"Grenåvej 528, 8250 Egå",8250,Egå,56.222374,10.288047
Uno-X,Højbjerg Rosenvangs Allé,"Rosenvangs Alle 189A, 8270 Højbjerg",8270,Højbjerg,56.119792,10.192137
Uno-X,Odder,"Rådhusgade 65, 8300 Odder",8300,Odder,55.980282,10.150852
Uno-X,Hasselager,"Hovedvejen 6-8, 8361 Hasselager",8361,Hasselager,56.1076,10.11006
Uno-X,Tilst,"Havkærvej 114, 8381 Tilst",8381,Tilst,56.18239,10.12219
Uno-X,Rønde,"Hovedgaden 62, 8410 Rønde",8410,Rønde,56.301795,10.471269
Uno-X,Fajstrup,"Viborgvej 903, 8471 Sabro",8471,Sabro,56.22564,9.959804
Uno-X,Lystrup,"Lægårdsvej 2A, 8520 Lystrup",8520,Lystrup,56.225572,10.237083
Uno-X,Hornslet,"Toftevej 8, 8543 Hornslet",8543,Hornslet,56.31491,10.31853
Uno-X,Resenbro,"Skærbækvej 3, 8600 Silkeborg",8600,Silkeborg,56.181624,9.644097
Uno-X,Skægkær,"Viborgvej 87, 8600 Silkeborg",8600,Silkeborg,56.212328,9.502793
Uno-X,Silkeborg Stagehøjvej,"Stagehøjvej 2 A, 8600 Silkeborg",8600,Silkeborg,56.186636,9.573206
Uno-X,Silkeborg Viborgvej,"Viborgvej 12, 8600 Silkeborg",8600,Silkeborg,56.185144,9.543729
Uno-X,Grauballe,"Grønbækvej 9, 8600 Silkeborg",8600,Silkeborg,56.226741,9.629499
Uno-X,Funder,"Funder Bygade 51, 8600 Silkeborg",8600,Silkeborg,56.14856,9.47031
Uno-X,Kjellerup,"Søndergade 16, 8620 Kjellerup",8620,Kjellerup,56.28734,9.430988
Uno-X,Them,"Silkeborgvej 2, 8653 Them",8653,Them,56.098525,9.554463
Uno-X,Skanderborg,"Vroldvej 31, 8660 Skanderborg",8660,Skanderborg,56.03914,9.91447
Uno-X,Ry,"Brunhøjvej 2, 8680 Ry",8680,Ry,56.09074,9.77736
Uno-X,Horsens Vejlevej,"Vejlevej 12, 8700 Horsens",8700,Horsens,55.85133,9.82937
Uno-X,Horsens Bjerrevej,"Bjerrevej 144, 8700 Horsens",8700,Horsens,55.83825,9.84783
Uno-X,Hedensted,"Gesagervej 111, 8722 Hedensted",8722,Hedensted,55.77708,9.71175
Uno-X,Nørre Snede,"Skovbakken 1 A, 8766 Nørre Snede",8766,Nørre Snede,55.964067,9.394332
Uno-X,Viborg Lundvej,"Lundvej 1, 8800 Viborg",8800,Viborg,56.45904,9.37332
Uno-X,Viborg Arnbjerg C,"Arnbjerg Centret 3, 8800 Viborg",8800,Viborg,56.4217,9.40472
Uno-X,Viborg Gl. Skivevej,"Gl. Skivevej 71, 8800 Viborg",8800,Viborg,56.46225,9.40414
Uno-X,Bjerringbro,"Nørregade 60, 8850 Bjerringbro",8850,Bjerringbro,56.3804,9.66445
Uno-X,Gjern,"Søndergade 56, 8883 Gjern",8883,Gjern,56.22085,9.742974
Uno-X,Randers Gl. Hobrovej,"Gl. Hobrovej 82, 8920 Randers NV",8920,Randers NV,56.477691,10.013314
Uno-X,Randers Viborgvej,"Viborgvej 46, 8920 Randers NV",8920,Randers NV,56.46347,10.01544
Uno-X,Sdr. Borup,"Gammel Århusvej 3, 8940 Randers SV",8940,Randers SV,56.41311,10.07462
Uno-X,Ørsted,"Højvangsvej 2, 8950 Ørsted",8950,Ørsted,56.499143,10.331596
Uno-X,Assentoft,"Storegade 25, 8960 Randers SØ",8960,Randers SØ,56.440131,10.138793
Uno-X,Kristrup,"Clausholmsvej 6, 8960 Randers SØ",8960,Randers SØ,56.445298,10.065459
Uno-X,Vivild,"Nørregade 36, 8961 Allingåbro",8961,Allingåbro,56.48739,10.44503
Uno-X,Auning,"Østergade 32, 8963 Auning",8963,Auning,56.428798,10.385615
Uno-X,Purhus,"Vestergade 70B, 8990 Fårup",8990,Fårup,56.541241,9.897432
Uno-X,Kærby,"Padevænget 3, 9000 Aalborg",9000,Aalborg,57.02548,9.91317
Uno-X,Aalborg,"Ny Kærvej 43A, 9000 Aalborg",9000,Aalborg,57.033046,9.923068
Uno-X,Aalborg Østerbro,"Østerbro 75, 9000 Aalborg",9000,Aalborg,57.04576,9.94525
Uno-X,"Aalborg, Hobrovej 503","Hobrovej 503, 9200 Aalborg SV",9200,Aalborg SV,57.0008,9.87621
Uno-X,Aalborg Ø - Stenbjergvej,"Stenbjergvej 3, 9220 Aalborg Øst",9220,Aalborg Øst,57.04086,10.0055
Uno-X,Nibe,"Toften 9, 9240 Nibe",9240,Nibe,56.985083,9.640272
Uno-X,Kongerslev,"Danmarksgade 43, 9293 Kongerslev",9293,Kongerslev,56.88309,10.12096
Uno-X,Sæby Stygge Krumpensvej,"Stygge Krumpens Vej 2, 9300 Sæby",9300,Sæby,57.33273,10.502393
Uno-X,Syvsten,"Ålborgvej 210, 9300 Sæby",9300,Sæby,57.309831,10.435992
Uno-X,Sæby Rosenvej,"Rosenvej 33, 9300 Sæby",9300,Sæby,57.32965,10.5215
Uno-X,Rærup,"Halsvej 38, 9310 Vodskov",9310,Vodskov,57.095303,10.026065
Uno-X,Vodskov,"Vodskovvej 16, 9310 Vodskov",9310,Vodskov,57.10241,10.02384
Uno-X,Hjallerup,"Søndergade 14, 9320 Hjallerup",9320,Hjallerup,57.16701,10.14345
Uno-X,Nørresundby Loftbrovej,"Loftbrovej 2, 9400 Nørresundby",9400,Nørresundby,57.089168,9.971402
Uno-X,Nørresundby Thistedvej,"Thistedvej 103, 9400 Nørresundby",9400,Nørresundby,57.070058,9.89682
Uno-X,Nørresundby,"Østergade 27-29, 9400 Nørresundby",9400,Nørresundby,57.05892,9.92835
Uno-X,Biersted,"Haldagervej 48, 9440 Aabybro",9440,Aabybro,57.1497,9.80236
Uno-X,Åbybro,"Østergade 52, 9440 Aabybro",9440,Aabybro,57.15815,9.73484
Uno-X,Pandrup,"Løkkenvej 2, 9490 Pandrup",9490,Pandrup,57.225324,9.677496
Uno-X,Hune,"Vesterhavsvej 57, 9492 Blokhus",9492,Blokhus,57.247704,9.62622
Uno-X,Hobro Hostrupvej 41,"Hostrupvej 41, 9500 Hobro",9500,Hobro,56.644536,9.79252
Uno-X,Støvring,"Hobrovej 57, 9530 Støvring",9530,Støvring,56.89294,9.83736
Uno-X,Als,"Hadsundvej 1, 9560 Hadsund",9560,Hadsund,56.75478,10.28837
Uno-X,Terndrup,"Hadsundvej 43, 9575 Terndrup",9575,Terndrup,56.80926,10.05704
Uno-X,Hornum,"Aalborgvej 40, 9600 Aars",9600,Aars,56.84378,9.43227
Uno-X,Aars,"Vestre Boulevard 6, 9600 Aars",9600,Aars,56.799394,9.507271
Uno-X,Aalestrup,"Testrupvej 6, 9620 Aalestrup",9620,Aalestrup,56.697909,9.490921
Uno-X,Ullits,"Banevolden 16, 9640 Farsø",9640,Farsø,56.72869,9.29162
Uno-X,Fjerritslev,"Vestergade 37, 9690 Fjerritslev",9690,Fjerritslev,57.088253,9.259447
Uno-X,Brønderslev,"Sdr Omfartsvej 2, 9700 Brønderslev",9700,Brønderslev,57.274913,9.923658
Uno-X,Brønderslev Syd,"Velkomstcenter Syd 2, 9700 Brønderslev",9700,Brønderslev,57.25165,9.97593
Uno-X,ØsterVrå,"Bredgade 2, 9750 Østervrå",9750,Østervrå,57.341016,10.237037
Uno-X,Vrå,"Vrejlevvej 1, 9760 Vrå",9760,Vrå,57.354046,9.949493
Uno-X,Hjørring,"Sprogøvej 1, 9800 Hjørring",9800,Hjørring,57.45589,10.04148
Uno-X,Hirtshals Peder Rimmens,"Peder Rimmensgade 5, 9850 Hirtshals",9850,Hirtshals,57.589624,9.964889
Uno-X,Hirtshals Kærvej,"Kærvej 2, 9850 Hirtshals",9850,Hirtshals,57.57526,9.9651
Uno-X,Frederikshavn Gærumvej,"Gærumvej 38-40, 9900 Frederikshavn",9900,Frederikshavn,57.427452,10.513186
Uno-X,Frederikshavn Koktved,"Koktvedvej 37, 9900 Frederikshavn",9900,Frederikshavn,57.434325,10.518122
Uno-X,Harald Lunds Gade,"Harald Lunds Gade 7, 9900 Frederikshavn",9900,Frederikshavn,57.445491,10.540687
Uno-X,Ålbæk,"Skagensvej 2, 9982 Ålbæk",9982,Ålbæk,57.58915,10.41326
Øboens,Øboens tankstation Marstal,"Havnegade 1 A, 5960 Marstal",5960,Marstal,54.856468,10.520629
Øboens,Øboens tankstation Ærøskøbing,"Pilebækken 11, 5970 Ærøskøbing",5970,Ærøskøbing,54.887037,10.410811
Øboens,Øboens tankstation Stokkeby,"Rudelsvej 2, 5970 Ærøskøbing",5970,Ærøskøbing,54.870035,10.392921
Øboens,Øboens tankstation Søby,"Havnevejen, 5985 Søby Ærø",5985,Søby Ærø,54.94085,10.260158
