Mærke,Navn,Adresse,Postnr,By,Latitude,Longitude
Apotek,København Vaisenhus Apotek,"Landemærket 3, 1119 København K",1119,København K,55.681682,12.575435
Apotek,København Kongelig Hof Apotek,"Store Kongensgade 45, 1264 København K",1264,København K,55.683225,12.586629
Apotek,København Christianshavns Apotek,"Torvegade 47, 1400 København K",1400,København K,55.672331,12.591908
Apotek,Nytorv Apotek Strøget,"Frederiksberggade 1A, 1459 København K",1459,København K,55.677620,12.572123
Apotek,Apotek Fisketorvet,"Kalvebod Brygge 57, 1560 København V",1560,København V,55.662813,12.562363
Apotek,Apoteket Postbyen,"Posten 4C, 1577 København V",1577,København V,55.669509,12.568207
Apotek,Apotek Vesterbro,"Vesterbrogade 60, 1620 København V",1620,København V,55.672696,12.553256
Apotek,København Steno Apotek,"Vesterbrogade 6C, 1620 København V",1620,København V,55.674601,12.563419
Apotek,København Enghave Apotek,"Enghave Plads 25, 1670 København V",1670,København V,55.666144,12.544069
Apotek,Apoteksudsalget Humletorvet,"Humletorvet 23, 1799 København V",1799,København V,55.664409,12.536323
Apotek,Frederiksberg Apotek,"Gammel Kongevej 162A, 1850 Frederiksberg C",1850,Frederiksberg C,55.677840,12.535900
Apotek,Apotek Ørsted,"H.C. Ørsteds Vej 38, 1879 Frederiksberg C",1879,Frederiksberg C,55.680037,12.548684
Apotek,Apoteket Frederiksberg Centret,"Falkoner Alle 21, 2000 Frederiksberg",2000,Frederiksberg,55.681494,12.534103
Apotek,Apoteket Lille Bjørn,"Nordens Plads 8A, 2000 Frederiksberg",2000,Frederiksberg,55.671065,12.501394
Apotek,Frederiksberg Apoteket Godthåb,"Godthåbsvej 4, 2000 Frederiksberg",2000,Frederiksberg,55.685579,12.538222
Apotek,Frederiksberg Dalgas Boulevard Apotek,"Dalgas Boulevard 91, 2000 Frederiksberg",2000,Frederiksberg,55.681596,12.510494
Apotek,Frederiksberg Løve Apotek,"Falkoner Alle 88, 2000 Frederiksberg",2000,Frederiksberg,55.685445,12.539022
Apotek,Frederiksberg Smallegades Apotek,"Smallegade 46, 2000 Frederiksberg",2000,Frederiksberg,55.679689,12.523752
Apotek,København Fasan Apoteket,"Nordre Fasanvej 25, 2000 Frederiksberg",2000,Frederiksberg,55.681700,12.521902
Apotek,København Apoteket Trianglen,"Nordre Frihavnsgade 3, 2100 København Ø",2100,København Ø,55.700035,12.578031
Apotek,København Øresunds Apotek,"Østerbrogade 151, 2100 København Ø",2100,København Ø,55.714097,12.577260
Apotek,København Østerbro Apotek,"Østerbrogade 101, 2100 København Ø",2100,København Ø,55.709426,12.577165
Apotek,Lyngbyvej Apotek Østerbro,"Lyngbyvej 38, 2100 København Ø",2100,København Ø,55.710157,12.561184
Apotek,Ryparken Apotek,"Lyngbyvej 153, 2100 København Ø",2100,København Ø,55.718006,12.556473
Apotek,Strandboulevarden Apotek Østerbro,"Nordre Frihavnsgade 81, 2100 København Ø",2100,København Ø,55.703483,12.587307
Apotek,Trianglen Central Apotek,"Trianglen 2, 2100 København Ø",2100,København Ø,55.699671,12.577048
Apotek,Nordhavn Apotek,"Århusgade 134A, 2150 Nordhavn",2150,Nordhavn,55.707619,12.594733
Apotek,København Apoteket Svalen,"Nørrebrogade 224, 2200 København N",2200,København N,55.700146,12.540159
Apotek,København Hamlets Apotek,"Hamletsgade 2, 2200 København N",2200,København N,55.703043,12.547754
Apotek,København Nørrebro Apotek,"Nørrebrogade 8, 2200 København N",2200,København N,55.687410,12.562437
Apotek,København Sct. Stefans Apotek,"Nørrebrogade 140, 2200 København N",2200,København N,55.694700,12.548788
Apotek,Amager Strand Apotek,"Strandlodsvej 41, 2300 København S",2300,København S,55.664165,12.622788
Apotek,Amagerbro Apotek,"Reberbanegade 5, 2300 København S",2300,København S,55.663108,12.604744
Apotek,Apoteket Sundby,"Englandsvej 28, 2300 København S",2300,København S,55.656612,12.603816
Apotek,Bella Apotek,"Michael Strunges Vej 15, 2300 København S",2300,København S,55.637946,12.581685
Apotek,Fields Apotek,"Arne Jacobsens Allé 18, 2300 København S",2300,København S,55.630347,12.577393
Apotek,Gyldenrisparkens Apotek,"Amagerbrogade 264, 2300 København S",2300,København S,55.642422,12.615799
Apotek,Kløvermarkens Apotek,"Vermlandsgade 53, 2300 København S",2300,København S,55.668605,12.607568
Apotek,København Islands Brygge Apotek,"Thorshavnsgade 28, 2300 København S",2300,København S,55.667016,12.578128
Apotek,København Sønderbro Apotek,"Amagerbrogade 158, 2300 København S",2300,København S,55.654732,12.610172
Apotek,Apoteket Frederikssundsvej,"Frederikssundsvej 60E, 2400 København NV",2400,København NV,55.703792,12.529577
Apotek,København Apoteket Rosen,"Tuborgvej 269, 2400 København NV",2400,København NV,55.711866,12.532330
Apotek,København Sydhavnsapoteket,"Borgbjergsvej 15, 2450 København SV",2450,København SV,55.651469,12.537557
Apotek,Sluseholmens Apotek,"Sluseholmen 17, 2450 København SV",2450,København SV,55.645954,12.548482
Apotek,Apotek Spinderiet,"Valby Torvegade 13, 2500 Valby",2500,Valby,55.664592,12.511982
Apotek,København Trekroner Apotek,"Vigerslev Allé 38, 2500 Valby",2500,Valby,55.661886,12.518598
Apotek,København Valby Apotek,"Valby Langgade 49, 2500 Valby",2500,Valby,55.666530,12.516901
Apotek,Apoteket Glostrup Shoppingcenter,"Glostrup Shoppingcenter 48, 2600 Glostrup",2600,Glostrup,55.664896,12.399936
Apotek,Glostrup Apotek,"Hovedvejen 101, 2600 Glostrup",2600,Glostrup,55.665612,12.396560
Apotek,Brøndbyvester Apotek,"Søndre Ringvej 41F, 2605 Brøndby",2605,Brøndby,55.655077,12.395364
Apotek,Brøndbyøster Apotek,"Nygårds Plads 29A, 2605 Brøndby",2605,Brøndby,55.667516,12.437875
Apotek,Islev Apotek,"Fortvej 5, 2610 Rødovre",2610,Rødovre,55.696118,12.458864
Apotek,Rødovre Apotek,"Rødovre Centrum 1B, 2610 Rødovre",2610,Rødovre,55.680098,12.455616
Apotek,Rødovre Krone Apotek,"Rødovre Centrum 1T, 2610 Rødovre",2610,Rødovre,55.680104,12.457833
Apotek,Albertslund Apotek,"Bytorvet 5, 2620 Albertslund",2620,Albertslund,55.656521,12.353658
Apotek,Apoteket City2,"Cityringen 20, 2630 Taastrup",2630,Taastrup,55.643358,12.277246
Apotek,Cityapoteket,"Tommerupgade 41, 2630 Taastrup",2630,Taastrup,55.645436,12.279759
Apotek,Høje Taastrup Apoteksudsalg,"Høje Taastrup Boulevard 44, 2630 Taastrup",2630,Taastrup,55.648288,12.269515
Apotek,Taastrup Apotek,"Taastrup Hovedgade 60, 2630 Taastrup",2630,Taastrup,55.650293,12.301401
Apotek,Ishøj Apotek,"Ishøj Østergade 15, 2635 Ishøj",2635,Ishøj,55.613542,12.357209
Apotek,Ishøj Lille Torv Apotek,"Ishøj Lille Torv 14, 2635 Ishøj",2635,Ishøj,55.614497,12.353376
Apotek,Hedehusene Apotek,"Hovedgaden 423, 2640 Hedehusene",2640,Hedehusene,55.649418,12.199778
Apotek,Bredalsparken Apotek,"Hvidovrevej 322, 2650 Hvidovre",2650,Hvidovre,55.639175,12.478849
Apotek,Friheden Apotek,"Strandmarksvej 20, 2650 Hvidovre",2650,Hvidovre,55.626980,12.483858
Apotek,Hvidovre Apotek,"Hvidovrevej 178, 2650 Hvidovre",2650,Hvidovre,55.653192,12.473868
Apotek,Hvidovre Hospital Privatapoteket,"Kettegård Alle 30, 2650 Hvidovre",2650,Hvidovre,55.648780,12.470205
Apotek,Hvidovre Stationsapotek,"Laurits Olsens Vej 41, 2650 Hvidovre",2650,Hvidovre,55.663285,12.477103
Apotek,Brøndby Strand Apotek,"Brøndby Strand Centrum 26, 2660 Brøndby Strand",2660,Brøndby Strand,55.621835,12.422562
Apotek,Vallensbæk Apotek,"Vallensbæk Stationstorv 60, 2665 Vallensbæk Strand",2665,Vallensbæk Strand,55.623214,12.388772
Apotek,Apopro Online Apotek,"Kildebrøndevej 44A, 2670 Greve",2670,Greve,55.602739,12.288883
Apotek,Greve Apotek,"Greve Midtby Center 14B, 2670 Greve",2670,Greve,55.582293,12.294258
Apotek,Hundige Apotek,"Over Bølgen 9, 2670 Greve",2670,Greve,55.598624,12.329260
Apotek,Plusapoteket Waves,"Over Bølgen 2D, 2670 Greve",2670,Greve,55.598717,12.326982
Apotek,Solrød Apotek,"Solrød Center 78, 2680 Solrød Strand",2680,Solrød Strand,55.533009,12.219447
Apotek,Husum Bypark Apotek,"Frederikssundsvej 286, 2700 Brønshøj",2700,Brønshøj,55.710657,12.477667
Apotek,København Husum Apotek,"Frederikssundsvej 320, 2700 Brønshøj",2700,Brønshøj,55.712005,12.472495
Apotek,København Linde Apoteket,"Frederikssundsvej 152, 2700 Brønshøj",2700,Brønshøj,55.704615,12.500018
Apotek,Tingbjerg Apotek,"Ruten 6B, 2700 Brønshøj",2700,Brønshøj,55.717463,12.487942
Apotek,Apoteket Jernbane Allé,"Jernbane Allé 40, 2720 Vanløse",2720,Vanløse,55.686640,12.491394
Apotek,Vanløse Løve Apotek,"Lindehøjen 12, 2720 Vanløse",2720,Vanløse,55.686638,12.491586
Apotek,Herlev Apotek,"Herlev Torv 13, 2730 Herlev",2730,Herlev,55.724252,12.438899
Apotek,Herlev Løve Apotek,"Herlev Torv 2, 2730 Herlev",2730,Herlev,55.723514,12.440011
Apotek,Hjortespring Apotek,"Dildhaven 45, 2730 Herlev",2730,Herlev,55.742877,12.423448
Apotek,Skovlunde Apotek,"Torvestrædet 8, 2740 Skovlunde",2740,Skovlunde,55.721140,12.400967
Apotek,Apoteket i Ballerup Centret,"Banetoften 1K, 2750 Ballerup",2750,Ballerup,55.728791,12.357536
Apotek,Ballerup Apotek,"Centrumgaden 24, 2750 Ballerup",2750,Ballerup,55.730381,12.360223
Apotek,Hedegårdens Apotek,"Hedeparken 11K, 2750 Ballerup",2750,Ballerup,55.718898,12.358179
Apotek,Maaløv Apotek,"Stationsvej 7, 2760 Måløv",2760,Måløv,55.748543,12.318679
Apotek,Smørum Apotek,"Flodvej 75M, 2765 Smørum",2765,Smørum,55.732681,12.305013
Apotek,Kastrup Apotek,"Skottegården 2, 2770 Kastrup",2770,Kastrup,55.637786,12.635208
Apotek,Kongelundens Apotek,"Kongelundsvej 364, 2770 Kastrup",2770,Kastrup,55.609880,12.584130
Apotek,Tårnby Apotek,"Kamillevej 4, 2770 Kastrup",2770,Kastrup,55.632942,12.623249
Apotek,Dragør Apotek,"Maglebytorv 18, 2791 Dragør",2791,Dragør,55.595209,12.660622
Apotek,Lyngby Løve Apotek,"Jernbanepladsen 43, 2800 Kongens Lyngby",2800,Kongens Lyngby,55.768566,12.503057
Apotek,Lyngby Storcenter Apotek,"Kanalvej 2, 2800 Kongens Lyngby",2800,Kongens Lyngby,55.772129,12.506236
Apotek,Lyngby Svane Apotek,"Lyngby Hovedgade 27, 2800 Kongens Lyngby",2800,Kongens Lyngby,55.771648,12.502579
Apotek,Gentofte Apotek,"Gentoftegade 35, 2820 Gentofte",2820,Gentofte,55.747518,12.541506
Apotek,Sorgenfri Løve Apotek,"Hummeltoftevej 16, 2830 Virum",2830,Virum,55.782160,12.483117
Apotek,Virum Apotek,"Frederiksdalsvej 73, 2830 Virum",2830,Virum,55.795600,12.472830
Apotek,Holte Apotek,"Holte Midtpunkt 20, 2840 Holte",2840,Holte,55.811937,12.471719
Apotek,Nærum Apotek,"Nærumvænge Torv 35, 2850 Nærum",2850,Nærum,55.814466,12.531683
Apotek,Buddinge Apotek,"Søborg Hovedgade 201, 2860 Søborg",2860,Søborg,55.741870,12.497398
Apotek,Høje Gladsaxe Apotek,"Høje Gladsaxe Torv 2, 2860 Søborg",2860,Søborg,55.730144,12.497016
Apotek,Søborg Apotek,"Søborg Hovedgade 86, 2860 Søborg",2860,Søborg,55.734839,12.513737
Apotek,Bagsværd Apotek,"Bagsværd Torv 6, 2880 Bagsværd",2880,Bagsværd,55.761623,12.452321
Apotek,Bagsværd Svale Apotek,"Bagsværd Hovedgade 126A, 2880 Bagsværd",2880,Bagsværd,55.760407,12.455988
Apotek,Hellerup Apotek,"Strandvejen 161, 2900 Hellerup",2900,Hellerup,55.731950,12.575539
Apotek,Rotunden Apotek,"Strandvejen 62E, 2900 Hellerup",2900,Hellerup,55.727507,12.576750
Apotek,Waterfront Apotek Hellerup,"Philip Heymans Alle 17, 2900 Hellerup",2900,Hellerup,55.726004,12.580197
Apotek,Charlottenlund Apotek,"Lindegårdsvej 51, 2920 Charlottenlund",2920,Charlottenlund,55.754642,12.569824
Apotek,Jægersborg Allé Apotek,"Jægersborg Alle 35, 2920 Charlottenlund",2920,Charlottenlund,55.754958,12.566947
Apotek,Ordrup Apotek,"Ordrupvej 80, 2920 Charlottenlund",2920,Charlottenlund,55.761532,12.574151
Apotek,Trørød Apotek,"Trørødvej 62, 2950 Vedbæk",2950,Vedbæk,55.839753,12.544828
Apotek,Rungsted Apotek,"Rungsted Bytorv 9, 2960 Rungsted Kyst",2960,Rungsted Kyst,55.883069,12.527792
Apotek,Hørsholm Apotek,"Hørsholm Midtpunkt 78, 2970 Hørsholm",2970,Hørsholm,55.881987,12.496723
Apotek,Kongevejens Apotek,"Usserød Kongevej 65B, 2970 Hørsholm",2970,Hørsholm,55.887511,12.496824
Apotek,Apoteket Egevangen,"Egevangen 8, 2980 Kokkedal",2980,Kokkedal,55.906084,12.475244
Apotek,Nivå Apotek,"Nivå Center 89, 2990 Nivå",2990,Nivå,55.934007,12.505760
Apotek,Apoteket Gefion,"Gefionsvej 45A, 3000 Helsingør",3000,Helsingør,56.039826,12.587392
Apotek,Helsingør Axeltorvs Apotek,"Groskenstræde 2A, 3000 Helsingør",3000,Helsingør,56.036750,12.610832
Apotek,Helsingør Bycenter Apotek,"Stürups Plads 1, 3000 Helsingør",3000,Helsingør,56.032646,12.607858
Apotek,Helsingør Stengades Apotek,"Stengade 46B, 3000 Helsingør",3000,Helsingør,56.034190,12.611872
Apotek,Prøvestens Apotek,"Birkedalsvej 7, 3000 Helsingør",3000,Helsingør,56.020545,12.572341
Apotek,Humlebæk Apotek,"Humlebæk Center 23, 3050 Humlebæk",3050,Humlebæk,55.964007,12.529950
Apotek,Espergærde Apotek,"Nørremarken 3A, 3060 Espergærde",3060,Espergærde,55.995614,12.545647
Apotek,Hornbæk Apotek,"Sauntevej 2A, 3100 Hornbæk",3100,Hornbæk,56.089775,12.456435
Apotek,Ålsgårde Apotek,"Ålsgårdecentret 5, 3140 Ålsgårde",3140,Ålsgårde,56.075163,12.539201
Apotek,Helsinge Apotek,"Østergade 35A, 3200 Helsinge",3200,Helsinge,56.023304,12.203172
Apotek,Rådhusapoteket Helsinge,"Frederiksborgvej 20, 3200 Helsinge",3200,Helsinge,56.019685,12.200244
Apotek,Græsted Apoteksudsalg,"Græsted Hovedgade 8A, 3230 Græsted",3230,Græsted,56.065469,12.282053
Apotek,Gilleleje Apotek,"Vesterbrogade 6B, 3250 Gilleleje",3250,Gilleleje,56.125802,12.304609
Apotek,Frederiksværk Apotek,"Nørregade 4, 3300 Frederiksværk",3300,Frederiksværk,55.973222,12.021615
Apotek,Halsnæs Apotek,"Torvet 35, 3300 Frederiksværk",3300,Frederiksværk,55.971357,12.018759
Apotek,Hundested Apotek,"Nørregade 11, 3390 Hundested",3390,Hundested,55.964864,11.851103
Apotek,Apoteket Møllebro,"Slangerupgade 50, 3400 Hillerød",3400,Hillerød,55.928786,12.293043
Apotek,Hillerød Frederiksborg Apotek,"Slotsarkaderne 122, 3400 Hillerød",3400,Hillerød,55.929599,12.298839
Apotek,Hillerød Krone Apotek,"Helsingørsgade 10, 3400 Hillerød",3400,Hillerød,55.930181,12.304469
Apotek,Hillerød Øst Apotek,"Fredskovhellet 1A, 3400 Hillerød",3400,Hillerød,55.930831,12.334297
Apotek,Ullerød Apotek,"Frederiksværksgade 119, 3400 Hillerød",3400,Hillerød,55.939462,12.276035
Apotek,Allerød Apotek,"Allerød Stationsvej 9, 3450 Allerød",3450,Allerød,55.871088,12.355805
Apotek,Birkerød Apotek,"Teglporten 27, 3460 Birkerød",3460,Birkerød,55.838638,12.431694
Apotek,Fredensborg Apotek,"Jernbanegade 5, 3480 Fredensborg",3480,Fredensborg,55.978740,12.399729
Apotek,Værløse Apotek,"Bymidten 13, 3500 Værløse",3500,Værløse,55.784492,12.373667
Apotek,Farum Apotek,"Farum Bytorv 69, 3520 Farum",3520,Farum,55.814786,12.381771
Apotek,Lynge Apotek,"Lynge Bytorv 16, 3540 Lynge",3540,Lynge,55.837574,12.276967
Apotek,Slangerup Apotek,"Kongensgade 16, 3550 Slangerup",3550,Slangerup,55.846089,12.171908
Apotek,Fjord Apoteket Frederikssund,"Kalvøvej 2A, 3600 Frederikssund",3600,Frederikssund,55.836174,12.057771
Apotek,Frederikssund Apotek,"Nygade 1A, 3600 Frederikssund",3600,Frederikssund,55.836002,12.064436
Apotek,Jægerspris Fasan Apotek,"Møllehegnet 2A, 3630 Jægerspris",3630,Jægerspris,55.850332,11.985453
Apotek,Egedal Apotek,"Dronning Dagmars Vej 198, 3650 Ølstykke",3650,Ølstykke,55.780118,12.185859
Apotek,Ølstykke Apotek,"Rådhus Alle 9, 3650 Ølstykke",3650,Ølstykke,55.793583,12.156960
Apotek,Stenløse Apotek,"Egedal Centret 2, 3660 Stenløse",3660,Stenløse,55.768189,12.194915
Apotek,Rønne Apotek,"Store Torvegade 12, 3700 Rønne",3700,Rønne,55.103620,14.699593
Apotek,Aakirkeby Apoteksudsalg,"Eskildsgade 7, 3720 Aakirkeby",3720,Aakirkeby,55.070537,14.922700
Apotek,Nexø Apotek,"Sdr Hammer 4A, 3730 Nexø",3730,Nexø,55.061937,15.134413
Apotek,Allinge Apotek,"Kirkegade 13, 3770 Allinge",3770,Allinge,55.277124,14.802248
Apotek,Apoteket ROs Torv,"Ro's Torv 8, 4000 Roskilde",4000,Roskilde,55.642176,12.099500
Apotek,Hyrdehøj Apotek,"Hyrdehøj Alle 5, 4000 Roskilde",4000,Roskilde,55.634034,12.051825
Apotek,Køgevejens Apotek,"Roskildevænget 2B, 4000 Roskilde",4000,Roskilde,55.627513,12.091479
Apotek,Roskilde Dom Apotek,"Algade 51, 4000 Roskilde",4000,Roskilde,55.640748,12.089032
Apotek,Roskilde Stations Apotek,"Stationscentret 12, 4000 Roskilde",4000,Roskilde,55.637557,12.083888
Apotek,Roskilde Svane Apotek,"Skomagergade 19, 4000 Roskilde",4000,Roskilde,55.640737,12.077825
Apotek,Svogerslev Apotek,"Svogerslev Hovedgade 78E, 4000 Roskilde",4000,Roskilde,55.633410,12.016302
Apotek,Trekroner Løve Apotek,"Trekroner Centervej 59, 4000 Roskilde",4000,Roskilde,55.648775,12.132108
Apotek,Tune Apotek,"Tune Center 3B, 4030 Tune",4030,Tune,55.595664,12.176074
Apotek,Jyllinge Apotek,"Jyllingecentret 31, 4040 Jyllinge",4040,Jyllinge,55.750148,12.108543
Apotek,Skibby Apotek,"Hovedgaden 40, 4050 Skibby",4050,Skibby,55.751454,11.959408
Apotek,Klosterparkens Apotek,"Klosterparks Alle 10, 4100 Ringsted",4100,Ringsted,55.453113,11.787486
Apotek,Ringsted Apotek,"Sct Hansgade 23, 4100 Ringsted",4100,Ringsted,55.444221,11.791415
Apotek,Ringsted Svane Apotek,"Nørregade 13, 4100 Ringsted",4100,Ringsted,55.446893,11.788771
Apotek,Viby Svane Apotek,"Søndergade 8A, 4130 Viby Sjælland",4130,Viby Sjælland,55.548631,12.024259
Apotek,Borup Apotek,"Hovedgaden 15, 4140 Borup",4140,Borup,55.494698,11.972512
Apotek,Glumsø Apotek,"Østergade 8, 4171 Glumsø",4171,Glumsø,55.352734,11.692102
Apotek,Sorø Apotek,"Storgade 19A, 4180 Sorø",4180,Sorø,55.433433,11.556508
Apotek,Sorø Frederiksberg Apotek,"Norgesvej 2, 4180 Sorø",4180,Sorø,55.415335,11.562180
Apotek,Antvorskov Apotek,"Idagårdsvej 1, 4200 Slagelse",4200,Slagelse,55.390006,11.355959
Apotek,Jernbaneapoteket,"Sdr.Stationsvej 28K, 4200 Slagelse",4200,Slagelse,55.407183,11.347457
Apotek,Slagelse Krone Apotek,"Skovvejen 48, 4200 Slagelse",4200,Slagelse,55.401595,11.374790
Apotek,Slagelse Løve Apotek,"Vestsjællandscentret 10D, 4200 Slagelse",4200,Slagelse,55.406263,11.354849
Apotek,Slagelse Rådhus Apotek,"Smedegade 8A, 4200 Slagelse",4200,Slagelse,55.404702,11.357350
Apotek,Slagelse Svane Apotek,"Træskogården 9, 4200 Slagelse",4200,Slagelse,55.405580,11.352594
Apotek,Korsør Apotek,"Havnearkaderne 17, 4220 Korsør",4220,Korsør,55.330155,11.139921
Apotek,Skælskør Apotek,"Algade 21, 4230 Skælskør",4230,Skælskør,55.253733,11.294138
Apotek,Vemmelev Apoteksudsalg,"Akacievej 4A, 4241 Vemmelev",4241,Vemmelev,55.363730,11.260797
Apotek,Fuglebjerg Apotek,"Byagervej 6A, 4250 Fuglebjerg",4250,Fuglebjerg,55.301822,11.544647
Apotek,Høng Apotek,"Centervej 35, 4270 Høng",4270,Høng,55.504189,11.288916
Apotek,Gørlev Apotek,"Algade 29, 4281 Gørlev",4281,Gørlev,55.539451,11.226375
Apotek,Dianalund Apotek,"Torvet 5, 4293 Dianalund",4293,Dianalund,55.526913,11.497448
Apotek,Stenlille Apotek,"Hovedgaden 48, 4295 Stenlille",4295,Stenlille,55.540093,11.590984
Apotek,Elefant Apoteket Holbæk,"Ahlgade 17B, 4300 Holbæk",4300,Holbæk,55.718125,11.709996
Apotek,Elefant Apoteket Smedelundsgade ,"Smedelundsgade 33, 4300 Holbæk",4300,Holbæk,55.714017,11.716308
Apotek,Holbæk Løve Apotek,"Labæk 4, 4300 Holbæk",4300,Holbæk,55.716653,11.716548
Apotek,Slotscentret Apotek,"Slotsvolden 9, 4300 Holbæk",4300,Holbæk,55.718047,11.703190
Apotek,Hvalsø Apotek,"Roskildevej 4, 4330 Hvalsø",4330,Hvalsø,55.589587,11.863861
Apotek,Tølløse Apotek,"Vestergade 70, 4340 Tølløse",4340,Tølløse,55.612320,11.763524
Apotek,Kalundborg Krone Apotek,"Bredgade 42, 4400 Kalundborg",4400,Kalundborg,55.678442,11.090960
Apotek,Kalundborg Svane Apotek,"Elmegade 15, 4400 Kalundborg",4400,Kalundborg,55.678860,11.097390
Apotek,Elefant Apoteket Jyderup,"Skarridsøgade 35F, 4450 Jyderup",4450,Jyderup,55.659742,11.398964
Apotek,Svebølle Apoteksudsalg,"Centret 4E, 4470 Svebølle",4470,Svebølle,55.652812,11.277538
Apotek,Elefant Apoteket Nykøbing,"Algade 20, 4500 Nykøbing Sj",4500,Nykøbing Sj,55.922202,11.668062
Apotek,Svinninge Apoteksudsalg,"Hovedgaden 41, 4520 Svinninge",4520,Svinninge,55.722290,11.463916
Apotek,Elefant Apoteket Asnæs,"Asnæs Centret 7, 4550 Asnæs",4550,Asnæs,55.811994,11.500571
Apotek,Vig Apoteksudsalg,"Vig Hovedgade 14, 4560 Vig",4560,Vig,55.851661,11.580151
Apotek,Køge Boholte Apotek,"Marksvinget 21, 4600 Køge",4600,Køge,55.447997,12.164590
Apotek,Køge Løve Apotek,"Vestergade 23, 4600 Køge",4600,Køge,55.457327,12.178139
Apotek,Køge Stations Apotek,"Rådhusstræde 1D, 4600 Køge",4600,Køge,55.456231,12.185068
Apotek,Køge Torvets Apotek,"Brogade 1A, 4600 Køge",4600,Køge,55.455937,12.182468
Apotek,Strøby Egede Apotek,"Kystvejen 3B, 4600 Køge",4600,Køge,55.416699,12.243578
Apotek,Søndre Kyst Apotek ,"Søndre Molevej 12A, 4600 Køge",4600,Køge,55.452190,12.195422
Apotek,Ølby Apotek,"Ølbycenter 25, 4600 Køge",4600,Køge,55.478680,12.174982
Apotek,Havdrup Apotek,"Møllemarken 8, 4622 Havdrup",4622,Havdrup,55.543770,12.115215
Apotek,Bjæverskov Apotek,"Ejbovej 33, 4632 Bjæverskov",4632,Bjæverskov,55.461308,12.035921
Apotek,Fakse Apotek,"Rønnedevej 15, 4640 Faxe",4640,Faxe,55.255647,12.116200
Apotek,Hårlev Apoteksudsalg,"Hovedgaden 10A, 4652 Hårlev",4652,Hårlev,55.352189,12.234314
Apotek,Karise Apotek,"Syrenvænget 20, 4653 Karise",4653,Karise,55.303770,12.199330
Apotek,Stevns Apotek,"Nytorv 5, 4660 Store Heddinge",4660,Store Heddinge,55.309770,12.387840
Apotek,Apotek Stationsvej,"Stationsvej 1A, 4681 Herfølge",4681,Herfølge,55.417126,12.140945
Apotek,Herfølge Apotek,"Vordingborgvej 106A, 4681 Herfølge",4681,Herfølge,55.416008,12.139879
Apotek,Rønnede Apotek,"Vordingborgvej 517, 4683 Rønnede",4683,Rønnede,55.259215,12.021854
Apotek,Fensmark Løve Apotek,"Næstvedvej 2A, 4684 Holmegaard",4684,Holmegaard,55.279219,11.803453
Apotek,Haslev Apotek,"Jernbanegade 11, 4690 Haslev",4690,Haslev,55.328963,11.963583
Apotek,Kvægtorvets Apotek,"Kvægtorvet 8, 4700 Næstved",4700,Næstved,55.232874,11.760473
Apotek,Næstved Løve Apotek,"Axeltorv 12A, 4700 Næstved",4700,Næstved,55.231040,11.758020
Apotek,Næstved Sct. Jørgens Apotek,"Sct Jørgens Park 34, 4700 Næstved",4700,Næstved,55.215717,11.757274
Apotek,Næstved Storcenter Apotek,"Næstved Storcenter 7A, 4700 Næstved",4700,Næstved,55.254280,11.780825
Apotek,Næstved Svane Apotek,"Torvestræde 8, 4700 Næstved",4700,Næstved,55.230072,11.760003
Apotek,Præstø Apotek,"Svend Gønges Torv 12, 4720 Præstø",4720,Præstø,55.121952,12.040114
Apotek,Lundby Apotek,"Lundby Hovedgade 90, 4750 Lundby",4750,Lundby,55.109011,11.876363
Apotek,Valdemarsgade Apotek,"Valdemarsgade 69, 4760 Vordingborg",4760,Vordingborg,55.010843,11.912658
Apotek,Vordingborg Apotek,"Voldgade 20, 4760 Vordingborg",4760,Vordingborg,55.009956,11.908533
Apotek,Stege Apotek,"Vasen 3, 4780 Stege",4780,Stege,54.980836,12.282481
Apotek,Guldborgsund Svane Apotek,"Guldborgsundcentret 46, 4800 Nykøbing F",4800,Nykøbing F,54.759135,11.853790
Apotek,Løve Apotek Nykøbing F.,"Langgade 5, 4800 Nykøbing F",4800,Nykøbing F,54.767334,11.867114
Apotek,Nykøbing F. Svane Apotek,"Slotsbryggen 1, 4800 Nykøbing F",4800,Nykøbing F,54.771766,11.866588
Apotek,Nørre Alslev Apotek,"Apotekergade 1, 4840 Nørre Alslev",4840,Nørre Alslev,54.898677,11.878534
Apotek,Stubbekøbing Apotek,"Torvet 2, 4850 Stubbekøbing",4850,Stubbekøbing,54.890322,12.043094
Apotek,Løve Apotek Nysted,"Adelgade 13, 4880 Nysted",4880,Nysted,54.668996,11.728731
Apotek,Havnegade Krone Apotek,"Havnegade 69, 4900 Nakskov",4900,Nakskov,54.828823,11.137292
Apotek,Nakskov Krone Apotek,"Nygade 17, 4900 Nakskov",4900,Nakskov,54.830707,11.140057
Apotek,Løve Apotek Maribo Ved Åen,"Ved Åen 1, 4930 Maribo",4930,Maribo,54.775852,11.492590
Apotek,Maribo Krone Apotek,"Vestergade 1, 4930 Maribo",4930,Maribo,54.774415,11.500681
Apotek,Torvegade Krone Apotek,"Lollands Centret 36, 4930 Maribo",4930,Maribo,54.773977,11.505830
Apotek,Løve Apotek Rødby,"Østergade 6, 4970 Rødby",4970,Rødby,54.695548,11.388054
Apotek,Rødby Krone Apotek,"Havnegade 11, 4970 Rødby",4970,Rødby,54.659856,11.355014
Apotek,Sakskøbing Krone Apotek,"Søndergade 11, 4990 Sakskøbing",4990,Sakskøbing,54.798693,11.636803
Apotek,Apoteket Havnen Odense,"Havnegade 2D, 5000 Odense C",5000,Odense C,55.406517,10.384529
Apotek,Apoteket Odense Banegård,"Østre Stationsvej 25R, 5000 Odense C",5000,Odense C,55.401693,10.387188
Apotek,Apoteket Vesterbro Odense,"Vesterbro 39, 5000 Odense C",5000,Odense C,55.394915,10.376480
Apotek,Odense Albani Apotek,"Albanigade 54F, 5000 Odense C",5000,Odense C,55.392998,10.396704
Apotek,Odense Apoteket Ørnen,"Vestergade 80, 5000 Odense C",5000,Odense C,55.394464,10.382353
Apotek,Odense Sct. Hans Apotek,"Skibhusvej 66, 5000 Odense C",5000,Odense C,55.406312,10.392814
Apotek,Odense Sct. Knuds Apotek,"Torvegade 8, 5000 Odense C",5000,Odense C,55.396683,10.390170
Apotek,Odense Bolbro Apotek,"Middelfartvej 129, 5200 Odense V",5200,Odense V,55.394105,10.347714
Apotek,Korup Apotek,"Åbakkevej 67D, 5210 Odense NV",5210,Odense NV,55.419611,10.273798
Apotek,Tarup Apotek,"Rugvang 36, 5210 Odense NV",5210,Odense NV,55.409607,10.338584
Apotek,Niels Bohrs Allé Apotek,"Niels Bohrs Allé 160, 5220 Odense SØ",5220,Odense SØ,55.378228,10.431290
Apotek,Odense Apoteket Rosengården,"Ørbækvej 75, 5220 Odense SØ",5220,Odense SØ,55.384361,10.426958
Apotek,Folkebo Apotek,"Hjallesevej 201, 5230 Odense M",5230,Odense M,55.375423,10.395798
Apotek,Odense Vollsmose Apotek,"Risingsvej 132, 5240 Odense NØ",5240,Odense NØ,55.406399,10.440106
Apotek,Apoteket Dalumcentret,"Dalumvej 46, 5250 Odense SV",5250,Odense SV,55.370728,10.373159
Apotek,Odense Bellinge Apotek,"Elmegårdsvej 2, 5250 Odense SV",5250,Odense SV,55.336859,10.315603
Apotek,Odense Dalum Apotek,"Dalumvej 34, 5250 Odense SV",5250,Odense SV,55.372127,10.370705
Apotek,Næsby Apotek,"Bogensevej 38, 5270 Odense N",5270,Odense N,55.417614,10.361938
Apotek,Kerteminde Apotek,"Hans Schacksvej 2, 5300 Kerteminde",5300,Kerteminde,55.450692,10.661191
Apotek,Munkebo Apotek,"Bycentret 204, 5330 Munkebo",5330,Munkebo,55.459958,10.559866
Apotek,Bogense Apotek,"Vestergade 9, 5400 Bogense",5400,Bogense,55.564642,10.088240
Apotek,Otterup Apotek,"Nørregade 2, 5450 Otterup",5450,Otterup,55.515408,10.397803
Apotek,Søndersø Apotek,"Toftekær 2, 5471 Søndersø",5471,Søndersø,55.481926,10.252623
Apotek,Vissenbjerg Apotek,"Østergade 11, 5492 Vissenbjerg",5492,Vissenbjerg,55.384879,10.137254
Apotek,Middelfart Apotek,"Jernbanegade 2C, 5500 Middelfart",5500,Middelfart,55.504129,9.734328
Apotek,Middelfart Løve Apotek Kløvervej,"Kløvervej 10, 5500 Middelfart",5500,Middelfart,55.495920,9.757380
Apotek,Middelfart Østergade Løve Apotek,"Østergade 18, 5500 Middelfart",5500,Middelfart,55.503690,9.736758
Apotek,Strib Apotek,"Sofiendalvej 10, 5500 Middelfart",5500,Middelfart,55.532111,9.776522
Apotek,Langeskov Apotek,"Langeskov Centret 27, 5550 Langeskov",5550,Langeskov,55.360607,10.587557
Apotek,Aarup Apotek,"Bredgade 60, 5560 Aarup",5560,Aarup,55.378927,10.047465
Apotek,Nr. Aaby Apotek,"Grønnegade 12, 5580 Nørre Aaby",5580,Nørre Aaby,55.460935,9.877660
Apotek,Ejby Apotek,"Algade 4, 5592 Ejby",5592,Ejby,55.428992,9.928919
Apotek,Faaborg Løve Apotek,"Herregårdscentret 6, 5600 Faaborg",5600,Faaborg,55.100632,10.240004
Apotek,Assens Apotek,"Østergade 35, 5610 Assens",5610,Assens,55.270078,9.897423
Apotek,Glamsbjerg Apotek,"Søndergade 70, 5620 Glamsbjerg",5620,Glamsbjerg,55.273262,10.107830
Apotek,Haarby Apotek,"Algade 33, 5683 Haarby",5683,Haarby,55.223330,10.124037
Apotek,Tommerup Apotek,"Tallerupvej 24, 5690 Tommerup",5690,Tommerup,55.346913,10.181221
Apotek,Løve Apoteket Svendborg Øst,"Møllergade 92, 5700 Svendborg",5700,Svendborg,55.063884,10.613948
Apotek,Sct. Nicolai Apotek Vest,"Vestergade 167H, 5700 Svendborg",5700,Svendborg,55.063919,10.588925
Apotek,Svendborg Løve Apotek,"Vestergade 16, 5700 Svendborg",5700,Svendborg,55.059489,10.604617
Apotek,Svendborg Sct. Nicolai Apotek,"Gerritsgade 7, 5700 Svendborg",5700,Svendborg,55.058856,10.608763
Apotek,Ringe Apotek,"Torvet 5, 5750 Ringe",5750,Ringe,55.237225,10.479727
Apotek,Vester-Skerninge Apotek,"Fåborgvej 40, 5762 Vester Skerninge",5762,Vester Skerninge,55.074189,10.454308
Apotek,Nyborg Apotek,"Kongegade 8, 5800 Nyborg",5800,Nyborg,55.311510,10.789886
Apotek,Vestergade Apotek,"Vestergade 28, 5800 Nyborg",5800,Nyborg,55.317013,10.790690
Apotek,Ørbæk Apotek,"Nyborgvej 2, 5853 Ørbæk",5853,Ørbæk,55.258545,10.673106
Apotek,Hesselager Apotek,"Langgade 20, 5874 Hesselager",5874,Hesselager,55.169300,10.734070
Apotek,Rudkøbing Apotek,"Engdraget 1, 5900 Rudkøbing",5900,Rudkøbing,54.934783,10.715468
Apotek,Humble Apotek,"Hovedgaden 2, 5932 Humble",5932,Humble,54.826378,10.698882
Apotek,Marstal Apotek,"Kongensgade 28, 5960 Marstal",5960,Marstal,54.855400,10.517799
Apotek,Bramdrupdam Apotek,"Centervej 5, 6000 Kolding",6000,Kolding,55.521927,9.479044
Apotek,Kolding Krone Apotek,"Domhusgade 6, 6000 Kolding",6000,Kolding,55.484012,9.479266
Apotek,Kolding Løve Apotek,"Gefionvej 12A, 6000 Kolding",6000,Kolding,55.507752,9.508281
Apotek,Kolding Løve Apotek - Storcenter,"Skovvangen 42, 6000 Kolding",6000,Kolding,55.513923,9.460027
Apotek,Løve Apoteket Vonsildvej,"Vonsildvej 1G, 6000 Kolding",6000,Kolding,55.468837,9.471735
Apotek,Ulve Apoteket - Kolding Sønderbro,"Søndergade 7, 6000 Kolding",6000,Kolding,55.488658,9.473168
Apotek,Ulve Apoteket - Munkebo,"Palmealle 2K, 6000 Kolding",6000,Kolding,55.501216,9.456449
Apotek,Egtved Apotek,"Aftensang 8K, 6040 Egtved",6040,Egtved,55.619649,9.307306
Apotek,Christiansfeld Apotek,"Lindegade 35C, 6070 Christiansfeld",6070,Christiansfeld,55.356317,9.486335
Apotek,Haderslev Hjorte Apotek,"Bispebroen 2, 6100 Haderslev",6100,Haderslev,55.250847,9.485180
Apotek,Haderslev Krone Apotek,"Bredgade 12, 6100 Haderslev",6100,Haderslev,55.255132,9.482988
Apotek,Haderslev Løve Apotek,"Jomfrustien 40, 6100 Haderslev",6100,Haderslev,55.250575,9.496761
Apotek,Aabenraa Hjorte Apotek,"Madevej 31, 6200 Aabenraa",6200,Aabenraa,55.045810,9.419947
Apotek,Aabenraa Løve Apotek,"Madevej 9, 6200 Aabenraa",6200,Aabenraa,55.043844,9.420490
Apotek,Aabenraa Svane Apotek,"Opnørplads 1, 6200 Aabenraa",6200,Aabenraa,55.043531,9.422558
Apotek,Rødekro Apotek,"Østergade 6, 6230 Rødekro",6230,Rødekro,55.069986,9.336059
Apotek,Løgumkloster Apotek,"Østergade 5B, 6240 Løgumkloster",6240,Løgumkloster,55.058740,8.953736
Apotek,Tønder Løve Apotek,"Plantagevej 40, 6270 Tønder",6270,Tønder,54.939486,8.855129
Apotek,Højer Apoteksudsalg,"Skolegade 8, 6280 Højer",6280,Højer,54.963834,8.694089
Apotek,Gråsten Apotek,"Sundsnæs 13, 6300 Gråsten",6300,Gråsten,54.910863,9.588812
Apotek,Broager Apotek,"Storegade 6A, 6310 Broager",6310,Broager,54.889535,9.674044
Apotek,Padborg Apotek,"Bovvej 9, 6330 Padborg",6330,Padborg,54.826080,9.362503
Apotek,Tinglev Apotek,"Jernbanegade 1, 6360 Tinglev",6360,Tinglev,54.936595,9.257187
Apotek,Apoteket Borgen,"Kastanie Alle 13, 6400 Sønderborg",6400,Sønderborg,54.908475,9.790680
Apotek,Sønderborg Jernbane Apotek,"Jernbanegade 10, 6400 Sønderborg",6400,Sønderborg,54.910438,9.793240
Apotek,"Sønderborg Løve Apotek, Center Øst","Grundtvigs Alle 179, 6400 Sønderborg",6400,Sønderborg,54.921050,9.808327
Apotek,"Sønderborg Løve Apotek, Perlegade","Perlegade 28, 6400 Sønderborg",6400,Sønderborg,54.910961,9.791319
Apotek,Guderup Apoteksudsalg,"Mosevej 1, 6430 Nordborg",6430,Nordborg,54.990289,9.865680
Apotek,Nordborg Apotek,"Storegade 28, 6430 Nordborg",6430,Nordborg,55.057529,9.745215
Apotek,Augustenborg Apotek,"Storegade 41, 6440 Augustenborg",6440,Augustenborg,54.946021,9.871361
Apotek,Høruphav Apoteksudsalg,"Vimmelskaftet 2B, 6470 Sydals",6470,Sydals,54.910239,9.893410
Apotek,Vojens Apotek,"Rådhuscentret 11A, 6500 Vojens",6500,Vojens,55.246032,9.291346
Apotek,Gram Apotek,"Torvet 4, 6510 Gram",6510,Gram,55.288434,9.048864
Apotek,Toftlund Apotek,"Søndergade 2, 6520 Toftlund",6520,Toftlund,55.192510,9.063772
Apotek,Vamdrup Apotek,"Torvet 6, 6580 Vamdrup",6580,Vamdrup,55.425955,9.283172
Apotek,Vejen Apotek,"Mindevej 1, 6600 Vejen",6600,Vejen,55.474886,9.137976
Apotek,Vejen Trolde Apotek,"Rådhuspassagen 1, 6600 Vejen",6600,Vejen,55.476903,9.136977
Apotek,Rødding Apotek,"Kongevej 2, 6630 Rødding",6630,Rødding,55.369005,9.059543
Apotek,Lunderskov Apotek,"Iver Dahlsvej 4, 6640 Lunderskov",6640,Lunderskov,55.480289,9.298945
Apotek,Brørup Apotek,"Søndergade 17, 6650 Brørup",6650,Brørup,55.481536,9.018128
Apotek,Holsted Apotek,"Søndergade 16, 6670 Holsted",6670,Holsted,55.509970,8.916979
Apotek,Esbjerg Neptun Apotek,"Stormgade 2, 6700 Esbjerg",6700,Esbjerg,55.466803,8.442990
Apotek,Krone Apoteket Broen,"Jernbanegade 9, 6700 Esbjerg",6700,Esbjerg,55.465366,8.458028
Apotek,Esbjerg Jerne Apotek,"Strandby Kirkevej 80, 6705 Esbjerg Ø",6705,Esbjerg Ø,55.478827,8.480066
Apotek,Hjerting Apotek,"Bytoften 24, 6710 Esbjerg V",6710,Esbjerg V,55.526463,8.358200
Apotek,Neptun Apotek Sædding,"Fyrvej 34K, 6710 Esbjerg V",6710,Esbjerg V,55.497718,8.405346
Apotek,Esbjerg City Nord Apotek,"Stormgade 157, 6715 Esbjerg N",6715,Esbjerg N,55.510758,8.455961
Apotek,Fanø Apotek,"Hovedgaden 64, 6720 Fanø",6720,Fanø,55.444779,8.403360
Apotek,Bramminge Apotek,"Storegade 2, 6740 Bramming",6740,Bramming,55.464698,8.702610
Apotek,Ribe Apotek,"Seminarievej 1, 6760 Ribe",6760,Ribe,55.331363,8.768608
Apotek,Skærbæk Apotek,"Storegade 40, 6780 Skærbæk",6780,Skærbæk,55.158516,8.762716
Apotek,Varde Apotek,"Vestergade 3, 6800 Varde",6800,Varde,55.620803,8.479618
Apotek,Varde Østervold Apotek,"Østervold 5, 6800 Varde",6800,Varde,55.623784,8.482746
Apotek,Nørre Nebel Apotek,"Bredgade 45, 6830 Nørre Nebel",6830,Nørre Nebel,55.779319,8.291007
Apotek,Oksbøl Apotek,"Vestergade 14, 6840 Oksbøl",6840,Oksbøl,55.625363,8.278070
Apotek,Ølgod Apotek,"Torvet 4, 6870 Ølgod",6870,Ølgod,55.807500,8.619862
Apotek,Tarm Apotek,"Storegade 27, 6880 Tarm",6880,Tarm,55.907128,8.521025
Apotek,Skjern Apotek,"Bredgade 44B, 6900 Skjern",6900,Skjern,55.947037,8.494290
Apotek,Videbæk Apotek,"Bredgade 32, 6920 Videbæk",6920,Videbæk,56.091354,8.630562
Apotek,Kibæk Apoteksudsalg,"Sandfeldparken 16, 6933 Kibæk",6933,Kibæk,56.035437,8.851126
Apotek,Ringkøbing Løve Apotek,"Torvegade 5B, 6950 Ringkøbing",6950,Ringkøbing,56.090663,8.242072
Apotek,Søndervig Apotek,"Badevej 1, 6950 Ringkøbing",6950,Ringkøbing,56.118687,8.116467
Apotek,Hvide Sande Apoteksudsalg,"Metheasvej 1, 6960 Hvide Sande",6960,Hvide Sande,55.999097,8.126803
Apotek,Ulfborg Apotek,"Bredgade 9, 6990 Ulfborg",6990,Ulfborg,56.272166,8.322218
Apotek,Fredericia Krone Apotek,"Prinsessegade 45, 7000 Fredericia",7000,Fredericia,55.565500,9.757841
Apotek,Fredericia Krone Apotek - Fredericia Sundhedshus,"Dronningensgade 97D, 7000 Fredericia",7000,Fredericia,55.563103,9.765944
Apotek,Fredericia Krone Apotek - Nymarksvej,"Nymarksvej 39A, 7000 Fredericia",7000,Fredericia,55.575730,9.760608
Apotek,Fredericia Løve Apoteket Vestcentret,"Venusvej 10B, 7000 Fredericia",7000,Fredericia,55.568372,9.720871
Apotek,Løve Apoteket Lillebælt Løvbjerg,"Strevelinsvej 11, 7000 Fredericia",7000,Fredericia,55.535261,9.717794
Apotek,Børkop Apotek,"Ny Boder 16, 7080 Børkop",7080,Børkop,55.641517,9.650928
Apotek,Havne Apotek,"Strandgade 20, 7100 Vejle",7100,Vejle,55.708524,9.543406
Apotek,Nørremark Apotek Vejle,"Nørremark Center 10, 7100 Vejle",7100,Vejle,55.720531,9.559366
Apotek,Vejle Gorms Apotek,"Vestergade 29B, 7100 Vejle",7100,Vejle,55.712974,9.536400
Apotek,Vejle Løve Apotek,"Søndergade 29, 7100 Vejle",7100,Vejle,55.706109,9.532714
Apotek,Vejle St. Thomas Apotek,"Nørretorv 1B, 7100 Vejle",7100,Vejle,55.711180,9.535934
Apotek,Vindinggård Apotek,"Vindinggård Center 29, 7100 Vejle",7100,Vejle,55.687844,9.552799
Apotek,Bredballe Apotek,"Bredballe Center 12, 7120 Vejle Øst",7120,Vejle Øst,55.718812,9.608564
Apotek,Juelsminde Apotek,"Søgade 3, 7130 Juelsminde",7130,Juelsminde,55.715163,10.011022
Apotek,Fønix Apoteket - Tørring,"Bredgade 19, 7160 Tørring",7160,Tørring,55.850464,9.480798
Apotek,Billund Apotek,"Gammelbro 64, 7190 Billund",7190,Billund,55.729644,9.114879
Apotek,Grindsted Apotek,"Borgergade 29, 7200 Grindsted",7200,Grindsted,55.756241,8.931168
Apotek,Grindsted Lyng Apotek,"Vestergade 37, 7200 Grindsted",7200,Grindsted,55.758497,8.921494
Apotek,Jelling Apotek,"Gorms Torv 5, 7300 Jelling",7300,Jelling,55.755748,9.417775
Apotek,Give Apotek,"Østergade 8A, 7323 Give",7323,Give,55.845720,9.238827
Apotek,Brande Apotek,"Storegade 13, 7330 Brande",7330,Brande,55.944012,9.126498
Apotek,Apoteket HerningCentret,"Merkurvej 1C, 7400 Herning",7400,Herning,56.135462,8.999768
Apotek,Apoteket Porshøj,"Fruehøjvej 41, 7400 Herning",7400,Herning,56.144528,8.962091
Apotek,Dæmningens Apotek,"Dæmningen 17, 7400 Herning",7400,Herning,56.132610,8.960490
Apotek,Herning Løve Apotek,"Bredgade 45, 7400 Herning",7400,Herning,56.136053,8.969975
Apotek,Herning Østergades Apotek,"Østergade 5, 7400 Herning",7400,Herning,56.136400,8.975910
Apotek,Ikast Apotek,"Østergade 15, 7430 Ikast",7430,Ikast,56.139665,9.157556
Apotek,Ikast Apotek Vest,"Thomas Poulsens Allé 4, 7430 Ikast",7430,Ikast,56.137983,9.145739
Apotek,Karup Apotek,"Herningvej 2, 7470 Karup J",7470,Karup J,56.309003,9.165566
Apotek,Vildbjerg Apotek,"Bredgade 33, 7480 Vildbjerg",7480,Vildbjerg,56.200803,8.767596
Apotek,Aulum Apotek,"Skolegade 2, 7490 Aulum",7490,Aulum,56.265681,8.797093
Apotek,Holstebro Koala Apotek,"Nørregade 58, 7500 Holstebro",7500,Holstebro,56.362164,8.619353
Apotek,Holstebro Løveapotek,"Store Torv 8, 7500 Holstebro",7500,Holstebro,56.357961,8.617325
Apotek,Nyholm Apotek,"Nyholmvej 9, 7500 Holstebro",7500,Holstebro,56.377847,8.622179
Apotek,Struer Apotek,"Østergade 11, 7600 Struer",7600,Struer,56.492153,8.593342
Apotek,Lemvig Apotek,"Vasen 6, 7620 Lemvig",7620,Lemvig,56.549545,8.310039
Apotek,Bøvlingbjerg Apotek,"Fårevej 143, 7650 Bøvlingbjerg",7650,Bøvlingbjerg,56.438550,8.202355
Apotek,Thyborøn Apoteksudsalg,"Bredgade 7, 7680 Thyborøn",7680,Thyborøn,56.704546,8.219355
Apotek,Apoteket Lille Torv Thisted,"Torvegade 3, 7700 Thisted",7700,Thisted,56.955193,8.691285
Apotek,Thisted Løve Apotek,"Sydhavnsvej 11, 7700 Thisted",7700,Thisted,56.951606,8.692864
Apotek,Thisted Svane Apotek,"Kalkengen 4, 7700 Thisted",7700,Thisted,56.968949,8.687240
Apotek,Hanstholm Apotek,"Bytorvet 20, 7730 Hanstholm",7730,Hanstholm,57.112969,8.606710
Apotek,Hurup Apotek,"Østre Alle 1, 7760 Hurup Thy",7760,Hurup Thy,56.749689,8.422740
Apotek,Egeris Apotek,"Kirke Alle 96, 7800 Skive",7800,Skive,56.552012,9.029619
Apotek,Nørregades Apotek,"Nørregade 16, 7800 Skive",7800,Skive,56.567882,9.026983
Apotek,Skive Løve Apotek,"Posthustorvet 1A, 7800 Skive",7800,Skive,56.565343,9.026468
Apotek,Skive Løve Apotek City Vest,"Holstebrovej 68b, 7800 Skive",7800,Skive,56.569346,9.004994
Apotek,Skive Svane Apotek,"Marius Jensens Vej 1A, 7800 Skive",7800,Skive,56.563555,9.030384
Apotek,Vinderup Apotek,"Søndergade 7, 7830 Vinderup",7830,Vinderup,56.481164,8.779083
Apotek,Stoholm Apotek,"Vestergade 10, 7850 Stoholm Jyll",7850,Stoholm Jyll,56.485745,9.149061
Apotek,Balling Apotek,"Vestergade 1D, 7860 Spøttrup",7860,Spøttrup,56.613597,8.878915
Apotek,Roslev Apotek,"Helsevænget 2, 7870 Roslev",7870,Roslev,56.699942,8.977331
Apotek,Nykøbing Mors Sct. Clemens Apotek,"Algade 3, 7900 Nykøbing M",7900,Nykøbing M,56.795743,8.860927
Apotek,Øster Jølby Apotek,"Doktor Lunds Vej 4, 7950 Erslev",7950,Erslev,56.833391,8.718942
Apotek,Aarhus Ceres Apotek,"Ceres Allé 18, 8000 Aarhus C",8000,Aarhus C,56.155213,10.188568
Apotek,Aarhus Jernbane Apotek,"Banegårdspladsen 8, 8000 Aarhus C",8000,Aarhus C,56.150829,10.203975
Apotek,Aarhus Løve Apotek,"Store Torv 5, 8000 Aarhus C",8000,Aarhus C,56.157283,10.208723
Apotek,Aarhus Sct. Lukas Apotek,"Frederiks Allé 178, 8000 Aarhus C",8000,Aarhus C,56.146225,10.193256
Apotek,Aarhus Ø Apotek,"Bernhardt Jensens Boulevard 81, 8000 Aarhus C",8000,Aarhus C,56.165573,10.225227
Apotek,Bruuns Apotek,"Værkmestergade 27, 8000 Aarhus C",8000,Aarhus C,56.149147,10.204793
Apotek,Langenæs Apotek,"Skanderborgvej 18, 8000 Aarhus C",8000,Aarhus C,56.143111,10.186647
Apotek,Aarhus Stjerne Apotek,"Stjernepladsen 12, 8200 Aarhus N",8200,Aarhus N,56.174619,10.203264
Apotek,Aarhus Trøjborg Apotek,"Tordenskjoldsgade 30, 8200 Aarhus N",8200,Aarhus N,56.170821,10.216310
Apotek,Skejby Apotek,"Skelagervej 7, 8200 Aarhus N",8200,Aarhus N,56.193985,10.194184
Apotek,Storcenter Nord Apotek,"Finlandsgade 17D, 8200 Aarhus N",8200,Aarhus N,56.170878,10.188211
Apotek,Hasle Apotek,"Viborgvej 150, 8210 Aarhus V",8210,Aarhus V,56.168123,10.162946
Apotek,Aarhus City Vest Apotek,"Gudrunsvej 7, 8220 Brabrand",8220,Brabrand,56.155132,10.134800
Apotek,Aarhus Åbyhøj Apotek,"Haslevej 17, 8230 Åbyhøj",8230,Åbyhøj,56.156489,10.164690
Apotek,Aarhus Vejlby Apotek,"Vejlbygade 16A, 8240 Risskov",8240,Risskov,56.195560,10.216862
Apotek,Risskov Apotek,"Nordre Strandvej 15D, 8240 Risskov",8240,Risskov,56.192204,10.241443
Apotek,Veri Apotek,"Frijsenborgvej 5F, 8240 Risskov",8240,Risskov,56.189145,10.214827
Apotek,Egå Apotek,"Egå Havvej 2H, 8250 Egå",8250,Egå,56.211206,10.280068
Apotek,Aarhus Viby Apotek,"Viby Ringvej 4A, 8260 Viby J",8260,Viby J,56.129270,10.162014
Apotek,Mega Syd Apotek,"Ringvej Syd 100F, 8260 Viby J",8260,Viby J,56.117337,10.150785
Apotek,Aarhus Marselisborg Apotek,"Rundhøj Allé 3, 8270 Højbjerg",8270,Højbjerg,56.120213,10.180998
Apotek,Kridthøj Apotek,"Olaf Rudes Vej 22, 8270 Højbjerg",8270,Højbjerg,56.117947,10.194810
Apotek,Apoteket Nørregade-Odder,"Nørregade 6, 8300 Odder",8300,Odder,55.974812,10.148221
Apotek,Odder Apotek,"Rosensgade 14, 8300 Odder",8300,Odder,55.972543,10.147426
Apotek,Samsø Apotek,"Langgade 6A, 8305 Samsø",8305,Samsø,55.831948,10.594847
Apotek,Tranbjerg Apotek,"Kirketorvet 18, 8310 Tranbjerg J",8310,Tranbjerg J,56.090328,10.138204
Apotek,Beder Apotek,"Byvej 2, 8330 Beder",8330,Beder,56.058939,10.206492
Apotek,Malling Apotek,"Stationspladsen 5G, 8340 Malling",8340,Malling,56.037495,10.191694
Apotek,Solbjerg Apotek,"Solbjerg Hedevej 4D, 8355 Solbjerg",8355,Solbjerg,56.044697,10.083326
Apotek,Hørning Apotek,"Nørre Alle 36, 8362 Hørning",8362,Hørning,56.086780,10.038267
Apotek,Hadsten Apotek,"Vesselbjergvej 8, 8370 Hadsten",8370,Hadsten,56.328253,10.047734
Apotek,Tilst Apotek,"Agerøvej 7, 8381 Tilst",8381,Tilst,56.182718,10.104750
Apotek,Hinnerup Apotek,"Storegade 5, 8382 Hinnerup",8382,Hinnerup,56.264051,10.062064
Apotek,Ebeltoft Apotek,"Bryggerivej 4, 8400 Ebeltoft",8400,Ebeltoft,56.199712,10.681029
Apotek,Fregat Apotek,"Østeralle 16, 8400 Ebeltoft",8400,Ebeltoft,56.196117,10.680386
Apotek,Rønde Apotek,"Ceresvej 16, 8410 Rønde",8410,Rønde,56.300487,10.479004
Apotek,Mols Apoteksudsalg,"Knebel Bygade 21B, 8420 Knebel",8420,Knebel,56.213518,10.487472
Apotek,Hammel Frijsenborg Apotek,"Østergade 1B, 8450 Hammel",8450,Hammel,56.256160,9.864800
Apotek,Harlev Apoteksudsalg,"Gammel Stillingvej 427A, 8462 Harlev J",8462,Harlev J,56.145389,10.000610
Apotek,Galten Apotek,"Torvet 3, 8464 Galten",8464,Galten,56.155216,9.904189
Apotek,Grenaa Apotek,"Kannikegade 12, 8500 Grenaa",8500,Grenaa,56.412174,10.876269
Apotek,Kattegat Apotek,"Østerbrogade 41, 8500 Grenaa",8500,Grenaa,56.414072,10.886158
Apotek,Lystrup Apotek,"Lystrup Centervej 85, 8520 Lystrup",8520,Lystrup,56.237572,10.234080
Apotek,Webapoteket / Gazelle Online Apotek,"Møgelgårdsvej 6, 8520 Lystrup",8520,Lystrup,56.230918,10.239357
Apotek,Løgten Apotek,"Bytorvet 1A, 8541 Skødstrup",8541,Skødstrup,56.276779,10.315573
Apotek,Hornslet Apotek,"Byvej 8, 8543 Hornslet",8543,Hornslet,56.316501,10.320320
Apotek,Kolind Apotek,"Drasbeksgade 16, 8560 Kolind",8560,Kolind,56.362725,10.588262
Apotek,Silkeborg Center Nord Apotek,"Viborgvej 21B, 8600 Silkeborg",8600,Silkeborg,56.185314,9.541081
Apotek,Silkeborg Himmelbjerg Apotek,"Borgergade 20, 8600 Silkeborg",8600,Silkeborg,56.177191,9.554529
Apotek,Silkeborg Nørrevænget Apotek,"Viborgvej 24, 8600 Silkeborg",8600,Silkeborg,56.185709,9.545256
Apotek,Silkeborg Svane Apotek,"Torvet 9, 8600 Silkeborg",8600,Silkeborg,56.169871,9.549926
Apotek,Silkeborg Ørne Apotek,"Vestergade 9B, 8600 Silkeborg",8600,Silkeborg,56.168714,9.547989
Apotek,Søtorvet Apotek,"Søtorvet 3, 8600 Silkeborg",8600,Silkeborg,56.173051,9.555588
Apotek,Kjellerup Apotek,"Bryggerstræde 5, 8620 Kjellerup",8620,Kjellerup,56.288690,9.431081
Apotek,Højvang Apotek Skanderborg,"Højvang Centret 1, 8660 Skanderborg",8660,Skanderborg,56.043828,9.947257
Apotek,Skanderborg Apotek,"Adelgade 61, 8660 Skanderborg",8660,Skanderborg,56.033349,9.931613
Apotek,Stilling Apotek,"Hotelvej 7, 8660 Skanderborg",8660,Skanderborg,56.061451,9.985355
Apotek,Ry Apotek,"Siimtoften 2, 8680 Ry",8680,Ry,56.093877,9.755190
Apotek,Firkløver Apoteket Bankager,"Bankagervej 111, 8700 Horsens",8700,Horsens,55.836154,9.832679
Apotek,Firkløver Apoteket Horsens,"Høegh Guldbergs Gade 10, 8700 Horsens",8700,Horsens,55.857571,9.852115
Apotek,Firkløver Apoteket Stensballe,"Sundgårdsvej 1, 8700 Horsens",8700,Horsens,55.872718,9.902812
Apotek,Firkløver Apoteket Søndergade,"Søndergade 37, 8700 Horsens",8700,Horsens,55.861973,9.849396
Apotek,Horsens Løve Apotek,"Nørretorv 2, 8700 Horsens",8700,Horsens,55.867963,9.845458
Apotek,Horsens Svane Apotek,"Grønlandsvej 1D, 8700 Horsens",8700,Horsens,55.859009,9.851583
Apotek,Hedensted Apotek,"Bytorvet 21B, 8722 Hedensted",8722,Hedensted,55.769450,9.701754
Apotek,Løsning Apotek,"Nørregade 2B, 8723 Løsning",8723,Løsning,55.803603,9.702052
Apotek,Hovedgård Apotek,"Ørridslevvej 1, 8732 Hovedgård",8732,Hovedgård,55.938166,9.955921
Apotek,Firkløver Apoteket Brædstrup,"Søndergade 32, 8740 Brædstrup",8740,Brædstrup,55.970034,9.610194
Apotek,Firkløver Apoteket Østbirk,"H C Andersensvej 2A, 8752 Østbirk",8752,Østbirk,55.969033,9.749341
Apotek,Fønix Apoteket - Nørre Snede,"Bredgade 22A, 8766 Nørre Snede",8766,Nørre Snede,55.966130,9.395017
Apotek,Hornsyld Apoteksudsalg,"Apotekerbakken 17, 8783 Hornsyld",8783,Hornsyld,55.754619,9.853089
Apotek,Engelsborg Apotek,"Fabrikvej 2, 8800 Viborg",8800,Viborg,56.466650,9.400520
Apotek,Hjultorvets Apotek,"Sct. Mathias Gade 66, 8800 Viborg",8800,Viborg,56.449579,9.408534
Apotek,Overlund Apotek,"Randersvej 68A, 8800 Viborg",8800,Viborg,56.452975,9.450839
Apotek,Sct. Mathias Apotek,"Dumpen 14, 8800 Viborg",8800,Viborg,56.448688,9.404894
Apotek,Viborg Løve Apotek,"Koldingvej 130, 8800 Viborg",8800,Viborg,56.430253,9.386934
Apotek,Viborg Rådhus Apotek,"Farvervej 2G, 8800 Viborg",8800,Viborg,56.460782,9.399609
Apotek,Viborg Svane Apotek,"Ll. Sct. Peder Stræde 8, 8800 Viborg",8800,Viborg,56.448309,9.407788
Apotek,Hammershøj Apotek,"Randersvej 8, 8830 Tjele",8830,Tjele,56.499373,9.751782
Apotek,Bjerringbro Apotek,"Nørregade 4B, 8850 Bjerringbro",8850,Bjerringbro,56.375045,9.658335
Apotek,Langå Apotek,"Bredgade 18, 8870 Langå",8870,Langå,56.390457,9.895038
Apotek,Apoteket Thors Bakke,"Biografgade 3, 8900 Randers C",8900,Randers C,56.463287,10.037834
Apotek,Randers Jernbane Apotek,"Vestertorv 2, 8900 Randers C",8900,Randers C,56.460966,10.030929
Apotek,Randers Løve Apotek,"Østervold 24, 8900 Randers C",8900,Randers C,56.460765,10.038965
Apotek,Randers Sønderbros Apotek,"Dytmærsken 10, 8900 Randers C",8900,Randers C,56.458961,10.038688
Apotek,Hornbæk Løve Apotek,"Viborgvej 102A, 8920 Randers NV",8920,Randers NV,56.466680,9.995403
Apotek,Randers Nord Apotek,"Mariagervej 175, 8920 Randers NV",8920,Randers NV,56.482410,10.024960
Apotek,Kristrup Løve Apotek,"Valdemarsvej 1, 8960 Randers SØ",8960,Randers SØ,56.447052,10.055121
Apotek,Paderup Løve Apotek,"Merkurvej 55, 8960 Randers SØ",8960,Randers SØ,56.429699,10.063900
Apotek,Randers Syd Apotek,"Marsvej 30, 8960 Randers SØ",8960,Randers SØ,56.428073,10.059372
Apotek,Auning Apotek,"Centervej 4C, 8963 Auning",8963,Auning,56.431487,10.374868
Apotek,Aalborg Budolfi Apotek,"Algade 60, 9000 Aalborg",9000,Aalborg,57.048421,9.916111
Apotek,Aalborg Løve Apotek,"Nytorv 3, 9000 Aalborg",9000,Aalborg,57.048709,9.922565
Apotek,Aalborg Reberbane Apotek,"Reberbansgade 25, 9000 Aalborg",9000,Aalborg,57.049642,9.911378
Apotek,Aalborg Vejgaard Apotek,"Hadsundvej 33B, 9000 Aalborg",9000,Aalborg,57.041808,9.951263
Apotek,Hasseris Apotek,"Hasseris Bymidte 9, 9000 Aalborg",9000,Aalborg,57.036312,9.883549
Apotek,Kennedy Apotek,"John F. Kennedys Plads 1E, 9000 Aalborg",9000,Aalborg,57.042328,9.919040
Apotek,Skipperen Apotek,"Vestre Alle 7, 9000 Aalborg",9000,Aalborg,57.033344,9.907563
Apotek,Slotsgade Apotek,"Slotsgade 10, 9000 Aalborg",9000,Aalborg,57.047423,9.924899
Apotek,Aalborg Storcenter Apotek,"Hobrovej 452, 9200 Aalborg SV",9200,Aalborg SV,57.004798,9.874147
Apotek,Skalborg Apotek,"Otto Mønsteds Vej 1, 9200 Aalborg SV",9200,Aalborg SV,57.014637,9.894675
Apotek,Aalborg Aalborghus Apotek,"Grønlands Torv 10, 9210 Aalborg SØ",9210,Aalborg SØ,57.022628,9.941685
Apotek,Aalborg Ø Fyrkilden,"Fyrkildevej 3, 9220 Aalborg Øst",9220,Aalborg Øst,57.027054,10.004482
Apotek,Universitets Apotek Aalborg,"Niels Bohrs Vej 44, 9220 Aalborg Øst",9220,Aalborg Øst,57.017951,9.993215
Apotek,Svenstrup Apotek,"Godthåbsvej 12, 9230 Svenstrup J",9230,Svenstrup J,56.973080,9.851644
Apotek,Nibe Apotek,"Mellemgade 9, 9240 Nibe",9240,Nibe,56.982554,9.637979
Apotek,Storvorde Sejlflod Apotek,"Rødhøjvej 20B, 9280 Storvorde",9280,Storvorde,57.002744,10.093406
Apotek,Sæby Apotek,"Søndergade 7, 9300 Sæby",9300,Sæby,57.334935,10.520419
Apotek,Vodskov Apotek,"Vodskovvej 41, 9310 Vodskov",9310,Vodskov,57.104716,10.029446
Apotek,Hjallerup Apotek,"Søndergade 6, 9320 Hjallerup",9320,Hjallerup,57.168620,10.145331
Apotek,Dronninglund Apotek,"Slotsgade 64, 9330 Dronninglund",9330,Dronninglund,57.159239,10.289614
Apotek,Hals Apotek,"Havnegade 7A, 9370 Hals",9370,Hals,56.993237,10.307221
Apotek,Aalborg Nørresundby Apotek,"Torvet 3A, 9400 Nørresundby",9400,Nørresundby,57.058680,9.923120
Apotek,Lindholm Apotek,"Lindholm Nærbanevej 3, 9400 Nørresundby",9400,Nørresundby,57.066699,9.903467
Apotek,Solsidens Apotek,"Vestergade 30, 9400 Nørresundby",9400,Nørresundby,57.059710,9.918160
Apotek,Aabybro Apotek,"Østergade 36, 9440 Aabybro",9440,Aabybro,57.159473,9.732497
Apotek,Brovst Apotek,"Østergade 16, 9460 Brovst",9460,Brovst,57.097323,9.524827
Apotek,Løkken Apotek,"Jyllandsgade 13, 9480 Løkken",9480,Løkken,57.368498,9.712067
Apotek,Pandrup Apotek,"Bredgade 3, 9490 Pandrup",9490,Pandrup,57.224958,9.677406
Apotek,Apoteket Fyrkat,"Thurøvej 9, 9500 Hobro",9500,Hobro,56.625792,9.805498
Apotek,Hobro Apotek,"Adelgade 18, 9500 Hobro",9500,Hobro,56.639390,9.793265
Apotek,Arden Apotek,"Skovvej 4, 9510 Arden",9510,Arden,56.769309,9.858894
Apotek,Skørping Apotek,"Sverriggårdsvej 10, 9520 Skørping",9520,Skørping,56.836423,9.889260
Apotek,Støvring Apotek,"Hobrovej 84, 9530 Støvring",9530,Støvring,56.890087,9.836797
Apotek,Mariager Apotek,"Østergade 10, 9550 Mariager",9550,Mariager,56.651553,9.983600
Apotek,Hadsund Apotek,"Storegade 23, 9560 Hadsund",9560,Hadsund,56.716264,10.113976
Apotek,Terndrup Apotek,"Hadsundvej 7, 9575 Terndrup",9575,Terndrup,56.813490,10.058173
Apotek,Aars Apotek,"Søndergade 34, 9600 Aars",9600,Aars,56.802082,9.519407
Apotek,Aalestrup Apotek,"Jernbanegade 6, 9620 Aalestrup",9620,Aalestrup,56.694586,9.495437
Apotek,Farsø Apotek,"Torvet 8, 9640 Farsø",9640,Farsø,56.771247,9.340172
Apotek,Løgstør Apotek,"Østerbrogade 1B, 9670 Løgstør",9670,Løgstør,56.966476,9.251817
Apotek,Fjerritslev Apotek,"Østergade 11, 9690 Fjerritslev",9690,Fjerritslev,57.088290,9.267735
Apotek,Brønderslev Apotek,"Peder Møllers Plads 10, 9700 Brønderslev",9700,Brønderslev,57.268787,9.948231
Apotek,Brønderslev Løve Apotek,"Arkaden 12, 9700 Brønderslev",9700,Brønderslev,57.266726,9.947351
Apotek,Østervrå Apotek,"Industrivej 10, 9750 Østervrå",9750,Østervrå,57.340584,10.238433
Apotek,Vrå Apotek,"Jernbanegade 6, 9760 Vrå",9760,Vrå,57.353979,9.942126
Apotek,Hjørring Hjorte Apotek,"Frederikshavnsvej 44, 9800 Hjørring",9800,Hjørring,57.455770,10.005647
Apotek,Hjørring Løve Apotek,"Østergade 7A, 9800 Hjørring",9800,Hjørring,57.459744,9.988164
Apotek,Hirtshals Apotek,"Jørgen Fibigersgade 18, 9850 Hirtshals",9850,Hirtshals,57.590505,9.959921
Apotek,Sindal Apotek,"Vestergade 2A, 9870 Sindal",9870,Sindal,57.470957,10.201408
Apotek,Fladstrand Apotek,"H.C. Ørsteds Vej 5, 9900 Frederikshavn",9900,Frederikshavn,57.445231,10.497205
Apotek,Frederikshavn Løve Apotek,"Hangaardsvej 7, 9900 Frederikshavn",9900,Frederikshavn,57.438806,10.534145
Apotek,Frederikshavn Svane Apotek,"Søndergade 3B, 9900 Frederikshavn",9900,Frederikshavn,57.437458,10.534485
Apotek,Rådhusapoteket Frederikshavn,"Rådhus Alle 83, 9900 Frederikshavn",9900,Frederikshavn,57.439027,10.531599
Apotek,Ålbæk Apoteksudsalg,"Centralvej 2C, 9982 Ålbæk",9982,Ålbæk,57.593555,10.411869
Apotek,Skagen Apotek,"Sct. Laurentii Vej 44, 9990 Skagen",9990,Skagen,57.722350,10.588986
Bog & idé,Bog & idé Fisketorvet,"Havneholmen 3, 1561 København V",1561,København V,55.661577,12.560693
Bog & idé,Bog & idé Vesterbrogade,"Vesterbrogade 71, 1620 København V",1620,København V,55.672552,12.551003
Bog & idé,Bog & idé Frederiksberg Klein,"Gammel Kongevej 125, 1850 Frederiksberg C",1850,Frederiksberg C,55.676141,12.542233
Bog & idé,Bog & idé Frederiksberg Centret,"Solbjergvej 2C, 2000 Frederiksberg",2000,Frederiksberg,55.681583,12.532677
Bog & idé,Bog & idé Østerbro,"Østerbrogade 54, 2100 København Ø",2100,København Ø,55.697508,12.579575
Bog & idé,Bog & idé Nørrebro Steenberg,"Nørrebrogade 163, 2200 København N",2200,København N,55.695246,12.547250
Bog & idé,Bog & idé Amager Centret,"Reberbanegade 3, 2300 København S",2300,København S,55.662891,12.603731
Bog & idé,Bog & idé Fields,"Ørestads Boulevard 94, 2300 København S",2300,København S,55.629858,12.577557
Bog & idé,Bog & idé Nørrebro Bycenter,"Lygten 39, 2400 København NV",2400,København NV,55.704663,12.538326
Bog & idé,Bog & idé Valby,"Valby Torvegade 15, 2500 Valby",2500,Valby,55.664695,12.511538
Bog & idé,Bog & idé Glostrup Shoppingcenter,"Glostrup Shoppingcenter 68, 2600 Glostrup",2600,Glostrup,55.664722,12.399866
Bog & idé,Bog & idé Rødovre,"Rødovre Centrum 1G, 2610 Rødovre",2610,Rødovre,55.678986,12.456213
Bog & idé,Bog & idé City2 Taastrup,"Cityringen 2, 2630 Taastrup",2630,Taastrup,55.644497,12.274845
Bog & idé,"Bog & idé Greve, Waves shoppingcenter","Over Bølgen 5, 2670 Greve",2670,Greve,55.598661,12.327374
Bog & idé,Bog & idé Vanløse,"Vanløse Torv 2, 2720 Vanløse",2720,Vanløse,55.687724,12.490453
Bog & idé,Bog & idé Herlev,"Herlev Torv 24D, 2730 Herlev",2730,Herlev,55.723532,12.439820
Bog & idé,Bog & idé Ballerup Centret,"Banetoften 3C, 2750 Ballerup",2750,Ballerup,55.729036,12.357415
Bog & idé,Bog & idé Lyngby Storcenter,"Lyngby Storcenter 1, 2800 Kongens Lyngby",2800,Kongens Lyngby,55.771057,12.504943
Bog & idé,Bog & idé Holte,"Holte Midtpunkt 23, 2840 Holte",2840,Holte,55.811360,12.471314
Bog & idé,Bog & idé Nærum,"Nærumvænge Torv 16, 2850 Nærum",2850,Nærum,55.814391,12.529759
Bog & idé,Bog & idé Søborg,"Søborg Hovedgade 117, 2860 Søborg",2860,Søborg,55.736411,12.508555
Bog & idé,Bog & idé Bagsværd,"Bagsværd Hovedgade 138, 2880 Bagsværd",2880,Bagsværd,55.761149,12.454214
Bog & idé,Bog & idé Hellerup,"Strandvejen 96, 2900 Hellerup",2900,Hellerup,55.732063,12.575941
Bog & idé,Bog & idé Charlottenlund,"Jensløvsvej 1, 2920 Charlottenlund",2920,Charlottenlund,55.753178,12.571895
Bog & idé,Bog & idé Hørsholm,"Hovedgaden 28, 2970 Hørsholm",2970,Hørsholm,55.878783,12.498430
Bog & idé,Bog & idé Helsingør,"Stengade 23A, 3000 Helsingør",3000,Helsingør,56.033306,12.609603
Bog & idé,Bog & idé Espergærde,"Vester Torv 13, 3060 Espergærde",3060,Espergærde,55.994818,12.544440
Bog & idé,Bog & idé Helsinge,"Østergade 17, 3200 Helsinge",3200,Helsinge,56.022756,12.200535
Bog & idé,Bog & idé Frederiksværk,"Nørregade 38, 3300 Frederiksværk",3300,Frederiksværk,55.976975,12.019067
Bog & idé,Bog & idé Hillerød Slotsarkaderne,"Slotsarkaderne 11, 3400 Hillerød",3400,Hillerød,55.929211,12.299061
Bog & idé,Bog & idé Allerød,"M D Madsensvej 8, 3450 Allerød",3450,Allerød,55.870461,12.354677
Bog & idé,Bog & idé Birkerød,"Hovedgaden 37A, 3460 Birkerød",3460,Birkerød,55.840782,12.431453
Bog & idé,Bog & idé Farum,"Farum Bytorv 64, 3520 Farum",3520,Farum,55.814332,12.381107
Bog & idé,Bog & idé Frederikssund,"Nygade 1A, 3600 Frederikssund",3600,Frederikssund,55.835502,12.064459
Bog & idé,Bog & idé Nexø,"Torvet 1, 3730 Nexø",3730,Nexø,55.062720,15.132534
Bog & idé,"Bog & idé Roskilde, Ro's Torv","Ro's Torv 1, 4000 Roskilde",4000,Roskilde,55.642480,12.100890
Bog & idé,"Bog & idé Roskilde, Stændertorvet","Stændertorvet 4, 4000 Roskilde",4000,Roskilde,55.640980,12.080766
Bog & idé,Bog & idé Ringsted,"Sct Hansgade 9, 4100 Ringsted",4100,Ringsted,55.444636,11.790318
Bog & idé,Bog & idé Sorø,"Storgade 31, 4180 Sorø",4180,Sorø,55.434548,11.557052
Bog & idé,Bog & idé Slagelse,"Vestsjællandscentret 10D, 4200 Slagelse",4200,Slagelse,55.405776,11.355171
Bog & idé,Bog & idé Holbæk,"Ahlgade 66, 4300 Holbæk",4300,Holbæk,55.716893,11.714937
Bog & idé,Bog & idé Kalundborg,"Kordilgade 7, 4400 Kalundborg",4400,Kalundborg,55.680700,11.088604
Bog & idé,Bog & idé Nykøbing Sjælland,"Algade 32, 4500 Nykøbing Sj",4500,Nykøbing Sj,55.922387,11.669322
Bog & idé,Bog & idé Asnæs,"Asnæs Centret 2, 4550 Asnæs",4550,Asnæs,55.812156,11.500997
Bog & idé,Bog & idé Køge,"Nørregade 24D, 4600 Køge",4600,Køge,55.458321,12.183720
Bog & idé,Bog & idé Næstved Storcenter,"Næstved Storcenter 3, 4700 Næstved",4700,Næstved,55.253343,11.781517
Bog & idé,"Bog & idé Næstved,  Langes boghandel","Torvestræde 3, 4700 Næstved",4700,Næstved,55.230432,11.759179
Bog & idé,Bog & idé Vordingborg,"Algade 83B, 4760 Vordingborg",4760,Vordingborg,55.009028,11.908414
Bog & idé,Bog & idé Stege,"Storegade 12, 4780 Stege",4780,Stege,54.983162,12.283949
Bog & idé,Bog & idé Nykøbing Falster,"Østergågade 2A, 4800 Nykøbing F",4800,Nykøbing F,54.767467,11.867957
Bog & idé,Bog & idé Nakskov,"Søndergade 41, 4900 Nakskov",4900,Nakskov,54.829661,11.139253
Bog & idé,Bog & idé Maribo,"Lollands Centret 12, 4930 Maribo",4930,Maribo,54.774337,11.505000
Bog & idé,Bog & idé Odense City,"Vestergade 54, 5000 Odense C",5000,Odense C,55.395009,10.384469
Bog & idé,"Bog & idé Odense, Tarup Centret","Rugvang 36, 5210 Odense NV",5210,Odense NV,55.409631,10.339955
Bog & idé,Bog & idé Rosengårdcentret,"Ørbækvej 75C, 5220 Odense SØ",5220,Odense SØ,55.383226,10.428124
Bog & idé,Bog & idé Middelfart,"Algade 62, 5500 Middelfart",5500,Middelfart,55.504800,9.733857
Bog & idé,Bog & idé Aarup,"Bredgade 34, 5560 Aarup",5560,Aarup,55.380351,10.048465
Bog & idé,Bog & idé Faaborg,"Østergade 36, 5600 Faaborg",5600,Faaborg,55.094530,10.246021
Bog & idé,Bog & idé Assens,"Østergade 38, 5610 Assens",5610,Assens,55.269726,9.897115
Bog & idé,Bog & idé Svendborg,"Gerritsgade 28B, 5700 Svendborg",5700,Svendborg,55.059291,10.607969
Bog & idé,Bog & idé Ringe,"Kirkepladsen 2, 5750 Ringe",5750,Ringe,55.237921,10.478721
Bog & idé,Bog & idé Kolding City,"Østergade 12, 6000 Kolding",6000,Kolding,55.489868,9.473909
Bog & idé,Bog & idé Kolding Storcenter,"Skovvangen 42, 6000 Kolding",6000,Kolding,55.512872,9.459855
Bog & idé,Bog & idé Haderslev,"Bispegade 3, 6100 Haderslev",6100,Haderslev,55.249947,9.486236
Bog & idé,Bog & idé Aabenraa,"Ramsherred 28, 6200 Aabenraa",6200,Aabenraa,55.045971,9.418278
Bog & idé,"Bog & idé Tønder, Jefsen","Storegade 5, 6270 Tønder",6270,Tønder,54.935728,8.869819
Bog & idé,"Bog & idé Sønderborg, Borgen","Kastanie Alle 13, 6400 Sønderborg",6400,Sønderborg,54.908354,9.790641
Bog & idé,Bog & idé Vejen,"Rådhusstien 3, 6600 Vejen",6600,Vejen,55.477114,9.137965
Bog & idé,Bog & idé Esbjerg Broen,"Exnersgade 18, 6700 Esbjerg",6700,Esbjerg,55.465548,8.458604
Bog & idé,Bog & idé Esbjerg Kongensgade,"Kongensgade 23C, 6700 Esbjerg",6700,Esbjerg,55.466005,8.452957
Bog & idé,Bog & idé Ribe,"Mellemdammen 16, 6760 Ribe",6760,Ribe,55.329073,8.764184
Bog & idé,Bog & idé Varde,"Vestergade 18, 6800 Varde",6800,Varde,55.621396,8.479007
Bog & idé,Bog & idé Skjern,"Jernbanegade 14, 6900 Skjern",6900,Skjern,55.947510,8.494679
Bog & idé,Bog & idé Ringkøbing,"Nygade 12B, 6950 Ringkøbing",6950,Ringkøbing,56.090772,8.245464
Bog & idé,Bog & idé Fredericia,"Gothersgade 37, 7000 Fredericia",7000,Fredericia,55.564612,9.756885
Bog & idé,Bog & idé Vejle,"Rådhustorvet 7, 7100 Vejle",7100,Vejle,55.708282,9.532913
Bog & idé,Bog & idé Billund,"Butikstorvet 10E, 7190 Billund",7190,Billund,55.730077,9.115831
Bog & idé,Bog & idé Grindsted,"Vestergade 9, 7200 Grindsted",7200,Grindsted,55.757386,8.926258
Bog & idé,Bog & idé Herning Centret,"Merkurvej 111, 7400 Herning",7400,Herning,56.135445,9.000333
Bog & idé,Bog & idé Herning City,"Bredgade 35, 7400 Herning",7400,Herning,56.136048,8.971360
Bog & idé,Bog & idé Holstebro,"Nørregade 27, 7500 Holstebro",7500,Holstebro,56.360244,8.617428
Bog & idé,Bog & idé Struer,"Østergade 14A, 7600 Struer",7600,Struer,56.491914,8.593626
Bog & idé,Bog & idé Thisted,"Vestergade 14, 7700 Thisted",7700,Thisted,56.955019,8.688865
Bog & idé,"Bog & idé Skive, Nørregade","Nørregade 30, 7800 Skive",7800,Skive,56.568491,9.027387
Bog & idé,"Bog & idé Skive, Søndercenteret","Østerbro 3, 7800 Skive",7800,Skive,56.565613,9.032109
Bog & idé,Bog & idé Aarhus Bruuns Galleri,"Værkmestergade 27, 8000 Aarhus C",8000,Aarhus C,56.149148,10.204791
Bog & idé,Bog & idé Aarhus Søndergade,"Søndergade 20, 8000 Aarhus C",8000,Aarhus C,56.155048,10.207075
Bog & idé,Bog & idé Odder,"Rosensgade 8, 8300 Odder",8300,Odder,55.972610,10.148138
Bog & idé,Bog & idé Hinnerup,"Storegade 8, 8382 Hinnerup",8382,Hinnerup,56.263931,10.062368
Bog & idé,Bog & idé Ebeltoft,"Adelgade 10, 8400 Ebeltoft",8400,Ebeltoft,56.198493,10.678085
Bog & idé,Bog & idé Rønde,"Hovedgaden 6B, 8410 Rønde",8410,Rønde,56.299858,10.480586
Bog & idé,Bog & idé Hornslet,"Tingvej 13, 8543 Hornslet",8543,Hornslet,56.316720,10.317083
Bog & idé,Bog & idé Silkeborg,"Vestergade 8, 8600 Silkeborg",8600,Silkeborg,56.169073,9.547273
Bog & idé,Bog & idé Skanderborg,"Adelgade 82, 8660 Skanderborg",8660,Skanderborg,56.034476,9.932017
Bog & idé,Bog & idé Horsens,"Søndergade 44B, 8700 Horsens",8700,Horsens,55.861685,9.850899
Bog & idé,Bog & idé Viborg,"Sct. Mathias Centret 1, 8800 Viborg",8800,Viborg,56.448932,9.405260
Bog & idé,Bog & idé Randers City,"Rådhusstræde 2, 8900 Randers C",8900,Randers C,56.460571,10.037093
Bog & idé,Bog & idé Randers Storcenter,"Merkurvej 53, 8960 Randers SØ",8960,Randers SØ,56.430570,10.066260
Bog & idé,Bog & idé Aalborg Bispensgade,"Bispensgade 10F, 9000 Aalborg",9000,Aalborg,57.049576,9.920063
Bog & idé,Bog & idé Aalborg Nytorv,"Nytorv 3, 9000 Aalborg",9000,Aalborg,57.048709,9.922565
Bog & idé,Bog & idé Aalborg Storcenter,"Hobrovej 452C, 9200 Aalborg SV",9200,Aalborg SV,57.004554,9.873250
Bog & idé,Bog & idé Aabybro,"Aabybro Centret 1, 9440 Aabybro",9440,Aabybro,57.159608,9.733095
Bog & idé,Bog & idé Støvring,"Jernbanegade 9, 9530 Støvring",9530,Støvring,56.892208,9.838800
Bog & idé,Bog & idé Hadsund,"Storegade 14, 9560 Hadsund",9560,Hadsund,56.715761,10.113968
Bog & idé,Bog & idé Aars,"Himmerlandsgade 82, 9600 Aars",9600,Aars,56.803501,9.516310
Bog & idé,Bog & idé Brønderslev,"Algade 18, 9700 Brønderslev",9700,Brønderslev,57.268770,9.945797
Bog & idé,Bog & idé Hjørring Metropol,"Parallelvej 13, 9800 Hjørring",9800,Hjørring,57.456718,9.990455
Bog & idé,Bog & idé Hirtshals,"Hjørringgade 6, 9850 Hirtshals",9850,Hirtshals,57.590670,9.955062
Elgiganten,Elgiganten Strøget,"Østergade 47, 1100 København K",1100,København K,55.679154,12.581341
Elgiganten,Elgiganten Fisketorvet,"Havneholmen 5, 1561 København V",1561,København V,55.661464,12.561592
Elgiganten,Elgiganten Frederiksberg Centret,"Solbjerg Plads 4C, 2000 Frederiksberg",2000,Frederiksberg,55.681669,12.533778
Elgiganten,Elgiganten Trianglen,"Østerbrogade 62, 2100 København Ø",2100,København Ø,55.698238,12.578896
Elgiganten,Elgiganten Nørrebrogade,"Nørrebrogade 231, 2200 København N",2200,København N,55.699873,12.540097
Elgiganten,Elgiganten Amagerbrogade,"Reberbanegade 5, 2300 København S",2300,København S,55.662782,12.603980
Elgiganten,Elgiganten Field's,"Arne Jacobsens Allé 8, 2300 København S",2300,København S,55.630181,12.576074
Elgiganten,Elgiganten Glostrup,"Hovedvejen 169, 2600 Glostrup",2600,Glostrup,55.664009,12.381130
Elgiganten,Elgiganten Taastrup,"Taastrupgårdsvej 34, 2630 Taastrup",2630,Taastrup,55.655925,12.283955
Elgiganten,Elgiganten Waves,"Over Bølgen 21C, 2670 Greve",2670,Greve,55.597705,12.330846
Elgiganten,Elgiganten Herlev,"Herlev Hovedgade 47, 2730 Herlev",2730,Herlev,55.718132,12.451250
Elgiganten,Elgiganten Lyngby,"Toftebæksvej 12, 2800 Kongens Lyngby",2800,Kongens Lyngby,55.772151,12.505223
Elgiganten,Elgiganten Gentofte,"Nybrovej 29, 2820 Gentofte",2820,Gentofte,55.754973,12.517948
Elgiganten,Elgiganten Hørsholm,"Hørsholm Midtpunkt 177, 2970 Hørsholm",2970,Hørsholm,55.882210,12.496729
Elgiganten,Elgiganten Hillerød,"Slangerupgade 56B, 3400 Hillerød",3400,Hillerød,55.928704,12.291106
Elgiganten,Elgiganten Roskilde,"Industrivej 54, 4000 Roskilde",4000,Roskilde,55.646651,12.135162
Elgiganten,Elgiganten Ringsted,"Klosterkrogen 4, 4100 Ringsted",4100,Ringsted,55.454324,11.784777
Elgiganten,Elgiganten Slagelse,"Japanvej 10, 4200 Slagelse",4200,Slagelse,55.388035,11.323409
Elgiganten,Elgiganten Holbæk,"Stenhusvej 66, 4300 Holbæk",4300,Holbæk,55.703211,11.667857
Elgiganten,Elgiganten Køge,"Gammel Lyngvej 21B, 4600 Køge",4600,Køge,55.482185,12.182414
Elgiganten,Elgiganten Næstved,"Vestergårdsvej 58, 4700 Næstved",4700,Næstved,55.254979,11.796431
Elgiganten,Elgiganten Nykøbing F,"Guldborgsundcentret 8, 4800 Nykøbing F",4800,Nykøbing F,54.759934,11.855127
Elgiganten,Elgiganten Odense M,"Gørtlervej 11, 5230 Odense M",5230,Odense M,55.381910,10.424725
Elgiganten,Elgiganten Svendborg,"Mølmarksvej 193, 5700 Svendborg",5700,Svendborg,55.062562,10.589514
Elgiganten,Elgiganten Nyborg Retail Park,"Storebæltsvej 10, 5800 Nyborg",5800,Nyborg,55.308977,10.802001
Elgiganten,Elgiganten Kolding Storcenter,"Skovvangen 42D, 6000 Kolding",6000,Kolding,55.514840,9.461503
Elgiganten,Elgiganten Haderslev,"Vinkelvej 6E, 6100 Haderslev",6100,Haderslev,55.253628,9.503526
Elgiganten,Elgiganten Sønderborg,"Grundtvigs Plads 14, 6400 Sønderborg",6400,Sønderborg,54.921716,9.810576
Elgiganten,Elgiganten Esbjerg,"Kjersing Ringvej 26, 6715 Esbjerg N",6715,Esbjerg N,55.509720,8.463624
Elgiganten,Elgiganten Fredericia,"Vejlevej 102, 7000 Fredericia",7000,Fredericia,55.568205,9.699309
Elgiganten,Elgiganten Vejle,"Damhaven 9, 7100 Vejle",7100,Vejle,55.704113,9.526926
Elgiganten,Elgiganten Herning,"Åvænget 6, 7400 Herning",7400,Herning,56.132668,9.007181
Elgiganten,Elgiganten Holstebro,"Nyholmvej 14, 7500 Holstebro",7500,Holstebro,56.376868,8.620579
Elgiganten,Elgiganten Thisted,"Østerbakken 99, 7700 Thisted",7700,Thisted,56.968606,8.733571
Elgiganten,Elgiganten Skive,"Østergårdsbakken 3, 7800 Skive",7800,Skive,56.569760,8.997325
Elgiganten,Elgiganten Århus City,"Søndergade 30, 8000 Aarhus C",8000,Aarhus C,56.154798,10.206795
Elgiganten,Elgiganten Skejby,"Karl Krøyers Vej 25, 8200 Aarhus N",8200,Aarhus N,56.206845,10.173203
Elgiganten,Elgiganten Viby,"Ringvej Syd 98, 8260 Viby J",8260,Viby J,56.116125,10.153301
Elgiganten,Elgiganten Tilst,"Anelystparken 5, 8381 Tilst",8381,Tilst,56.181577,10.099086
Elgiganten,Elgiganten Grenaa,"Hesselvang 22, 8500 Grenaa",8500,Grenaa,56.384103,10.864386
Elgiganten,Elgiganten Silkeborg,"Viborgvej 8, 8600 Silkeborg",8600,Silkeborg,56.185073,9.544561
Elgiganten,Elgiganten Horsens,"Lilli Gyldenkildes Torv 2, 8700 Horsens",8700,Horsens,55.858998,9.846667
Elgiganten,Elgiganten Viborg Storcenter,"Christiansminde 2, 8800 Viborg",8800,Viborg,56.447084,9.364554
Elgiganten,Elgiganten Randers SØ,"Marsvej 16, 8960 Randers SØ",8960,Randers SØ,56.428445,10.058466
Elgiganten,Elgiganten Nytorv,"Nytorv 9, 9000 Aalborg",9000,Aalborg,57.048301,9.923388
Elgiganten,Elgiganten Shoppen Aalborg,"Vandmanden 5C, 9200 Aalborg SV",9200,Aalborg SV,57.002805,9.870581
Elgiganten,Elgiganten Hjørring,"Bispetorv 2, 9800 Hjørring",9800,Hjørring,57.454869,9.995057
Elgiganten,Elgiganten Frederikshavn,"Hjørringvej 161B, 9900 Frederikshavn",9900,Frederikshavn,57.446195,10.504308
Flying Tiger Copenhagen,Flying Tiger Copenhagen København,"Frederiksborggade 1, 1360 København K",1360,København K,55.682751,12.573519
Flying Tiger Copenhagen,Flying Tiger Copenhagen København,"Frederiksberggade 11B, 1459 København K",1459,København K,55.677292,12.571365
Flying Tiger Copenhagen,Flying Tiger Copenhagen København,"Kalvebod Brygge 59, 1560 København V",1560,København V,55.662049,12.562726
Flying Tiger Copenhagen,Flying Tiger Copenhagen København,"Østerbrogade 21, 2100 København Ø",2100,København Ø,55.698279,12.578345
Flying Tiger Copenhagen,Flying Tiger Copenhagen København,"Arne Jacobsens Allé 8, 2300 København S",2300,København S,55.629930,12.577274
Flying Tiger Copenhagen,Flying Tiger Copenhagen København,"Reberbanegade 3, 2300 København S",2300,København S,55.662954,12.603711
Flying Tiger Copenhagen,Flying Tiger Copenhagen København,"Valby Torvegade 13, 2500 Valby",2500,Valby,55.664706,12.511739
Flying Tiger Copenhagen,Flying Tiger Copenhagen Rødovre,"Rødovre Centrum 1M, 2610 Rødovre",2610,Rødovre,55.679970,12.457044
Flying Tiger Copenhagen,Flying Tiger Copenhagen Taastrup,"Cityringen 22, 2630 Taastrup",2630,Taastrup,55.643818,12.276636
Flying Tiger Copenhagen,Flying Tiger Copenhagen Greve,"Over Bølgen 7C, 2670 Greve",2670,Greve,55.598313,12.328458
Flying Tiger Copenhagen,Flying Tiger Copenhagen Vanløse,"Vanløse Torv 1, 2720 Vanløse",2720,Vanløse,55.687728,12.490908
Flying Tiger Copenhagen,Flying Tiger Copenhagen Ballerup,"Banetoften 5, 2750 Ballerup",2750,Ballerup,55.729641,12.358076
Flying Tiger Copenhagen,Flying Tiger Copenhagen Hørsholm,"Hørsholm Midtpunkt 145, 2970 Hørsholm",2970,Hørsholm,55.882064,12.497388
Flying Tiger Copenhagen,Flying Tiger Copenhagen Hillerød,"Slotsarkaderne 9, 3400 Hillerød",3400,Hillerød,55.930109,12.299774
Flying Tiger Copenhagen,Flying Tiger Copenhagen Roskilde,"Ro's Torv 7, 4000 Roskilde",4000,Roskilde,55.641816,12.100852
Flying Tiger Copenhagen,Flying Tiger Copenhagen Holbæk,"Ahlgade 27, 4300 Holbæk",4300,Holbæk,55.717907,11.711382
Flying Tiger Copenhagen,Flying Tiger Copenhagen Næstved,"Næstved Storcenter 5, 4700 Næstved",4700,Næstved,55.254259,11.780250
Flying Tiger Copenhagen,Flying Tiger Copenhagen Odense C,"Vestergade 57, 5000 Odense C",5000,Odense C,55.395048,10.383936
Flying Tiger Copenhagen,Flying Tiger Copenhagen Odense SØ,"Ørbækvej 75L, 5220 Odense SØ",5220,Odense SØ,55.384692,10.425076
Flying Tiger Copenhagen,Flying Tiger Copenhagen Kolding,"Skovvangen 42, 6000 Kolding",6000,Kolding,55.514179,9.460434
Flying Tiger Copenhagen,Flying Tiger Copenhagen Sønderborg,"Kastanie Alle 3, 6400 Sønderborg",6400,Sønderborg,54.909433,9.791489
Flying Tiger Copenhagen,Flying Tiger Copenhagen Esbjerg,"Exnersgade 18, 6700 Esbjerg",6700,Esbjerg,55.465368,8.458458
Flying Tiger Copenhagen,Flying Tiger Copenhagen Vejle,"Søndergade 24, 7100 Vejle",7100,Vejle,55.706482,9.532427
Flying Tiger Copenhagen,Flying Tiger Copenhagen Herning,"Merkurvej 1C, 7400 Herning",7400,Herning,56.135661,8.999579
Flying Tiger Copenhagen,Flying Tiger Copenhagen Holstebro,"Nørregade 62, 7500 Holstebro",7500,Holstebro,56.362299,8.620294
Flying Tiger Copenhagen,Flying Tiger Copenhagen Aarhus,"Ryesgade 18, 8000 Aarhus C",8000,Aarhus C,56.151945,10.204716
Flying Tiger Copenhagen,Flying Tiger Copenhagen Aarhus,"Telefontorvet 9, 8000 Aarhus C",8000,Aarhus C,56.155578,10.206460
Flying Tiger Copenhagen,Flying Tiger Copenhagen Aarhus,"Finlandsgade 17C, 8200 Aarhus N",8200,Aarhus N,56.170854,10.188442
Flying Tiger Copenhagen,Flying Tiger Copenhagen Horsens,"Søndergade 10, 8700 Horsens",8700,Horsens,55.861796,9.846089
Flying Tiger Copenhagen,Flying Tiger Copenhagen Viborg,"Sct. Mathias Centret 1, 8800 Viborg",8800,Viborg,56.448476,9.405207
Flying Tiger Copenhagen,Flying Tiger Copenhagen Randers,"Merkurvej 55, 8960 Randers SØ",8960,Randers SØ,56.430227,10.064318
Flying Tiger Copenhagen,Flying Tiger Copenhagen Aalborg,"Bredegade 7B, 9000 Aalborg",9000,Aalborg,57.046770,9.924907
Flying Tiger Copenhagen,Flying Tiger Copenhagen Aalborg,"Hobrovej 452, 9200 Aalborg SV",9200,Aalborg SV,57.004766,9.872833
H&M,H&M København K,"Østergade 32, 1100 København K",1100,København K,55.679663,12.582242
H&M,H&M København K,"Købmagergade 36, 1150 København K",1150,København K,55.680559,12.578432
H&M,H&M København K,"Amagertorv 27A, 1160 København K",1160,København K,55.678344,12.577523
H&M,H&M København V,"Kalvebod Brygge 59, 1560 København V",1560,København V,55.662298,12.561226
H&M,H&M Frederiksberg,"Solbjergvej 2E, 2000 Frederiksberg",2000,Frederiksberg,55.681511,12.531511
H&M,H&M København S,"Amagerbro Torv 17, 2300 København S",2300,København S,55.663308,12.604858
H&M,H&M København S,"Arne Jacobsens Allé 16, 2300 København S",2300,København S,55.630800,12.576904
H&M,H&M HOME København S,"Ålandsgade 16, 2300 København S",2300,København S,55.663650,12.604781
H&M,H&M Valby,"Valby Torvegade 10, 2500 Valby",2500,Valby,55.665023,12.511967
H&M,H&M Glostrup,"Glostrup Shoppingcenter 29, 2600 Glostrup",2600,Glostrup,55.665696,12.398649
H&M,H&M Ishøj,"Ishøj Østergade 1, 2635 Ishøj",2635,Ishøj,55.613732,12.356423
H&M,H&M Herlev,"Disavej 13, 2730 Herlev",2730,Herlev,55.718108,12.448645
H&M,H&M Kids Kastrup,"Lufthavnstorvet 4, 2770 Kastrup",2770,Kastrup,55.628630,12.649037
H&M,H&M Kongens Lyngby,"Klampenborgvej 232, 2800 Kongens Lyngby",2800,Kongens Lyngby,55.771676,12.505842
H&M,H&M Hellerup,"Tuborg Havnevej 4, 2900 Hellerup",2900,Hellerup,55.725659,12.578410
H&M,H&M Rønne,"Snellemark 17, 3700 Rønne",3700,Rønne,55.101579,14.694121
H&M,H&M Ringsted,"Klosterparks Alle 10, 4100 Ringsted",4100,Ringsted,55.453447,11.788276
H&M,H&M Slagelse,"Nytorv 9M, 4200 Slagelse",4200,Slagelse,55.404883,11.355085
H&M,H&M Holbæk,"Ahlgade 61, 4300 Holbæk",4300,Holbæk,55.716941,11.715700
H&M,H&M Køge,"Rådhusstræde 5C, 4600 Køge",4600,Køge,55.456841,12.185130
H&M,H&M Næstved,"Næstved Storcenter 7, 4700 Næstved",4700,Næstved,55.254115,11.781469
H&M,H&M Nykøbing F,"Jernbanegade 23B, 4800 Nykøbing F",4800,Nykøbing F,54.766090,11.872558
H&M,H&M Nakskov,"Søndergade 27, 4900 Nakskov",4900,Nakskov,54.829715,11.138397
H&M,H&M Odense C,"Vestergade 41, 5000 Odense C",5000,Odense C,55.395573,10.385205
H&M,H&M HOME Odense C,"Vestergade 43, 5000 Odense C",5000,Odense C,55.395460,10.384928
H&M,H&M Odense SØ,"Ørbækvej 75, 5220 Odense SØ",5220,Odense SØ,55.382763,10.427714
H&M,H&M Middelfart,"Nytorv 1, 5500 Middelfart",5500,Middelfart,55.504589,9.736510
H&M,H&M Svendborg,"Vestergade 16A, 5700 Svendborg",5700,Svendborg,55.059636,10.604589
H&M,H&M Nyborg,"Nørregade 1, 5800 Nyborg",5800,Nyborg,55.312460,10.790794
H&M,H&M Kolding,"Skovvangen 42G, 6000 Kolding",6000,Kolding,55.514447,9.462230
H&M,H&M Haderslev,"Storegade 4, 6100 Haderslev",6100,Haderslev,55.251198,9.485252
H&M,H&M Aabenraa,"Ramsherred 37C, 6200 Aabenraa",6200,Aabenraa,55.045693,9.418608
H&M,H&M Tønder,"Vestergade 25, 6270 Tønder",6270,Tønder,54.934829,8.867162
H&M,H&M Sønderborg,"Østergade 10, 6400 Sønderborg",6400,Sønderborg,54.909294,9.791569
H&M,H&M Esbjerg,"Jernbanegade 9, 6700 Esbjerg",6700,Esbjerg,55.465631,8.457727
H&M,H&M Esbjerg N,"Gl Vardevej 230, 6715 Esbjerg N",6715,Esbjerg N,55.508274,8.447370
H&M,H&M HOME Esbjerg N,"Ulvevej 110, 6715 Esbjerg N",6715,Esbjerg N,55.508167,8.447545
H&M,H&M Fredericia,"Jyllandsgade 22C, 7000 Fredericia",7000,Fredericia,55.565504,9.758447
H&M,H&M Vejle,"Søndertorv 18, 7100 Vejle",7100,Vejle,55.704543,9.531557
H&M,H&M Herning,"Merkurvej 1E, 7400 Herning",7400,Herning,56.135633,8.996918
H&M,H&M Skive,"Ågade 2, 7800 Skive",7800,Skive,56.565334,9.031585
H&M,H&M Aarhus C,"Værkmestergade 27, 8000 Aarhus C",8000,Aarhus C,56.149317,10.205287
H&M,H&M Aarhus N,"Åbogade 8, 8200 Aarhus N",8200,Aarhus N,56.170579,10.187630
H&M,H&M Silkeborg,"Torvet 11, 8600 Silkeborg",8600,Silkeborg,56.170008,9.550138
H&M,H&M Skanderborg,"Adelgade 65, 8660 Skanderborg",8660,Skanderborg,56.033487,9.931407
H&M,H&M Horsens,"Hospitalsgade 19A, 8700 Horsens",8700,Horsens,55.861050,9.846249
H&M,H&M Viborg,"Sct. Mathias Gade 29D, 8800 Viborg",8800,Viborg,56.449242,9.406951
H&M,H&M Aalborg,"Bispensgade 19, 9000 Aalborg",9000,Aalborg,57.049307,9.918208
H&M,H&M Aalborg,"John F. Kennedys Plads 1U, 9000 Aalborg",9000,Aalborg,57.041860,9.918816
H&M,H&M Aalborg SV,"Hobrovej 452D, 9200 Aalborg SV",9200,Aalborg SV,57.004580,9.874410
H&M,H&M Aalborg SV,"Vandmanden 5A, 9200 Aalborg SV",9200,Aalborg SV,57.003246,9.872675
H&M,H&M HOME Aalborg SV,"Vandmanden 5C, 9200 Aalborg SV",9200,Aalborg SV,57.003098,9.871879
H&M,H&M Hjørring,"Østergade 38C, 9800 Hjørring",9800,Hjørring,57.457638,9.991499
H&M,H&M Frederikshavn,"Danmarksgade 80, 9900 Frederikshavn",9900,Frederikshavn,57.438487,10.535043
Harald Nyborg,Harald Nyborg København V,"Ved Vesterport 6, 1612 København V",1612,København V,55.674965,12.560645
Harald Nyborg,Harald Nyborg København NV,"Lygten 35, 2400 København NV",2400,København NV,55.703747,12.537572
Harald Nyborg,Harald Nyborg Glostrup,"Ejby Industrivej 21, 2600 Glostrup",2600,Glostrup,55.694009,12.414696
Harald Nyborg,Harald Nyborg Glostrup 2,"Hermods Allé 4, 2600 Glostrup",2600,Glostrup,55.663955,12.378438
Harald Nyborg,Harald Nyborg City 2,"Poul Anchers Gade 17, 2630 Taastrup",2630,Taastrup,55.644092,12.274748
Harald Nyborg,Harald Nyborg Ishøj,"Industribuen 11, 2635 Ishøj",2635,Ishøj,55.617820,12.332484
Harald Nyborg,Harald Nyborg Herlev,"Herlev Hovedgade 41, 2730 Herlev",2730,Herlev,55.717666,12.450741
Harald Nyborg,Harald Nyborg Ballerup,"Tempovej 23, 2750 Ballerup",2750,Ballerup,55.722511,12.378093
Harald Nyborg,Harald Nyborg Tårnby,"Kirstinehøj 60, 2770 Kastrup",2770,Kastrup,55.617072,12.610957
Harald Nyborg,Harald Nyborg Gladsaxe,"Gladsaxevej 371, 2860 Søborg",2860,Søborg,55.739438,12.485985
Harald Nyborg,Harald Nyborg Hørsholm,"Hørsholm Midtpunkt 151, 2970 Hørsholm",2970,Hørsholm,55.881459,12.497185
Harald Nyborg,Harald Nyborg Helsingør,"Birkedalsvej 16, 3000 Helsingør",3000,Helsingør,56.020531,12.569395
Harald Nyborg,Harald Nyborg Helsinge,"Skovgårdsvej 23, 3200 Helsinge",3200,Helsinge,56.021768,12.175488
Harald Nyborg,Harald Nyborg Frederiksværk,"Industrivej 1A, 3300 Frederiksværk",3300,Frederiksværk,55.978653,12.006012
Harald Nyborg,Harald Nyborg Hillerød,"Industrivænget 10, 3400 Hillerød",3400,Hillerød,55.932699,12.281290
Harald Nyborg,Harald Nyborg Frederikssund,"Falkenborggården 4, 3600 Frederikssund",3600,Frederikssund,55.839707,12.064158
Harald Nyborg,Harald Nyborg Ølstykke,"Valdemarsvej 7, 3650 Ølstykke",3650,Ølstykke,55.776627,12.185386
Harald Nyborg,Harald Nyborg Rønne,"Åkirkebyvej 53A, 3700 Rønne",3700,Rønne,55.097577,14.715976
Harald Nyborg,Harald Nyborg Roskilde,"Industrivej 29A, 4000 Roskilde",4000,Roskilde,55.644549,12.120950
Harald Nyborg,Harald Nyborg Ringsted,"Klosterkrogen 8, 4100 Ringsted",4100,Ringsted,55.454191,11.785649
Harald Nyborg,Harald Nyborg Slagelse,"Japanvej 15, 4200 Slagelse",4200,Slagelse,55.386722,11.328639
Harald Nyborg,Harald Nyborg Holbæk,"Stenhusvej 64, 4300 Holbæk",4300,Holbæk,55.703553,11.666871
Harald Nyborg,Harald Nyborg Kalundborg,"Stejlhøj 29, 4400 Kalundborg",4400,Kalundborg,55.678199,11.136091
Harald Nyborg,Harald Nyborg Køge,"Gammel Lyngvej 19, 4600 Køge",4600,Køge,55.482504,12.182397
Harald Nyborg,Harald Nyborg Haslev,"Lysholm Alle 81, 4690 Haslev",4690,Haslev,55.328080,11.933222
Harald Nyborg,Harald Nyborg Næstved,"Vestergårdsvej 32, 4700 Næstved",4700,Næstved,55.254567,11.792685
Harald Nyborg,Harald Nyborg Vordingborg,"Vindrosen 1, 4760 Vordingborg",4760,Vordingborg,55.024325,11.893452
Harald Nyborg,Harald Nyborg Nykøbing Falster,"Guldborgsundcentret 24, 4800 Nykøbing F",4800,Nykøbing F,54.759702,11.851167
Harald Nyborg,Harald Nyborg Nakskov,"Perlestikkergade 23A, 4900 Nakskov",4900,Nakskov,54.831520,11.145843
Harald Nyborg,Harald Nyborg Tarup Center,"Solgårdsvej 2A, 5210 Odense NV",5210,Odense NV,55.408489,10.339641
Harald Nyborg,Harald Nyborg Odense,"Tagtækkervej 2, 5230 Odense M",5230,Odense M,55.383320,10.419799
Harald Nyborg,Harald Nyborg Middelfart,"Nyvang 14B, 5500 Middelfart",5500,Middelfart,55.508433,9.765848
Harald Nyborg,Harald Nyborg Faaborg,"Markedspladsen 7D, 5600 Faaborg",5600,Faaborg,55.099606,10.242918
Harald Nyborg,Harald Nyborg Assens,"Dalvænget 16, 5610 Assens",5610,Assens,55.259796,9.911179
Harald Nyborg,Harald Nyborg Svendborg,"Mølmarksvej 191, 5700 Svendborg",5700,Svendborg,55.062397,10.590017
Harald Nyborg,Harald Nyborg Ringe,"Bygmestervej 23, 5750 Ringe",5750,Ringe,55.240569,10.487577
Harald Nyborg,Harald Nyborg Nyborg,"Storebæltsvej 30, 5800 Nyborg",5800,Nyborg,55.307945,10.807450
Harald Nyborg,Harald Nyborg Kolding,"Vejlevej 255C, 6000 Kolding",6000,Kolding,55.514336,9.454508
Harald Nyborg,Harald Nyborg Haderslev,"Vinkelvej 6D, 6100 Haderslev",6100,Haderslev,55.253692,9.504292
Harald Nyborg,Harald Nyborg Rødekro,"Kometvej 3B, 6230 Rødekro",6230,Rødekro,55.068646,9.360402
Harald Nyborg,Harald Nyborg Tønder,"Centerbuen 8, 6270 Tønder",6270,Tønder,54.950411,8.886175
Harald Nyborg,Harald Nyborg Sønderborg,"Centerpassagen 13, 6400 Sønderborg",6400,Sønderborg,54.921163,9.806446
Harald Nyborg,Harald Nyborg Vejen,"Gl. Esbjergvej 1A, 6600 Vejen",6600,Vejen,55.489531,9.129164
Harald Nyborg,Harald Nyborg Esbjerg,"Kjersing Ringvej 28, 6715 Esbjerg N",6715,Esbjerg N,55.509351,8.463660
Harald Nyborg,Harald Nyborg Ribe,"Industrivej 20C, 6760 Ribe",6760,Ribe,55.350747,8.778473
Harald Nyborg,Harald Nyborg Skjern,"Erhvervsparken 15, 6900 Skjern",6900,Skjern,55.955671,8.510483
Harald Nyborg,Harald Nyborg Fredericia,"Venusvej 12C, 7000 Fredericia",7000,Fredericia,55.567740,9.719854
Harald Nyborg,Harald Nyborg Vejle,"Solkilde Alle 5E, 7100 Vejle",7100,Vejle,55.725514,9.584477
Harald Nyborg,Harald Nyborg Brande,"Vestergårdsvej 10, 7330 Brande",7330,Brande,55.960351,9.107660
Harald Nyborg,Harald Nyborg Herning,"Industrivej Syd 7, 7400 Herning",7400,Herning,56.132717,9.039655
Harald Nyborg,Harald Nyborg Holstebro,"Nyholmvej 18, 7500 Holstebro",7500,Holstebro,56.375970,8.619953
Harald Nyborg,Harald Nyborg Lemvig,"Merkurvej 2C, 7620 Lemvig",7620,Lemvig,56.539116,8.304351
Harald Nyborg,Harald Nyborg Skive,"Østergårdsbakken 17, 7800 Skive",7800,Skive,56.569972,8.994671
Harald Nyborg,Harald Nyborg Nykøbing Mors,"Vester Fald 4, 7900 Nykøbing M",7900,Nykøbing M,56.788959,8.827509
Harald Nyborg,Harald Nyborg Viby Jylland,"Ringvej Syd 94, 8260 Viby J",8260,Viby J,56.115166,10.152197
Harald Nyborg,Harald Nyborg Hørning,"Inge Lehmanns Vej 2, 8362 Hørning",8362,Hørning,56.077670,10.016188
Harald Nyborg,Harald Nyborg Tilst,"Tilst Søndervej 1, 8381 Tilst",8381,Tilst,56.182223,10.121179
Harald Nyborg,Harald Nyborg Grenå,"Hesselvang 20, 8500 Grenaa",8500,Grenaa,56.384362,10.865404
Harald Nyborg,Harald Nyborg Silkeborg,"Viborgvej 22, 8600 Silkeborg",8600,Silkeborg,56.186010,9.544737
Harald Nyborg,Harald Nyborg Horsens,"Høegh Guldbergs Gade 15A, 8700 Horsens",8700,Horsens,55.855043,9.852171
Harald Nyborg,Harald Nyborg Viborg,"Christiansminde 1, 8800 Viborg",8800,Viborg,56.446967,9.363159
Harald Nyborg,Harald Nyborg Randers,"Marsvej 19C, 8960 Randers SØ",8960,Randers SØ,56.425265,10.058713
Harald Nyborg,Harald Nyborg Aalborg,"Løven 4, 9200 Aalborg SV",9200,Aalborg SV,57.001281,9.874410
Harald Nyborg,Harald Nyborg Nørresundby,"Loftbrovej 23, 9400 Nørresundby",9400,Nørresundby,57.089493,9.981373
Harald Nyborg,Harald Nyborg Aabybro,"Teknologiparken 17, 9440 Aabybro",9440,Aabybro,57.151990,9.748357
Harald Nyborg,Harald Nyborg Hobro,"Drejøvej 5, 9500 Hobro",9500,Hobro,56.623605,9.807880
Harald Nyborg,Harald Nyborg Støvring,"Neptunvej 9, 9530 Støvring",9530,Støvring,56.904601,9.844277
Harald Nyborg,Harald Nyborg Aars,"Markedsvej 24B, 9600 Aars",9600,Aars,56.798196,9.506309
Harald Nyborg,Harald Nyborg Brønderslev,"Jernaldervej 4, 9700 Brønderslev",9700,Brønderslev,57.265938,9.971863
Harald Nyborg,Harald Nyborg Hjørring,"Bispetorv 3, 9800 Hjørring",9800,Hjørring,57.454852,9.993828
Harald Nyborg,Harald Nyborg Frederikshavn,"H.C. Ørsteds Vej 3C, 9900 Frederikshavn",9900,Frederikshavn,57.445211,10.495233
Imerco,Imerco Home Fisketorvet,"Kalvebod Brygge 59, 1560 København V",1560,København V,55.662730,12.561470
Imerco,Imerco Frb. Gl. Kongevej,"Gammel Kongevej 114, 1850 Frederiksberg C",1850,Frederiksberg C,55.676210,12.543000
Imerco,Imerco FRB.C Shopping,"Solbjerg Plads 2G, 2000 Frederiksberg",2000,Frederiksberg,55.682021,12.532044
Imerco,Imerco Home FRB.C Shopping,"Solbjergvej 2D, 2000 Frederiksberg",2000,Frederiksberg,55.681504,12.532247
Imerco,"Imerco Kbh., Østerbrogade","Østerbrogade 134, 2100 København Ø",2100,København Ø,55.706467,12.577486
Imerco,"Imerco Kbh., Fields","Arne Jacobsens Allé 12, 2300 København S",2300,København S,55.631000,12.575890
Imerco,"Imerco Kbh., Amagercentret","Reberbanegade 5, 2300 København S",2300,København S,55.662620,12.604090
Imerco,"Imerco Kbh., Nørrebro Bycenter","Lygten 2K, 2400 København NV",2400,København NV,55.702720,12.537980
Imerco,"Imerco Home Valby, Spinderiet","Spinderigade 4, 2500 Valby",2500,Valby,55.665250,12.511600
Imerco,Imerco Home Glostrup ShoppingC,"Glostrup Shoppingcenter 37, 2600 Glostrup",2600,Glostrup,55.665780,12.399700
Imerco,Imerco Home Rødovre Centrum,"Rødovre Centrum 1D, 2610 Rødovre",2610,Rødovre,55.679027,12.455392
Imerco,Imerco Rødovre Centrum,"Rødovre Centrum 1G, 2610 Rødovre",2610,Rødovre,55.679236,12.456810
Imerco,Imerco Albertslund Centrum,"Stationstorvet 20, 2620 Albertslund",2620,Albertslund,55.657170,12.353460
Imerco,"Imerco Home Taastrup, City 2","Cityringen 2, 2630 Taastrup",2630,Taastrup,55.644430,12.275810
Imerco,Imerco Ishøj Bycenter,"Ishøj Bycenter 1, 2635 Ishøj",2635,Ishøj,55.614280,12.355084
Imerco,"Imerco Home Hvidovre, Friheden","Hvidovrevej 341C, 2650 Hvidovre",2650,Hvidovre,55.627120,12.483310
Imerco,"Imerco Home Hundige, Waves","Over Bølgen 23C, 2670 Greve",2670,Greve,55.597840,12.327160
Imerco,Imerco Solrød Center,"Solrød Center 71, 2680 Solrød Strand",2680,Solrød Strand,55.533220,12.219890
Imerco,"Imerco Vanløse, Kronen","Vanløse Torv 1, 2720 Vanløse",2720,Vanløse,55.687690,12.490850
Imerco,Imerco Herlev Bymidte,"Herlev Torv 24D, 2730 Herlev",2730,Herlev,55.723540,12.439700
Imerco,Imerco Herlev BIG,"Herlev Hovedgade 21, 2730 Herlev",2730,Herlev,55.720070,12.448800
Imerco,Imerco Home Ballerup Centret,"Fjerkløvervej 23, 2750 Ballerup",2750,Ballerup,55.729088,12.354947
Imerco,Imerco Lyngby Hovedgade,"Lyngby Hovedgade 39, 2800 Kongens Lyngby",2800,Kongens Lyngby,55.770610,12.503780
Imerco,Imerco Home Lyngby Storcenter,"Klampenborgvej 244A, 2800 Kongens Lyngby",2800,Kongens Lyngby,55.771050,12.504980
Imerco,Imerco Holte Midtpunkt,"Holte Midtpunkt 23, 2840 Holte",2840,Holte,55.811460,12.471500
Imerco,Imerco Nærum,"Nærumvænge Torv 13B, 2850 Nærum",2850,Nærum,55.814790,12.531020
Imerco,Imerco Søborg,"Erik Bøghs Alle 2B, 2860 Søborg",2860,Søborg,55.733500,12.516500
Imerco,Imerco Bagsværd,"Bagsværd Hovedgade 136, 2880 Bagsværd",2880,Bagsværd,55.760900,12.454310
Imerco,Imerco Charlottenlund,"Hans Edvard Teglers Vej 7, 2920 Charlottenlund",2920,Charlottenlund,55.755120,12.567770
Imerco,Imerco Home Hørsholm Midtpunkt,"Hørsholm Midtpunkt 83, 2970 Hørsholm",2970,Hørsholm,55.882430,12.496550
Imerco,Imerco Home Helsingør,"Stengade 23B, 3000 Helsingør",3000,Helsingør,56.033371,12.609800
Imerco,Imerco Home Espergærde Centret,"Vester Torv 20, 3060 Espergærde",3060,Espergærde,55.994360,12.544490
Imerco,Imerco Helsinge,"Østergade 12, 3200 Helsinge",3200,Helsinge,56.022590,12.200600
Imerco,Imerco Gilleleje,"Gilleleje Stationsvej 7C, 3250 Gilleleje",3250,Gilleleje,56.124840,12.304670
Imerco,Imerco Frederiksværk,"Nørregade 38, 3300 Frederiksværk",3300,Frederiksværk,55.975794,12.019567
Imerco,Imerco Hillerød Slotsarkaderne,"Slotsarkaderne 46, 3400 Hillerød",3400,Hillerød,55.928200,12.297540
Imerco,Imerco Home Hillerød Slotsgade,"Slotsgade 18A, 3400 Hillerød",3400,Hillerød,55.929970,12.300330
Imerco,Imerco Allerød,"M D Madsensvej 15, 3450 Allerød",3450,Allerød,55.869970,12.353780
Imerco,Imerco Værløse,"Bymidten 42, 3500 Værløse",3500,Værløse,55.783580,12.372860
Imerco,Imerco Farum Bytorv,"Farum Bytorv 65, 3520 Farum",3520,Farum,55.814756,12.380226
Imerco,Imerco Home Fr.sund Sillebroen,"Nygade 1, 3600 Frederikssund",3600,Frederikssund,55.836510,12.065050
Imerco,Imerco Stenløse Egedal Centret,"Egedal Centret 10, 3660 Stenløse",3660,Stenløse,55.768260,12.194420
Imerco,Imerco Bornholm Rønne,"Store Torv 17, 3700 Rønne",3700,Rønne,55.101260,14.698750
Imerco,"Imerco Roskilde, Algade","Algade 10, 4000 Roskilde",4000,Roskilde,55.641000,12.083140
Imerco,Imerco Home Roskilde Ro's Torv,"Vinkelvej 10, 4000 Roskilde",4000,Roskilde,55.641810,12.097940
Imerco,Imerco Skibby,"Bymidten 9, 4050 Skibby",4050,Skibby,55.751240,11.957990
Imerco,Imerco Ringsted Retail,"Klosterkrogen 6, 4100 Ringsted",4100,Ringsted,55.454262,11.785118
Imerco,Imerco Ringsted,"Sct Knudsgade 1, 4100 Ringsted",4100,Ringsted,55.445850,11.789920
Imerco,Imerco Sorø,"Storgade 36, 4180 Sorø",4180,Sorø,55.433470,11.556960
Imerco,Imerco Slagelse,"Casinotorvet 3, 4200 Slagelse",4200,Slagelse,55.405290,11.355620
Imerco,Imerco Korsør,"Sylowsvej 8, 4220 Korsør",4220,Korsør,55.329540,11.129570
Imerco,Imerco Holbæk,"Ahlgade 34, 4300 Holbæk",4300,Holbæk,55.717490,11.711390
Imerco,Imerco Kalundborg,"Kordilgade 12, 4400 Kalundborg",4400,Kalundborg,55.680400,11.088740
Imerco,Imerco Køge,"Torvet 5, 4600 Køge",4600,Køge,55.456270,12.182640
Imerco,"Imerco Home Køge, Strædet","Rådhusstræde 10B, 4600 Køge",4600,Køge,55.457770,12.185680
Imerco,Imerco Haslev,"Jernbanegade 30A, 4690 Haslev",4690,Haslev,55.327460,11.963360
Imerco,"Imerco Home Næstved, Torvestr.","Torvestræde 6B, 4700 Næstved",4700,Næstved,55.230140,11.759830
Imerco,Imerco Næstved Storcenter,"Næstved Storcenter 1, 4700 Næstved",4700,Næstved,55.253840,11.781880
Imerco,Imerco Vordingborg,"Algade 81A, 4760 Vordingborg",4760,Vordingborg,55.009210,11.908090
Imerco,Imerco Stege,"Storegade 43, 4780 Stege",4780,Stege,54.985300,12.286640
Imerco,Imerco Home Nykøbing Falster,"Jernbanegade 6A, 4800 Nykøbing F",4800,Nykøbing F,54.766320,11.870330
Imerco,Imerco Nakskov,"Nygade 10, 4900 Nakskov",4900,Nakskov,54.830520,11.140440
Imerco,Imerco Sakskøbing,"Søndergade 28, 4990 Sakskøbing",4990,Sakskøbing,54.797790,11.637396
Imerco,"Imerco Odense, Kongensgade","Kongensgade 58A, 5000 Odense C",5000,Odense C,55.397320,10.380740
Imerco,"Imerco Home Odense, Vestergade","Vestergade 82, 5000 Odense C",5000,Odense C,55.394410,10.382200
Imerco,"Imerco Odense, Tarup Center","Rugvang 36, 5210 Odense NV",5210,Odense NV,55.409770,10.338990
Imerco,Imerco Odense RosengårdsC,"Ørbækvej 75, 5220 Odense SØ",5220,Odense SØ,55.382490,10.428080
Imerco,"Imerco Odense, Dalumcentret","Dalumvej 42, 5250 Odense SV",5250,Odense SV,55.370960,10.371520
Imerco,Imerco Kerteminde,"Langegade 30, 5300 Kerteminde",5300,Kerteminde,55.450830,10.658210
Imerco,Imerco Bogense,"Adelgade 64, 5400 Bogense",5400,Bogense,55.565100,10.091410
Imerco,Imerco Otterup,"Bredgade 8A, 5450 Otterup",5450,Otterup,55.514020,10.396460
Imerco,Imerco Home Middelfart,"Algade 46, 5500 Middelfart",5500,Middelfart,55.505290,9.732220
Imerco,Imerco Faaborg,"Østergade 8, 5600 Faaborg",5600,Faaborg,55.094870,10.243890
Imerco,Imerco Assens,"Østergade 40, 5610 Assens",5610,Assens,55.269850,9.897250
Imerco,Imerco Haarby,"Algade 31, 5683 Haarby",5683,Haarby,55.223290,10.124450
Imerco,Imerco Home Svendborg Bycenter,"Vestergade 18, 5700 Svendborg",5700,Svendborg,55.059570,10.604380
Imerco,"Imerco Svendborg, Gerritsgade","Gerritsgade 56, 5700 Svendborg",5700,Svendborg,55.058921,10.605455
Imerco,Imerco Ringe,"Algade 20, 5750 Ringe",5750,Ringe,55.236010,10.478030
Imerco,Imerco Nyborg,"Gl. Torv 2, 5800 Nyborg",5800,Nyborg,55.311650,10.792320
Imerco,Imerco Rudkøbing,"Østergade 30, 5900 Rudkøbing",5900,Rudkøbing,54.935420,10.713720
Imerco,Imerco Home Kolding Storcenter,"Skovvangen 42, 6000 Kolding",6000,Kolding,55.513721,9.462140
Imerco,"Imerco Kolding, Helligkorsgade","Helligkorsgade 1, 6000 Kolding",6000,Kolding,55.488930,9.473260
Imerco,Imerco Haderslev,"Storegade 9, 6100 Haderslev",6100,Haderslev,55.251250,9.484890
Imerco,Imerco Aabenraa,"Storetorv 3, 6200 Aabenraa",6200,Aabenraa,55.042510,9.419000
Imerco,Imerco Løgumkloster,"Markedsgade 33A, 6240 Løgumkloster",6240,Løgumkloster,55.058900,8.952160
Imerco,Imerco Tønder,"Vestergade 13, 6270 Tønder",6270,Tønder,54.935080,8.867910
Imerco,Imerco Gråsten,"Borggade 2, 6300 Gråsten",6300,Gråsten,54.921610,9.593120
Imerco,Imerco Padborg,"Jernbanegade 26, 6330 Padborg",6330,Padborg,54.826490,9.360920
Imerco,"Imerco Sønderborg, Borgen","Østergade 18, 6400 Sønderborg",6400,Sønderborg,54.909488,9.790226
Imerco,"Imerco Home Sønderborg, Borgen","Kastanie Alle 3, 6400 Sønderborg",6400,Sønderborg,54.909420,9.791350
Imerco,Imerco Vojens,"Rådhuscentret 31, 6500 Vojens",6500,Vojens,55.245290,9.292400
Imerco,Imerco Toftlund,"Søndergade 10, 6520 Toftlund",6520,Toftlund,55.191920,9.063960
Imerco,Imerco Vejen,"Torvegade 2, 6600 Vejen",6600,Vejen,55.476500,9.137860
Imerco,"Imerco Home Esbjerg, Kongensg.","Kongensgade 61, 6700 Esbjerg",6700,Esbjerg,55.466560,8.447880
Imerco,"Imerco Esbjerg, Broen Shopping","Exnersgade 18, 6700 Esbjerg",6700,Esbjerg,55.465460,8.458800
Imerco,"Imerco Esbjerg, Stormgade","Stormgade 155, 6715 Esbjerg N",6715,Esbjerg N,55.509960,8.455340
Imerco,Imerco Home Esbjerg Storcenter,"Gl Vardevej 230, 6715 Esbjerg N",6715,Esbjerg N,55.508720,8.447380
Imerco,Imerco Bramming,"Nørregade 15D, 6740 Bramming",6740,Bramming,55.465840,8.699610
Imerco,Imerco Ribe,"Mellemdammen 19, 6760 Ribe",6760,Ribe,55.329370,8.764340
Imerco,Imerco Skærbæk,"Storegade 17A, 6780 Skærbæk",6780,Skærbæk,55.158170,8.767000
Imerco,Imerco Varde,"Torvet 6, 6800 Varde",6800,Varde,55.620450,8.480420
Imerco,Imerco Ølgod,"Torvegade 13, 6870 Ølgod",6870,Ølgod,55.806770,8.620810
Imerco,Imerco Home Skjern,"Bredgade 44, 6900 Skjern",6900,Skjern,55.947069,8.494006
Imerco,Imerco Videbæk,"Bredgade 44B, 6920 Videbæk",6920,Videbæk,56.091300,8.629080
Imerco,Imerco Home Ringkøbing,"Nygade 2, 6950 Ringkøbing",6950,Ringkøbing,56.090210,8.244630
Imerco,Imerco Fredericia,"Danmarksgade 7, 7000 Fredericia",7000,Fredericia,55.567230,9.754990
Imerco,Imerco Home Fredericia,"Gothersgade 14B, 7000 Fredericia",7000,Fredericia,55.566060,9.756520
Imerco,"Imerco Vejle, Nørregade","Nørregade 22B, 7100 Vejle",7100,Vejle,55.710640,9.535330
Imerco,"Imerco Home Vejle, Bryggen","Søndertorv 4, 7100 Vejle",7100,Vejle,55.705360,9.531960
Imerco,Imerco Tørring,"Sønderbrogade 24, 7160 Tørring",7160,Tørring,55.848470,9.481940
Imerco,Imerco Billund,"Hovedgaden 14, 7190 Billund",7190,Billund,55.731890,9.113750
Imerco,Imerco Grindsted,"Engvej 2, 7200 Grindsted",7200,Grindsted,55.756810,8.927120
Imerco,Imerco Give,"Østergade 16B, 7323 Give",7323,Give,55.845760,9.240000
Imerco,Imerco Brande,"Storegade 33, 7330 Brande",7330,Brande,55.942260,9.128950
Imerco,Imerco Home Herning,"Bredgade 32, 7400 Herning",7400,Herning,56.136300,8.970170
Imerco,Imerco Herning Centret,"Merkurvej 1D, 7400 Herning",7400,Herning,56.135390,8.998100
Imerco,Imerco Ikast,"Strøget 9, 7430 Ikast",7430,Ikast,56.139990,9.154820
Imerco,"Imerco Holstebro, Store Torv","Store Torv 4, 7500 Holstebro",7500,Holstebro,56.358010,8.617430
Imerco,Imerco Home Struer,"T W Jensens Stræde 2, 7600 Struer",7600,Struer,56.491770,8.593800
Imerco,Imerco Lemvig,"Andrupsgade 2, 7620 Lemvig",7620,Lemvig,56.549760,8.307080
Imerco,Imerco Home Thisted,"Storegade 1, 7700 Thisted",7700,Thisted,56.954798,8.689791
Imerco,Imerco Hurup,"Bredgade 142, 7760 Hurup Thy",7760,Hurup Thy,56.750110,8.418840
Imerco,Imerco Skive Retail,"Østergårdsbakken 13, 7800 Skive",7800,Skive,56.569610,8.995610
Imerco,Imerco Home Skive,"Nørregade 1A, 7800 Skive",7800,Skive,56.567490,9.026770
Imerco,Imerco Nykøbing Mors,"Vestergade 3, 7900 Nykøbing M",7900,Nykøbing M,56.794200,8.856600
Imerco,"Imerco Aarhus, Bruuns Galleri","M.P. Bruuns Gade 25, 8000 Aarhus C",8000,Aarhus C,56.149120,10.203780
Imerco,"Imerco Aarhus, Søndergade","Søndergade 14, 8000 Aarhus C",8000,Aarhus C,56.155130,10.207200
Imerco,"Imerco Aarhus, Store Torv","Store Torv 7, 8000 Aarhus C",8000,Aarhus C,56.157290,10.208370
Imerco,"Imerco Home Aarhus, SC. Nord","Finlandsgade 17D, 8200 Aarhus N",8200,Aarhus N,56.171080,10.189440
Imerco,"Imerco Aarhus, Vericentret","Frijsenborgvej 5B, 8240 Risskov",8240,Risskov,56.188730,10.215270
Imerco,"Imerco Aarhus, Viby Centret","Viby Ringvej 12, 8260 Viby J",8260,Viby J,56.129930,10.161270
Imerco,Imerco Home Odder,"Torvet 3A, 8300 Odder",8300,Odder,55.972110,10.147200
Imerco,Imerco Samsø,"Langgade 17, 8305 Samsø",8305,Samsø,55.833000,10.593680
Imerco,Imerco Hinnerup,"Pakhusvej 3, 8382 Hinnerup",8382,Hinnerup,56.265350,10.062510
Imerco,Imerco Rønde,"Hovedgaden 37, 8410 Rønde",8410,Rønde,56.300340,10.477370
Imerco,Imerco Hammel,"Østergade 20, 8450 Hammel",8450,Hammel,56.256490,9.866640
Imerco,Imerco Grenå,"Storegade 12, 8500 Grenaa",8500,Grenaa,56.413690,10.873580
Imerco,"Imerco Silkeborg, Vestergade","Vestergade 2B, 8600 Silkeborg",8600,Silkeborg,56.168960,9.548040
Imerco,"Imerco Home Silkeborg, Østerg.","Østergade 5, 8600 Silkeborg",8600,Silkeborg,56.170320,9.550610
Imerco,Imerco Kjellerup,"Torvet 2A, 8620 Kjellerup",8620,Kjellerup,56.288810,9.430360
Imerco,Imerco Skanderborg Bloms,"Adelgade 61, 8660 Skanderborg",8660,Skanderborg,56.033380,9.931790
Imerco,Imerco Ry,"Bytorvet 26, 8680 Ry",8680,Ry,56.092460,9.758810
Imerco,Imerco Horsens,"Søndergade 1, 8700 Horsens",8700,Horsens,55.862140,9.845700
Imerco,Imerco Hedensted,"Østerbrogade 15, 8722 Hedensted",8722,Hedensted,55.770950,9.702400
Imerco,Imerco Brædstrup,"Bredgade 36, 8740 Brædstrup",8740,Brædstrup,55.974990,9.612590
Imerco,Imerco Viborg,"Sct. Mathias Centret 1, 8800 Viborg",8800,Viborg,56.448500,9.405560
Imerco,Imerco Bjerringbro,"Storegade 10, 8850 Bjerringbro",8850,Bjerringbro,56.374640,9.656850
Imerco,"Imerco Home Randers, Torvegade","Torvegade 1, 8900 Randers C",8900,Randers C,56.460460,10.036850
Imerco,Imerco Home Randers Storcenter,"Merkurvej 55, 8960 Randers SØ",8960,Randers SØ,56.429670,10.063990
Imerco,"Imerco Aalborg, Boulevarden","Boulevarden 4, 9000 Aalborg",9000,Aalborg,57.047480,9.920190
Imerco,Imerco Home Aalborg Friis,"Nytorv 27, 9000 Aalborg",9000,Aalborg,57.048111,9.923710
Imerco,"Imerco Aalborg, Nytorv","Nytorv 15, 9000 Aalborg",9000,Aalborg,57.047950,9.924240
Imerco,Imerco Aalborg Storcenter,"Hobrovej 452, 9200 Aalborg SV",9200,Aalborg SV,57.004800,9.875940
Imerco,Imerco Dronninglund,"Slotsgade 66, 9330 Dronninglund",9330,Dronninglund,57.159260,10.290090
Imerco,Imerco Nørresundby,"Vestergade 30, 9400 Nørresundby",9400,Nørresundby,57.059710,9.918160
Imerco,Imerco Aabybro,"Kirkevej 34B, 9440 Aabybro",9440,Aabybro,57.166930,9.741850
Imerco,Imerco Hobro,"Adelgade 29, 9500 Hobro",9500,Hobro,56.638400,9.793920
Imerco,Imerco Hadsund,"Storegade 47, 9560 Hadsund",9560,Hadsund,56.717910,10.115100
Imerco,Imerco Home Aars,"Himmerlandsgade 69, 9600 Aars",9600,Aars,56.803160,9.518050
Imerco,Imerco Løgstør,"Østerbrogade 21, 9670 Løgstør",9670,Løgstør,56.968060,9.252730
Imerco,Imerco Fjerritslev,"Søndergade 4, 9690 Fjerritslev",9690,Fjerritslev,57.088020,9.265900
Imerco,Imerco Brønderslev,"Albani Plads 2, 9700 Brønderslev",9700,Brønderslev,57.268760,9.946230
Imerco,"Imerco Hjørring, Metropol","Østergade 30, 9800 Hjørring",9800,Hjørring,57.457970,9.991180
Imerco,Imerco frederikshavn,"Danmarksgade 63, 9900 Frederikshavn",9900,Frederikshavn,57.439820,10.536190
Imerco,Imerco Skagen,"Sct. Laurentii Vej 60A, 9990 Skagen",9990,Skagen,57.721750,10.586990
Intersport,INTERSPORT Magasin Kongens Nytorv,"Kongens Nytorv 13, 1050 København K",1050,København K,55.679157,12.584835
Intersport,INTERSPORT Allerød,"M D Madsensvej 12, 3450 Allerød",3450,Allerød,55.869901,12.354101
Intersport,INTERSPORT Rønne,"Snellemark 26, 3700 Rønne",3700,Rønne,55.101285,14.695946
Intersport,INTERSPORT Vestsjællands Centret,"Vestsjællandscentret 10A, 4200 Slagelse",4200,Slagelse,55.405894,11.353509
Intersport,INTERSPORT Holbæk,"Nygade 8, 4300 Holbæk",4300,Holbæk,55.717379,11.709180
Intersport,INTERSPORT Kalundborg,"Kordilgade 53, 4400 Kalundborg",4400,Kalundborg,55.680004,11.091897
Intersport,INTERSPORT Køge,"Torvet 25, 4600 Køge",4600,Køge,55.456630,12.180260
Intersport,INTERSPORT Næstved Hjultorv,"Hjultorv 9, 4700 Næstved",4700,Næstved,55.231750,11.757940
Intersport,INTERSPORT Næstved Storcenter,"Holsted Alle 2, 4700 Næstved",4700,Næstved,55.253635,11.774868
Intersport,INTERSPORT Vordingborg,"Algade 58B, 4760 Vordingborg",4760,Vordingborg,55.009323,11.905784
Intersport,INTERSPORT Stege,"Storegade 47, 4780 Stege",4780,Stege,54.984685,12.288188
Intersport,INTERSPORT Nakskov,"Nygade 1B, 4900 Nakskov",4900,Nakskov,54.829942,11.140485
Intersport,INTERSPORT Aabenraa,"Storegade 35, 6200 Aabenraa",6200,Aabenraa,55.042890,9.419190
Intersport,INTERSPORT Esbjerg,"Kongensgade 68A, 6700 Esbjerg",6700,Esbjerg,55.465978,8.448459
Intersport,INTERSPORT Varde,"Kræmmergade 9, 6800 Varde",6800,Varde,55.620669,8.482070
Intersport,INTERSPORT Blåvand,"Blåvandvej 12, 6857 Blåvand",6857,Blåvand,55.555037,8.127876
Intersport,INTERSPORT Hvide Sande,"Strandgade 12, 6960 Hvide Sande",6960,Hvide Sande,55.998919,8.123173
Intersport,INTERSPORT Horsens,"Torvet 6, 8700 Horsens",8700,Horsens,55.861665,9.852201
Kop & Kande,Kop & Kande Østerbro ved Søerne,"Østerbrogade 84A, 2100 København Ø",2100,København Ø,55.700290,12.579067
Kop & Kande,Kop & Kande Østerbro,"Østerbrogade 109, 2100 København Ø",2100,København Ø,55.710351,12.577354
Kop & Kande,Kop & Kande Greve,"Greve Midtby Center 12E, 2670 Greve",2670,Greve,55.582086,12.294256
Kop & Kande,Kop & Kande Søborg,"Søborg Hovedgade 205, 2860 Søborg",2860,Søborg,55.741972,12.496835
Kop & Kande,Kop & Kande Hellerup,"Strandvejen 157, 2900 Hellerup",2900,Hellerup,55.731456,12.575732
Kop & Kande,Kop & Kande Nexø,"Sdr Hammer 4B, 3730 Nexø",3730,Nexø,55.061875,15.134494
Kop & Kande,Kop & Kande Borup,"Hovedgaden 18, 4140 Borup",4140,Borup,55.495463,11.972795
Kop & Kande,Kop & Kande Slagelse,"Rådhuspladsen 7, 4200 Slagelse",4200,Slagelse,55.405084,11.355631
Kop & Kande,Kop & Kande Holbæk,"Ahlgade 68, 4300 Holbæk",4300,Holbæk,55.716859,11.715106
Kop & Kande,Kop & Kande Jyderup,"Skarridsøgade 39D, 4450 Jyderup",4450,Jyderup,55.660038,11.397471
Kop & Kande,Kop & Kande Asnæs Centret,"Asnæs Centret 1, 4550 Asnæs",4550,Asnæs,55.811677,11.502519
Kop & Kande,Kop & Kande Køge,"Torvet 14, 4600 Køge",4600,Køge,55.456942,12.181597
Kop & Kande,Kop & Kande Næstved Storcenter,"Næstved Storcenter 3, 4700 Næstved",4700,Næstved,55.253363,11.781026
Kop & Kande,Kop & Kande Nykøbing F.,"Jernbanegade 21, 4800 Nykøbing F",4800,Nykøbing F,54.766407,11.871984
Kop & Kande,Kop & Kande Stubbekøbing,"Vestergade 25, 4850 Stubbekøbing",4850,Stubbekøbing,54.890301,12.040145
Kop & Kande,Kop & Kande Nakskov,"Søndergade 38, 4900 Nakskov",4900,Nakskov,54.829548,11.139360
Kop & Kande,Kop & Kande Maribo,"Lollands Centret 22, 4930 Maribo",4930,Maribo,54.774140,11.505567
Kop & Kande,Kop & Kande Middelfart,"Algade 77, 5500 Middelfart",5500,Middelfart,55.504979,9.734667
Kop & Kande,Kop & Kande Aarup,"Bredgade 43, 5560 Aarup",5560,Aarup,55.380231,10.048667
Kop & Kande,Kop & Kande Nyborg,"Korsgade 5, 5800 Nyborg",5800,Nyborg,55.311910,10.790217
Kop & Kande,Kop & Kande Rudkøbing,"Østergade 35, 5900 Rudkøbing",5900,Rudkøbing,54.935573,10.714797
Kop & Kande,Kop & Kande Aabenraa,"Storegade 34A, 6200 Aabenraa",6200,Aabenraa,55.042990,9.418759
Kop & Kande,Kop & Kande Sønderborg,"Perlegade 29, 6400 Sønderborg",6400,Sønderborg,54.910850,9.790719
Kop & Kande,Kop & Kande Esbjerg,"Kongensgade 76, 6700 Esbjerg",6700,Esbjerg,55.466574,8.447336
Kop & Kande,Kop & Kande Skjern,"Østergade 6, 6900 Skjern",6900,Skjern,55.948515,8.493235
Kop & Kande,Kop & Kande Lange Ringkøbing,"Skaadsmosevej 4, 6950 Ringkøbing",6950,Ringkøbing,56.086013,8.277646
Kop & Kande,Kop & Kande Merrild Ringkøbing,"Torvet 4, 6950 Ringkøbing",6950,Ringkøbing,56.089951,8.244243
Kop & Kande,Kop & Kande Hvide Sande,"Havnegade 3, 6960 Hvide Sande",6960,Hvide Sande,56.000079,8.126086
Kop & Kande,Kop & Kande Spjald,"Hovedgaden 50, 6971 Spjald",6971,Spjald,56.125320,8.506811
Kop & Kande,Kop & Kande Vejle,"Søndergade 22, 7100 Vejle",7100,Vejle,55.706610,9.532557
Kop & Kande,Kop & Kande Give,"Vestergade 17A, 7323 Give",7323,Give,55.844454,9.235353
Kop & Kande,Kop & Kande Herning,"Bredgade 6, 7400 Herning",7400,Herning,56.136382,8.973857
Kop & Kande,Kop & Kande Ikast,"Strøget 8F, 7430 Ikast",7430,Ikast,56.140256,9.155535
Kop & Kande,Kop & Kande Holstebro,"Østergade 3, 7500 Holstebro",7500,Holstebro,56.358430,8.617916
Kop & Kande,Kop & Kande Lemvig,"Vestergade 16, 7620 Lemvig",7620,Lemvig,56.549992,8.306565
Kop & Kande,Kop & Kande Skive,"Ågade 12, 7800 Skive",7800,Skive,56.565988,9.032486
Kop & Kande,Kop & Kande Nykøbing Mors,"Algade 14, 7900 Nykøbing M",7900,Nykøbing M,56.795048,8.859658
Kop & Kande,Kop & Kande Hadsten,"Søndergade 4, 8370 Hadsten",8370,Hadsten,56.327747,10.045554
Kop & Kande,Kop & Kande Grenå,"Nørregade 20, 8500 Grenaa",8500,Grenaa,56.415002,10.877964
Kop & Kande,Kop & Kande Skanderborg,"Adelgade 61, 8660 Skanderborg",8660,Skanderborg,56.033356,9.930280
Kop & Kande,Kop & Kande Horsens,"Søndergade 14A, 8700 Horsens",8700,Horsens,55.860954,9.846249
Kop & Kande,Kop & Kande Viborg,"Vestergade 1A, 8800 Viborg",8800,Viborg,56.450813,9.406615
Kop & Kande,Kop & Kande Auning,"Centervej 19, 8963 Auning",8963,Auning,56.431673,10.372966
Kop & Kande,Kop & Kande Aalborg Storcenter,"Hobrovej 452D, 9200 Aalborg SV",9200,Aalborg SV,57.004365,9.873962
Kop & Kande,Kop & Kande Sæby,"Grønnegade 20, 9300 Sæby",9300,Sæby,57.334143,10.517210
Kop & Kande,Kop & Kande Pandrup,"Bredgade 12, 9490 Pandrup",9490,Pandrup,57.223487,9.676734
Kop & Kande,Kop & Kande Støvring,"Jernbanegade 1, 9530 Støvring",9530,Støvring,56.892251,9.837193
Kop & Kande,Kop & Kande Aars,"Himmerlandsgade 99, 9600 Aars",9600,Aars,56.803206,9.514860
Kop & Kande,Kop & Kande Farsø,"Dr. Ingrids Vej 3P, 9640 Farsø",9640,Farsø,56.771740,9.343088
Kop & Kande,Kop & Kande Brønderslev,"Arkaden 2, 9700 Brønderslev",9700,Brønderslev,57.267644,9.948050
Kop & Kande,Kop & Kande Frederikshavn,"Parallelvej 24, 9900 Frederikshavn",9900,Frederikshavn,57.439125,10.532607
Kop & Kande,Kop & Kande Skagen,"Sct. Laurentii Vej 59, 9990 Skagen",9990,Skagen,57.721909,10.588259
Louis Nielsen,Louis Nielsen København K,"Købmagergade 62A, 1150 København K",1150,København K,55.681891,12.574813
Louis Nielsen,Louis Nielsen Frederiksberg,"Falkoner Alle 15, 2000 Frederiksberg",2000,Frederiksberg,55.680459,12.533666
Louis Nielsen,Louis Nielsen København Ø,"Østerbrogade 35, 2100 København Ø",2100,København Ø,55.700081,12.577218
Louis Nielsen,Louis Nielsen København S,"Amagerbrogade 56A, 2300 København S",2300,København S,55.662383,12.602329
Louis Nielsen,Louis Nielsen Valby,"Valby Langgade 49B, 2500 Valby",2500,Valby,55.666544,12.516397
Louis Nielsen,Louis Nielsen Glostrup,"Hovedvejen 98, 2600 Glostrup",2600,Glostrup,55.666334,12.400456
Louis Nielsen,Louis Nielsen Brønshøj,"Frederikssundsvej 167, 2700 Brønshøj",2700,Brønshøj,55.704435,12.500701
Louis Nielsen,Louis Nielsen Kongens Lyngby,"Lyngby Hovedgade 54A, 2800 Kongens Lyngby",2800,Kongens Lyngby,55.771350,12.502110
Louis Nielsen,Louis Nielsen Rønne,"Store Torvegade 6A, 3700 Rønne",3700,Rønne,55.103199,14.699364
Louis Nielsen,Louis Nielsen Rønne,"Store Torvegade 4, 3700 Rønne",3700,Rønne,55.103086,14.699313
Louis Nielsen,Louis Nielsen Roskilde,"Algade 33, 4000 Roskilde",4000,Roskilde,55.641121,12.086652
Louis Nielsen,Louis Nielsen Slagelse,"Idagårdsvej 1, 4200 Slagelse",4200,Slagelse,55.390733,11.356408
Louis Nielsen,Louis Nielsen Holbæk,"Ahlgade 23, 4300 Holbæk",4300,Holbæk,55.717968,11.710800
Louis Nielsen,Louis Nielsen Vordingborg,"Algade 65, 4760 Vordingborg",4760,Vordingborg,55.010071,11.907004
Louis Nielsen,Louis Nielsen Nykøbing F,"Østergågade 10, 4800 Nykøbing F",4800,Nykøbing F,54.766942,11.868543
Louis Nielsen,Louis Nielsen Odense C,"Kongensgade 22, 5000 Odense C",5000,Odense C,55.395788,10.382251
Louis Nielsen,Louis Nielsen Odense SØ,"Gørtlervej 4, 5220 Odense SØ",5220,Odense SØ,55.384151,10.425096
Louis Nielsen,Louis Nielsen Odense M,"Niels Bohrs Allé 150, 5230 Odense M",5230,Odense M,55.377501,10.432146
Louis Nielsen,Louis Nielsen Faaborg,"Torvegade 25C, 5600 Faaborg",5600,Faaborg,55.095369,10.241017
Louis Nielsen,Louis Nielsen Svendborg,"Centrumpladsen 8, 5700 Svendborg",5700,Svendborg,55.059517,10.607236
Louis Nielsen,Louis Nielsen Kolding,"Østergade 4, 6000 Kolding",6000,Kolding,55.490070,9.473779
Louis Nielsen,Louis Nielsen Kolding,"Skovvangen 42, 6000 Kolding",6000,Kolding,55.513432,9.460026
Louis Nielsen,Louis Nielsen Aabenraa,"Ramsherred 23B, 6200 Aabenraa",6200,Aabenraa,55.046541,9.418405
Louis Nielsen,Louis Nielsen Aabenraa,"Ramsherred 38, 6200 Aabenraa",6200,Aabenraa,55.045386,9.418455
Louis Nielsen,Louis Nielsen Sønderborg,"Jernbanegade 20, 6400 Sønderborg",6400,Sønderborg,54.910317,9.792286
Louis Nielsen,Louis Nielsen Esbjerg,"Kongensgade 19, 6700 Esbjerg",6700,Esbjerg,55.465916,8.453656
Louis Nielsen,Louis Nielsen Ribe,"Mellemdammen 20, 6760 Ribe",6760,Ribe,55.329254,8.764493
Louis Nielsen,Louis Nielsen Varde,"Vestergade 10A, 6800 Varde",6800,Varde,55.621152,8.479446
Louis Nielsen,Louis Nielsen Ringkøbing,"Algade 14, 6950 Ringkøbing",6950,Ringkøbing,56.089151,8.245177
Louis Nielsen,Louis Nielsen Fredericia,"Danmarksgade 18, 7000 Fredericia",7000,Fredericia,55.567049,9.756127
Louis Nielsen,Louis Nielsen Vejle,"Torvegade 22A, 7100 Vejle",7100,Vejle,55.708871,9.533164
Louis Nielsen,Louis Nielsen Grindsted,"Nørregade 4, 7200 Grindsted",7200,Grindsted,55.757760,8.927188
Louis Nielsen,Louis Nielsen Thisted,"Vestergade 16C, 7700 Thisted",7700,Thisted,56.954932,8.688432
Louis Nielsen,Louis Nielsen Skive,"Posthustorvet 2B, 7800 Skive",7800,Skive,56.565173,9.025721
Louis Nielsen,Louis Nielsen Aarhus C,"Ryesgade 18, 8000 Aarhus C",8000,Aarhus C,56.151988,10.204783
Louis Nielsen,Louis Nielsen Risskov,"Frijsenborgvej 5A, 8240 Risskov",8240,Risskov,56.188762,10.214751
Louis Nielsen,Louis Nielsen Viby J,"Viby Ringvej 2G, 8260 Viby J",8260,Viby J,56.129570,10.162375
Louis Nielsen,Louis Nielsen Grenaa,"Søndergade 4C, 8500 Grenaa",8500,Grenaa,56.412399,10.875769
Louis Nielsen,Louis Nielsen Silkeborg,"Søndergade 4, 8600 Silkeborg",8600,Silkeborg,56.168343,9.549740
Louis Nielsen,Louis Nielsen Viborg,"Sct. Mathias Gade 17A, 8800 Viborg",8800,Viborg,56.449476,9.404795
Louis Nielsen,Louis Nielsen Aalborg,"Østerågade 5, 9000 Aalborg",9000,Aalborg,57.047973,9.920777
Louis Nielsen,Louis Nielsen Aalborg SV,"Hobrovej 452B, 9200 Aalborg SV",9200,Aalborg SV,57.005404,9.874088
Louis Nielsen,Louis Nielsen Aalborg SV,"Hobrovej 452D, 9200 Aalborg SV",9200,Aalborg SV,57.004048,9.874802
Louis Nielsen,Louis Nielsen Hjørring,"Østergade 22B, 9800 Hjørring",9800,Hjørring,57.458648,9.990454
Matas,Matas København K - Købmagergade 19,"Købmagergade 19, 1150 København K",1150,København K,55.680130,12.578700
Matas,Matas København K - St. Kongensgade 47,"Store Kongensgade 47, 1264 København K",1264,København K,55.683485,12.586854
Matas,Matas København K - Nørreport - Frederiksborggade 18,"Nørre Voldgade 19, 1358 København K",1358,København K,55.683785,12.571988
Matas,Matas København K - Torvegade 58,"Torvegade 58, 1400 København K",1400,København K,55.671485,12.592914
Matas,Matas København K - Nytorv 3 / Nygade 7,"Nytorv 5, 1450 København K",1450,København K,55.677735,12.573259
Matas,Matas København V - Fisketorvet Kalvebod Brygge 59,"Kalvebod Brygge 57, 1560 København V",1560,København V,55.662760,12.562029
Matas,Matas København V - H. C. Andersens Boulevard 18,"Vesterbrogade 1E, 1620 København V",1620,København V,55.675060,12.567480
Matas,Matas København V - Vesterbrogade 80-82,"Vesterbrogade 80, 1620 København V",1620,København V,55.672790,12.550610
Matas,Matas København V - Tapperi torvet 22 - 24,"Tapperitorvet 22, 1799 København V",1799,København V,55.663910,12.536602
Matas,Matas Frederiksberg C - Gl. Kongevej 151,"Gammel Kongevej 151, 1850 Frederiksberg C",1850,Frederiksberg C,55.677190,12.537818
Matas,Matas Frederiksberg C - Gl. Kongevej 98,"H.C. Ørsteds Vej 4A, 1879 Frederiksberg C",1879,Frederiksberg C,55.675720,12.545670
Matas,Matas Frederiksberg C - H.C. Ørstedsvej 42,"Forchhammersvej 28, 1920 Frederiksberg C",1920,Frederiksberg C,55.680689,12.549006
Matas,Matas Frederiksberg - Borups Allé 132,"Borups Alle 132, 2000 Frederiksberg",2000,Frederiksberg,55.694256,12.531340
Matas,Matas Frederiksberg - Falkoner Allé 53,"Falkoner Alle 55, 2000 Frederiksberg",2000,Frederiksberg,55.685206,12.537960
Matas,Matas Frederiksberg - Frederiksberg Centret Falkoner Allé 21,"Falkoner Alle 21, 2000 Frederiksberg",2000,Frederiksberg,55.681515,12.533938
Matas,Matas Frederiksberg - Nordre Fasanvej 15,"Nordre Fasanvej 15, 2000 Frederiksberg",2000,Frederiksberg,55.681406,12.522235
Matas,Matas Frederiksberg - P. Bangsvej 89,"Peter Bangs Vej 89, 2000 Frederiksberg",2000,Frederiksberg,55.678557,12.504486
Matas,Matas København Ø - Lyngbyvej 11,"Lyngbyvej 11, 2100 København Ø",2100,København Ø,55.707691,12.561544
Matas,Matas København Ø - Østerbrogade 104,"Østerbrogade 104, 2100 København Ø",2100,København Ø,55.702728,12.577670
Matas,Matas København Ø - Østerbrogade 142,"Østerbrogade 142, 2100 København Ø",2100,København Ø,55.707540,12.577670
Matas,Matas København Ø - Østerbrogade 44,"Østerbrogade 44, 2100 København Ø",2100,København Ø,55.696514,12.580042
Matas,Matas København Ø - Østerbrogade 72,"Østerbrogade 72, 2100 København Ø",2100,København Ø,55.699268,12.578180
Matas,Matas Nordhavn - Hamborg Plads 2,"Hamborg Plads 2, 2150 Nordhavn",2150,Nordhavn,55.707620,12.596300
Matas,Matas København N - Nørrebrogade 142,"Nørrebrogade 142, 2200 København N",2200,København N,55.694726,12.548430
Matas,Matas København N - Nørrebrogade 189,"Nørrebrogade 189, 2200 København N",2200,København N,55.696637,12.545158
Matas,Matas København N - Nørrebrogade 47,"Nørrebrogade 47, 2200 København N",2200,København N,55.689155,12.556975
Matas,Matas København S - Amager Centret 117,"Reberbanegade 5, 2300 København S",2300,København S,55.662610,12.604074
Matas,Matas København S - Amagerbrogade 172,"Amagerbrogade 172, 2300 København S",2300,København S,55.652977,12.611159
Matas,Matas København S - Amagerbrogade 47,"Amagerbrogade 47, 2300 København S",2300,København S,55.663378,12.601541
Matas,Matas København S - Fields Arne Jacobsens Allé 12,"Arne Jacobsens Allé 4D, 2300 København S",2300,København S,55.631165,12.573184
Matas,"Matas København S - Njalsgade 32, st.","Njalsgade 32, 2300 København S",2300,København S,55.665540,12.581140
Matas,Matas København S - Sundbyvester Plads 1-3,"Sundbyvester Plads 1, 2300 København S",2300,København S,55.646080,12.614131
Matas,"Matas København NV - Nørrebro Bycenter, Lygten 2M, 6","Lygten 2M, 2400 København NV",2400,København NV,55.703993,12.538325
Matas,Matas Valby - Spinderigade 8,"Spinderigade 8, 2500 Valby",2500,Valby,55.665092,12.511555
Matas,Matas Glostrup - Glostrup Centret 26,"Glostrup Shoppingcenter 2, 2600 Glostrup",2600,Glostrup,55.664915,12.399784
Matas,Matas Rødovre - Rødovre Centrum 50,"Rødovre Centrum 1H, 2610 Rødovre",2610,Rødovre,55.678816,12.457831
Matas,Matas Albertslund - Stationstorvet 19,"Stationstorvet 19, 2620 Albertslund",2620,Albertslund,55.657170,12.353603
Matas,Matas Taastrup - City 2 - Cityringen 20 - Butik 236,"Cityringen 22, 2630 Taastrup",2630,Taastrup,55.643426,12.275939
Matas,"Matas Taastrup - Taastrup Hovedgade 77, st 5","Selsmosevej 2W, 2630 Taastrup",2630,Taastrup,55.652990,12.302620
Matas,Matas Ishøj - Ishøj Lille Torv 2 B,"Ishøj Lille Torv 6, 2635 Ishøj",2635,Ishøj,55.614559,12.354981
Matas,Matas Hvidovre - Laurits Olsens Vej 1,"Laurits Olsens Vej 1, 2650 Hvidovre",2650,Hvidovre,55.663571,12.474246
Matas,Matas Hvidovre - Strandmarksvej 20,"Strandmarksvej 20, 2650 Hvidovre",2650,Hvidovre,55.626818,12.484686
Matas,Matas Vallensbæk Strand - Vallensbæk Stationstorv,"Vallensbæk Stationstorv 71, 2665 Vallensbæk Strand",2665,Vallensbæk Strand,55.623542,12.387923
Matas,Matas Greve - Greve Midtby Center 10 D,"Greve Midtby Center 10K, 2670 Greve",2670,Greve,55.582510,12.297030
Matas,Matas Greve - Over Bølgen 6E,"Over Bølgen 7C, 2670 Greve",2670,Greve,55.598402,12.327718
Matas,Matas Solrød Strand - Solrød Centret 45,"Solrød Center 45, 2680 Solrød Strand",2680,Solrød Strand,55.533519,12.217475
Matas,Matas Brønshøj - Frederikssundsvej 156 B,"Frederikssundsvej 156B, 2700 Brønshøj",2700,Brønshøj,55.704816,12.497835
Matas,"Matas Brønshøj - Frederikssundsvej 308, Husum","Frederikssundsvej 307, 2700 Brønshøj",2700,Brønshøj,55.710862,12.476128
Matas,Matas Vanløse - Vanløse Torv 1,"Vanløse Torv 5, 2720 Vanløse",2720,Vanløse,55.686693,12.490652
Matas,Matas Herlev - Herlev Bymidte Butikscenter,"Borgerdiget 70B, 2730 Herlev",2730,Herlev,55.730275,12.424900
Matas,Matas Skovlunde - Torvestrædet 7,"Torvestrædet 5, 2740 Skovlunde",2740,Skovlunde,55.720618,12.401599
Matas,"Matas Ballerup - Ballerup-Centret 2, st. 9","Banetoften 7, 2750 Ballerup",2750,Ballerup,55.728832,12.357393
Matas,Matas Kastrup - Skottegården 8,"Skottegården 8, 2770 Kastrup",2770,Kastrup,55.638480,12.634503
Matas,Matas Kastrup - Tårnby torv 5,"Tårnby Torv 5, 2770 Kastrup",2770,Kastrup,55.630662,12.601147
Matas,Matas Kastrup - Ugandavej 111,"Ugandavej 111, 2770 Kastrup",2770,Kastrup,55.603546,12.585481
Matas,"Matas Dragør - Dragør Center, Magleby Torv 14","Maglebytorv 3, 2791 Dragør",2791,Dragør,55.596084,12.658150
Matas,Matas Kongens Lyngby - Lyngby Hovedgade 47,"Lyngby Hovedgade 47, 2800 Kongens Lyngby",2800,Kongens Lyngby,55.769916,12.504601
Matas,Matas Kongens Lyngby - Lyngby Storcenter 1 st. 10,"Toftebæksvej 6A, 2800 Kongens Lyngby",2800,Kongens Lyngby,55.771694,12.505287
Matas,Matas Gentofte - Gentoftegade 52,"Gentoftegade 52, 2820 Gentofte",2820,Gentofte,55.747289,12.540873
Matas,"Matas Virum - Geels Plads 18, Postbox 57","Geels Plads 20, 2830 Virum",2830,Virum,55.795099,12.474623
Matas,Matas Holte - Holte Midtpunkt 12,"Holte Midtpunkt 12, 2840 Holte",2840,Holte,55.811258,12.471234
Matas,Matas Nærum - Nærum Vænge Torv 12-14,"Byageren 9, 2850 Nærum",2850,Nærum,55.816157,12.535531
Matas,Matas Søborg - Søborg Hovedgade 112,"Søborg Hovedgade 112, 2860 Søborg",2860,Søborg,55.736542,12.510794
Matas,Matas Søborg - Søborg Hovedgade 221,"Søborg Hovedgade 221, 2860 Søborg",2860,Søborg,55.742245,12.495069
Matas,Matas Bagsværd - Bagsværd Hovedgade 103,"Bagsværd Hovedgade 103, 2880 Bagsværd",2880,Bagsværd,55.760168,12.455170
Matas,Matas Hellerup - Strandvejen 102,"Strandvejen 88, 2900 Hellerup",2900,Hellerup,55.731228,12.576183
Matas,Matas Hellerup - Tuborg Havnevej 4,"Tuborg Havnevej 4, 2900 Hellerup",2900,Hellerup,55.725848,12.578162
Matas,Matas Charlottenlund - Jægersborg Allé 24,"Jægersborg Alle 24, 2920 Charlottenlund",2920,Charlottenlund,55.754447,12.569208
Matas,Matas Hørsholm - Hovedgaden 51,"Hovedgaden 51, 2970 Hørsholm",2970,Hørsholm,55.880501,12.498010
Matas,"Matas Hørsholm - Kongevejs Centret 2, Postbox 30","Kongevejs-Centret 2C, 2970 Hørsholm",2970,Hørsholm,55.887045,12.497921
Matas,"Matas Hørsholm - Postbox 189, Hørsholm Midtpunkt","Hørsholm Midtpunkt 37, 2970 Hørsholm",2970,Hørsholm,55.881243,12.496530
Matas,"Matas Helsingør - Prøvestenscentret, Prøvestenen 12","Kierboesvej 9, 3000 Helsingør",3000,Helsingør,56.030787,12.592127
Matas,Matas Helsingør - Stengade 43,"Stengade 43, 3000 Helsingør",3000,Helsingør,56.034099,12.611247
Matas,Matas Helsingør - Stürup Plads 1.08,"Stürups Plads 1, 3000 Helsingør",3000,Helsingør,56.032605,12.608048
Matas,Matas Humlebæk - Humlebæk Center 6-7,"Humlebæk Center 6, 3050 Humlebæk",3050,Humlebæk,55.963538,12.531574
Matas,Matas Espergærde - Vester Torv 28,"Vester Torv 28, 3060 Espergærde",3060,Espergærde,55.994540,12.545024
Matas,Matas Hornbæk - Ndr. Strandvej 342,"Nordre Strandvej 341C, 3100 Hornbæk",3100,Hornbæk,56.089980,12.455508
Matas,"Matas Helsinge - VP Torvet, Østergade 12","Østergade 6R, 3200 Helsinge",3200,Helsinge,56.022193,12.200905
Matas,Matas Gilleleje - Vesterbrogade 6,"Vesterbrogade 6A, 3250 Gilleleje",3250,Gilleleje,56.125914,12.304716
Matas,"Matas Frederiksværk - Nørregade 38, Nordcentret","Nørregade 38, 3300 Frederiksværk",3300,Frederiksværk,55.976003,12.019461
Matas,Matas Hundested - Nørregade 14,"Nørregade 14, 3390 Hundested",3390,Hundested,55.964274,11.850149
Matas,"Matas Hillerød - Slotsarkaderne, butik nr. 41","Slotsarkaderne 37, 3400 Hillerød",3400,Hillerød,55.928516,12.298456
Matas,Matas Hillerød - Slotsgade 11,"Slotsgade 11, 3400 Hillerød",3400,Hillerød,55.929239,12.301713
Matas,Matas Allerød - M.D. Madsensvej 14-16,"M D Madsensvej 14, 3450 Allerød",3450,Allerød,55.869645,12.353465
Matas,Matas Birkerød - Hovedgaden 37,"Hovedgaden 25, 3460 Birkerød",3460,Birkerød,55.841890,12.432334
Matas,Matas Fredensborg - Jernbanegade 26,"Jernbanegade 26, 3480 Fredensborg",3480,Fredensborg,55.978232,12.400500
Matas,Matas Værløse - Bymidten 9,"Bymidten 9, 3500 Værløse",3500,Værløse,55.784684,12.373561
Matas,"Matas Farum - Farum Bytorv 14, Postboks 218","Farum Bytorv 2, 3520 Farum",3520,Farum,55.814250,12.378648
Matas,"Matas Frederikssund - Sillebroen, Butik 10","Nygade 42, 3600 Frederikssund",3600,Frederikssund,55.835592,12.062436
Matas,Matas Stenløse - Egedal Centret 72-74,"Egedal Centret 18C, 3660 Stenløse",3660,Stenløse,55.768616,12.198310
Matas,"Matas Rønne - Snellemarkcentret, Snellemark 17","Snellemark 17, 3700 Rønne",3700,Rønne,55.101516,14.694147
Matas,Matas Rønne - St. Torvegade 3-5,"Smallegade 1, 3700 Rønne",3700,Rønne,55.103353,14.698925
Matas,Matas Nexø - Købmagergade 7,"Købmagergade 7, 3730 Nexø",3730,Nexø,55.062261,15.132777
Matas,Matas Roskilde - Algade 2,"Algade 3, 4000 Roskilde",4000,Roskilde,55.641110,12.081928
Matas,Matas Roskilde - Ro's Torv 1 st. Butik 34,"Ro's Torv 3, 4000 Roskilde",4000,Roskilde,55.642123,12.100284
Matas,Matas Roskilde - Skomagergade 26,"Skomagergade 26, 4000 Roskilde",4000,Roskilde,55.641032,12.078069
Matas,Matas Jyllinge - Jyllinge Centret 29,"Jyllingecentret 29, 4040 Jyllinge",4040,Jyllinge,55.750160,12.108449
Matas,Matas Skibby - Bymidten 16,"Bymidten 16, 4050 Skibby",4050,Skibby,55.751775,11.959031
Matas,Matas Ringsted - Ringstedet - Klosterparks Allé 10,"Klosterparks Alle 10, 4100 Ringsted",4100,Ringsted,55.453519,11.788028
Matas,Matas Ringsted - Sct. Hansgade 5,"Sct Hansgade 5, 4100 Ringsted",4100,Ringsted,55.444690,11.789960
Matas,Matas Borup - Hovedgaden 62,"Hovedgaden 62, 4140 Borup",4140,Borup,55.498485,11.976922
Matas,Matas Sorø - Holberg Arkaden 14,"Holberg Arkaden 14, 4180 Sorø",4180,Sorø,55.432719,11.558394
Matas,Matas Slagelse - Nytorv 4,"Nytorv 4, 4200 Slagelse",4200,Slagelse,55.403815,11.355936
Matas,Matas Slagelse - Vestsjællandscentret 10A stuen 18,"Jernbanegade 7A, 4200 Slagelse",4200,Slagelse,55.405739,11.353206
Matas,Matas Korsør - Nygade 10,"Nygade 6, 4220 Korsør",4220,Korsør,55.329352,11.139254
Matas,Matas Skælskør - Algade 13A,"Algade 13A, 4230 Skælskør",4230,Skælskør,55.253622,11.293032
Matas,Matas Høng - Centervej 41,"Centervej 41, 4270 Høng",4270,Høng,55.504489,11.289187
Matas,Matas Dianalund - Torvet 9,"Torvet 9, 4293 Dianalund",4293,Dianalund,55.526933,11.497815
Matas,Matas Holbæk - Ahlgade 33,"Ahlgade 33, 4300 Holbæk",4300,Holbæk,55.717861,11.711711
Matas,Matas Holbæk - Ahlgade 64,"Ahlgade 64, 4300 Holbæk",4300,Holbæk,55.716949,11.714705
Matas,Matas Kalundborg - Kordilgade 20,"Kordilgade 20, 4400 Kalundborg",4400,Kalundborg,55.680179,11.089709
Matas,Matas Jyderup - Skarridsøgade 37,"Skarridsøgade 37, 4450 Jyderup",4450,Jyderup,55.659794,11.398180
Matas,Matas Nykøbing Sj - Algade 15,"Algade 15, 4500 Nykøbing Sj",4500,Nykøbing Sj,55.922289,11.667765
Matas,Matas Asnæs - Centervejen 3,"Centervejen 3, 4550 Asnæs",4550,Asnæs,55.812822,11.500336
Matas,Matas Køge - Brogade 3,"Brogade 3, 4600 Køge",4600,Køge,55.455881,12.182352
Matas,Matas Køge - Jernbanegade 13,"Jernbanegade 13, 4600 Køge",4600,Køge,55.457681,12.184416
Matas,Matas Køge - Ølby Torvecenter 27,"Ølbycenter 24, 4600 Køge",4600,Køge,55.478536,12.174232
Matas,Matas Faxe - Torvegade 18,"Torvegade 18, 4640 Faxe",4640,Faxe,55.257844,12.120150
Matas,Matas Store Heddinge - Algade 4,"Algade 4, 4660 Store Heddinge",4660,Store Heddinge,55.309148,12.389044
Matas,Matas Haslev - Jernbanegade 27,"Jernbanegade 27B, 4690 Haslev",4690,Haslev,55.327770,11.963713
Matas,Matas Næstved - Næstved Storcenter 10,"Næstved Storcenter 1, 4700 Næstved",4700,Næstved,55.253396,11.781970
Matas,Matas Næstved - Ringstedgade 2,"Ringstedgade 2, 4700 Næstved",4700,Næstved,55.231912,11.758935
Matas,Matas Næstved - Sct. Jørgens Park 64,"Sct Jørgens Park 64, 4700 Næstved",4700,Næstved,55.216351,11.756144
Matas,Matas Præstø - Svend Gønges Torv 4,"Svend Gønges Torv 4, 4720 Præstø",4720,Præstø,55.121819,12.039664
Matas,Matas Vordingborg - Algade 71A,"Algade 71A, 4760 Vordingborg",4760,Vordingborg,55.009775,11.907446
Matas,Matas Stege - Storegade 41,"Storegade 41, 4780 Stege",4780,Stege,54.985213,12.286439
Matas,Matas Nykøbing F - Jernbanegade 28,"Jernbanegade 28, 4800 Nykøbing F",4800,Nykøbing F,54.765828,11.873307
Matas,Matas Nykøbing F - Østergågade 5,"Østergågade 5, 4800 Nykøbing F",4800,Nykøbing F,54.767474,11.868321
Matas,Matas Nakskov - Søndergade 22 st.,"Søndergade 22, 4900 Nakskov",4900,Nakskov,54.829648,11.138097
Matas,Matas Maribo - Lollandscentret 44,"Lollands Centret 44, 4930 Maribo",4930,Maribo,54.774336,11.505838
Matas,Matas Odense C - Skibhusvej 87,"Skibhusvej 87, 5000 Odense C",5000,Odense C,55.408252,10.393687
Matas,Matas Odense C - Vestergade 49,"Vestergade 49, 5000 Odense C",5000,Odense C,55.395347,10.384496
Matas,Matas Odense C - Vestergade 70,"Vestergade 70, 5000 Odense C",5000,Odense C,55.394347,10.381147
Matas,Matas Odense NV - Tarup-Centret,"Rugvang 36C, 5210 Odense NV",5210,Odense NV,55.409784,10.338944
Matas,Matas Odense SØ - Rosengårdcentret 51,"Gørtlervej 4, 5220 Odense SØ",5220,Odense SØ,55.384364,10.424769
Matas,"Matas Odense SV - Dalumcentret, Dalumvej 42-44","Dalumvej 42, 5250 Odense SV",5250,Odense SV,55.370969,10.371481
Matas,Matas Kerteminde - Langegade 20,"Langegade 20, 5300 Kerteminde",5300,Kerteminde,55.450336,10.658042
Matas,Matas Munkebo - Bycentret 208,"Bycentret 208, 5330 Munkebo",5330,Munkebo,55.460047,10.561057
Matas,Matas Bogense - Adelgade 82,"Adelgade 82, 5400 Bogense",5400,Bogense,55.564616,10.092518
Matas,Matas Otterup - Jernbanegade 25,"Jernbanegade 25, 5450 Otterup",5450,Otterup,55.513507,10.396278
Matas,Matas Middelfart - Algade 26,"Algade 26, 5500 Middelfart",5500,Middelfart,55.505651,9.730498
Matas,Matas Faaborg - Østergade 2,"Kai Nielsensvej 16, 5600 Faaborg",5600,Faaborg,55.104155,10.228725
Matas,Matas Assens - Østergade 37,"Østergade 37, 5610 Assens",5610,Assens,55.270057,9.897781
Matas,Matas Glamsbjerg - Søndergade 21,"Søndergade 21, 5620 Glamsbjerg",5620,Glamsbjerg,55.277132,10.106638
Matas,Matas Svendborg - Gerritsgade 17,"Gerritsgade 17, 5700 Svendborg",5700,Svendborg,55.059023,10.608249
Matas,Matas Svendborg - Voldgade 8-10,"Voldgade 10, 5700 Svendborg",5700,Svendborg,55.059544,10.605100
Matas,Matas Ringe - Algade 35,"Algade 35, 5750 Ringe",5750,Ringe,55.237778,10.479114
Matas,Matas Nyborg - Kongegade 17,"Kongegade 17, 5800 Nyborg",5800,Nyborg,55.311597,10.790958
Matas,Matas Rudkøbing - Østergade 42,"Østergade 42, 5900 Rudkøbing",5900,Rudkøbing,54.935382,10.715040
Matas,Matas Kolding - Helligkorsgade 14,"Helligkorsgade 14, 6000 Kolding",6000,Kolding,55.488970,9.474292
Matas,"Matas Kolding - Kolding Storcenter, Skovvangen 42","Skovvangen 42G, 6000 Kolding",6000,Kolding,55.513965,9.462533
Matas,Matas Haderslev - Bispegade 15 D,"Bispegade 15D, 6100 Haderslev",6100,Haderslev,55.250717,9.485442
Matas,Matas Aabenraa - Storegade 31,"Storegade 31, 6200 Aabenraa",6200,Aabenraa,55.043098,9.419060
Matas,Matas Tønder - Vestergade 10,"Vestergade 10, 6270 Tønder",6270,Tønder,54.934919,8.867997
Matas,Matas Gråsten - Jernbanegade 2,"Jernbanegade 2, 6300 Gråsten",6300,Gråsten,54.921443,9.593277
Matas,Matas Padborg - Torvegade 7,"Torvegade 7, 6330 Padborg",6330,Padborg,54.825506,9.361499
Matas,Matas Sønderborg - Borgen Østergade 4,"Østergade 4, 6400 Sønderborg",6400,Sønderborg,54.908852,9.792745
Matas,Matas Sønderborg - Perlegade 28,"Perlegade 28, 6400 Sønderborg",6400,Sønderborg,54.910930,9.791287
Matas,Matas Nordborg - Stationsvej 8,"Stationsvej 8, 6430 Nordborg",6430,Nordborg,55.056630,9.742349
Matas,Matas Vojens - Rådhuscentret 37,"Rådhuscentret 37, 6500 Vojens",6500,Vojens,55.245734,9.292194
Matas,Matas Toftlund - Søndergade 31,"Søndergade 31, 6520 Toftlund",6520,Toftlund,55.189544,9.065291
Matas,Matas Vejen - Nørregade 26,"Nørregade 26, 6600 Vejen",6600,Vejen,55.477379,9.138589
Matas,Matas Rødding - Østergade 10,"Østergade 10, 6630 Rødding",6630,Rødding,55.367856,9.060448
Matas,Matas Brørup - Søndergade 13,"Søndergade 13, 6650 Brørup",6650,Brørup,55.481857,9.018198
Matas,Matas Esbjerg - Exnersgade 18,"Exnersgade 18, 6700 Esbjerg",6700,Esbjerg,55.465780,8.458990
Matas,Matas Esbjerg - Kongensgade 42,"Kongensgade 42, 6700 Esbjerg",6700,Esbjerg,55.465975,8.451580
Matas,Matas Esbjerg - Kongensgade 51,"Kongensgade 51, 6700 Esbjerg",6700,Esbjerg,55.466426,8.449200
Matas,Matas Esbjerg V - Sædding-Centret Blok B,"Granvej 37, 6710 Esbjerg V",6710,Esbjerg V,55.497641,8.406906
Matas,"Matas Esbjerg N - Esbjerg StorC, Gl. Vardevej 230","Gl Vardevej 230D, 6715 Esbjerg N",6715,Esbjerg N,55.508509,8.449056
Matas,Matas Esbjerg N - Stormgade 155 (v. Bilka),"Stormgade 155, 6715 Esbjerg N",6715,Esbjerg N,55.509980,8.455223
Matas,Matas Bramming - Storegade 23,"Storegade 23, 6740 Bramming",6740,Bramming,55.464995,8.700099
Matas,Matas Ribe - Saltgade 9,"Saltgade 9, 6760 Ribe",6760,Ribe,55.330715,8.766570
Matas,Matas Skærbæk - Storegade 13,"Storegade 13, 6780 Skærbæk",6780,Skærbæk,55.158194,8.767398
Matas,Matas Varde - Kræmmergade 8,"Kræmmergade 6B, 6800 Varde",6800,Varde,55.619911,8.482202
Matas,Matas Ølgod - Torvet 16,"Torvet 16, 6870 Ølgod",6870,Ølgod,55.806687,8.618577
Matas,Matas Skjern - Jernbanegade 4-6,"Jernbanegade 4, 6900 Skjern",6900,Skjern,55.947862,8.494136
Matas,Matas Ringkøbing - Torvet 8 A,"Torvet 8A, 6950 Ringkøbing",6950,Ringkøbing,56.089928,8.243904
Matas,Matas Fredericia - Erritsø Bygade 111,"Erritsø Bygade 111, 7000 Fredericia",7000,Fredericia,55.543866,9.716817
Matas,Matas Fredericia - Jyllandsgade 18,"Jyllandsgade 18, 7000 Fredericia",7000,Fredericia,55.565513,9.755206
Matas,"Matas Vejle - Bryggen,Søndertorv 2, lm 115","Søndertorv 10C, 7100 Vejle",7100,Vejle,55.704989,9.531872
Matas,Matas Vejle - Nørregade 14 B,"Nørregade 14B, 7100 Vejle",7100,Vejle,55.710212,9.534483
Matas,Matas Vejle - Søndergade 20,"Søndergade 20B, 7100 Vejle",7100,Vejle,55.706711,9.532547
Matas,Matas Billund - Hovedgaden 15,"Hovedgaden 15, 7190 Billund",7190,Billund,55.731448,9.113817
Matas,Matas Grindsted - Borgergade 10,"Borgergade 10, 7200 Grindsted",7200,Grindsted,55.757020,8.928673
Matas,Matas Give - Østergade 15,"Østergade 15, 7323 Give",7323,Give,55.846254,9.239182
Matas,Matas Brande - Storegade 22,"Storegade 22, 7330 Brande",7330,Brande,55.943801,9.126455
Matas,Matas Herning - Bredgade 35,"Bredgade 35, 7400 Herning",7400,Herning,56.136053,8.971311
Matas,"Matas Herning - Herning Centret, Merkurvej 1A, st 10","Center Alle 3, 7400 Herning",7400,Herning,56.135420,9.003845
Matas,Matas Ikast - Strøget 7,"Strøget 43, 7430 Ikast",7430,Ikast,56.142237,9.154646
Matas,"Matas Holstebro - Nørreport Centret, Nørregade 60","Nørregade 60, 7500 Holstebro",7500,Holstebro,56.362279,8.619418
Matas,"Matas Holstebro - Gågaden, Nørregade 12","Søllergårdvej 8, 7600 Struer",7600,Struer,56.413753,8.562075
Matas,Matas Struer - Vestergade 9,"Vestergade 9, 7600 Struer",7600,Struer,56.491813,8.590910
Matas,Matas Lemvig - Vestergade 14,"Vestergade 14, 7620 Lemvig",7620,Lemvig,56.550001,8.307204
Matas,Matas Thisted - Storegade 1,"Storegade 1, 7700 Thisted",7700,Thisted,56.954743,8.691201
Matas,Matas Hurup Thy - Bredgade 96,"Bredgade 96, 7760 Hurup Thy",7760,Hurup Thy,56.749051,8.422164
Matas,Matas Skive - Frederiksgade 1,"Frederiksgade 1, 7800 Skive",7800,Skive,56.567289,9.026603
Matas,"Matas Skive - Ågade 4, Søndercentret","Ågade 2, 7800 Skive",7800,Skive,56.565282,9.031346
Matas,Matas Nykøbing M - Lille Torv 5,"Lilletorv 5, 7900 Nykøbing M",7900,Nykøbing M,56.794131,8.857321
Matas,Matas Århus C - Lille Torv 2,"Lille Torv 2A, 8000 Aarhus C",8000,Aarhus C,56.157643,10.207285
Matas,Matas Århus C - M.P. Bruunsgade 25,"Jægergårdsgade 93, 8000 Aarhus C",8000,Aarhus C,56.148867,10.204386
Matas,Matas Århus C - Søndergade 44,"Søndergade 44, 8000 Aarhus C",8000,Aarhus C,56.154305,10.206384
Matas,Matas Aarhus N - Finlandsgade 17,"Finlandsgade 17B, 8200 Aarhus N",8200,Aarhus N,56.170405,10.187604
Matas,Matas Aarhus N - Skelagervej 5-11,"Skelagervej 1C, 8200 Aarhus N",8200,Aarhus N,56.194336,10.194810
Matas,Matas Aarhus N - Trøjborg Centret Otte Ruds Gade 98-100,"Otte Ruds Gade 102, 8200 Aarhus N",8200,Aarhus N,56.172469,10.211981
Matas,Matas Brabrand - Gudrunsvej 7,"Gudrunsvej 7, 8220 Brabrand",8220,Brabrand,56.155275,10.135147
Matas,"Matas Risskov - Veri Center, Frijsenborgvej 5","Frijsenborgvej 5F, 8240 Risskov",8240,Risskov,56.189145,10.214827
Matas,Matas Viby J - Viby Centret,"Viby Ringvej 10, 8260 Viby J",8260,Viby J,56.129964,10.161394
Matas,Matas Højbjerg - Kridthøj Torv 7,"Kridthøjvej 7, 8270 Højbjerg",8270,Højbjerg,56.117386,10.194266
Matas,Matas Odder - Rosensgade 27,"Rådhusgade 21, 8300 Odder",8300,Odder,55.975718,10.149958
Matas,Matas Tranbjerg J - Kirketorvet 6,"Kirketorvet 6B, 8310 Tranbjerg J",8310,Tranbjerg J,56.090758,10.136110
Matas,Matas Hørning - Nørre Allé 13,"Nørre Alle 13, 8362 Hørning",8362,Hørning,56.086348,10.036770
Matas,Matas Hadsten - Søndergade 2,"Søndergade 2, 8370 Hadsten",8370,Hadsten,56.327790,10.045735
Matas,Matas Hinnerup - Storegade 12,"Storegade 12, 8382 Hinnerup",8382,Hinnerup,56.264359,10.062593
Matas,Matas Ebeltoft - Adelgade 36,"Adelgade 36, 8400 Ebeltoft",8400,Ebeltoft,56.199726,10.678919
Matas,Matas Rønde - Hovedgaden 23,"Hovedgaden 23, 8410 Rønde",8410,Rønde,56.300002,10.479286
Matas,Matas Hammel - Østergade 32,"Østergade 32, 8450 Hammel",8450,Hammel,56.256933,9.867706
Matas,Matas Galten - Søndergade 9,"Søndergade 9, 8464 Galten",8464,Galten,56.153542,9.903273
Matas,Matas Grenaa - Østergade 2C,"Østergade 2C, 8500 Grenaa",8500,Grenaa,56.413579,10.876649
Matas,Matas Hornslet - Tingvej 3-5,"Tingvej 3, 8543 Hornslet",8543,Hornslet,56.316106,10.317816
Matas,Matas Silkeborg - Borgergade 80,"Borgergade 80, 8600 Silkeborg",8600,Silkeborg,56.181786,9.548407
Matas,Matas Silkeborg - Torvet 12,"Torvet 12, 8600 Silkeborg",8600,Silkeborg,56.169782,9.550633
Matas,Matas Silkeborg - Vestergade 17,"Vestergade 17, 8600 Silkeborg",8600,Silkeborg,56.168468,9.546293
Matas,Matas Kjellerup - Vestergade 12,"Vestergade 12, 8620 Kjellerup",8620,Kjellerup,56.289220,9.429165
Matas,Matas Skanderborg - Adelgade 80,"Adelgade 80, 8660 Skanderborg",8660,Skanderborg,56.034253,9.931950
Matas,Matas Ry - Skanderborgvej 4,"Skanderborgvej 4, 8680 Ry",8680,Ry,56.091443,9.762893
Matas,"Matas Horsens - Bytorv Horsens,  Søndergade 10-14","Søndergade 10, 8700 Horsens",8700,Horsens,55.861796,9.846089
Matas,Matas Horsens - Søndergade 28,"Søndergade 28, 8700 Horsens",8700,Horsens,55.861744,9.848785
Matas,Matas Hedensted - Bytorvet 21A,"Bytorvet 1, 8722 Hedensted",8722,Hedensted,55.769875,9.701936
Matas,Matas Brædstrup - Bredgade 23,"Bredgade 23, 8740 Brædstrup",8740,Brædstrup,55.973844,9.611946
Matas,"Matas Viborg - Sct. Mathias Centret, Butik 202","Sct. Mathias Gade 38, 8800 Viborg",8800,Viborg,56.448932,9.405260
Matas,Matas Viborg - Sct. Mathiasgade 56,"Sct. Mathias Gade 56, 8800 Viborg",8800,Viborg,56.449222,9.407387
Matas,Matas Bjerringbro - Storegade 1,"Storegade 1, 8850 Bjerringbro",8850,Bjerringbro,56.374577,9.657372
Matas,Matas Randers C - Brødregade 7,"Brødregade 7, 8900 Randers C",8900,Randers C,56.460146,10.037767
Matas,Matas Randers C - Dytmærsken 6-8,"Dytmærsken 6, 8900 Randers C",8900,Randers C,56.459158,10.038543
Matas,Matas Randers SØ - Merkurvej 55,"Merkurvej 55, 8960 Randers SØ",8960,Randers SØ,56.429699,10.063900
Matas,Matas Aalborg - Algade 3,"Algade 3, 9000 Aalborg",9000,Aalborg,57.046840,9.923075
Matas,Matas Aalborg - Bispensgade 4,"Bispensgade 4, 9000 Aalborg",9000,Aalborg,57.049203,9.921060
Matas,"Matas Aalborg - Friis Citycenter, Butik 14, Nytorv 27 Ny","Nytorv 27, 9000 Aalborg",9000,Aalborg,57.047885,9.926319
Matas,"Matas Aalborg - Hasseris Bymidte 31, st.","Hasseris Bymidte 19, 9000 Aalborg",9000,Aalborg,57.036135,9.883647
Matas,Matas Aalborg - Vejgaard Torv 5,"Vejgård Torv 5, 9000 Aalborg",9000,Aalborg,57.042433,9.949531
Matas,Matas Aalborg SV - Aalborg St. Center Hobrovej 452,"Hobrovej 452D, 9200 Aalborg SV",9200,Aalborg SV,57.004346,9.874922
Matas,Matas Nibe - Skomagertorvet 10,"Skomagertorvet 10, 9240 Nibe",9240,Nibe,56.981696,9.637076
Matas,"Matas Sæby - Torvet, Vestergade 26","Vestergade 26, 9300 Sæby",9300,Sæby,57.334635,10.518444
Matas,Matas Dronninglund - Slotsgade 49,"Slotsgade 49, 9330 Dronninglund",9330,Dronninglund,57.159562,10.291883
Matas,Matas Nørresundby - Vestergade 30 lejemål 7,"Vestergade 33, 9400 Nørresundby",9400,Nørresundby,57.059977,9.918479
Matas,Matas Aabybro - Åbybro-Centret 13,"Irisvej 12, 9440 Aabybro",9440,Aabybro,57.160205,9.734749
Matas,Matas Brovst - Jernbanegade 39,"Jernbanegade 39, 9460 Brovst",9460,Brovst,57.099008,9.521481
Matas,Matas Hobro - Adelgade 28,"Adelgade 28, 9500 Hobro",9500,Hobro,56.638620,9.793540
Matas,Matas Støvring - Støvring Bytorv 7,"Støvring Bytorv 7, 9530 Støvring",9530,Støvring,56.891834,9.837606
Matas,Matas Hadsund - Butikstorvet 9,"Butikstorvet 9, 9560 Hadsund",9560,Hadsund,56.717764,10.113520
Matas,Matas Aars - Himmerlandsgade 57,"Himmerlandsgade 57, 9600 Aars",9600,Aars,56.803365,9.519025
Matas,Matas Aalestrup - Vestergade 7A,"Vestergade 7A, 9620 Aalestrup",9620,Aalestrup,56.694032,9.494186
Matas,Matas Farsø - Rådhuscentret,"Th. Eriksens Vej 20M, 9640 Farsø",9640,Farsø,56.772094,9.341709
Matas,Matas Løgstør - Østerbrogade 18,"Østerbrogade 18, 9670 Løgstør",9670,Løgstør,56.967671,9.252837
Matas,Matas Fjerritslev - Søndergade 2,"Søndergade 2, 9690 Fjerritslev",9690,Fjerritslev,57.088144,9.265871
Matas,Matas Brønderslev - Algade 27-29,"Algade 27, 9700 Brønderslev",9700,Brønderslev,57.268229,9.946474
Matas,"Matas Hjørring - Metropol, Østergade 30 st. 26, niv. 3","Parallelvej 48, 9800 Hjørring",9800,Hjørring,57.456117,9.995632
Matas,Matas Hjørring - Springvandspladsen 6,"Springvandspladsen 6, 9800 Hjørring",9800,Hjørring,57.459841,9.986744
Matas,Matas Hirtshals - Nørregade 2,"Nørregade 2, 9850 Hirtshals",9850,Hirtshals,57.590637,9.956298
Matas,Matas Sindal - Nørregade 12,"Nørregade 14A, 9870 Sindal",9870,Sindal,57.471855,10.202104
Matas,Matas Frederikshavn - Hjørringvej 143A,"Hjørringvej 143A, 9900 Frederikshavn",9900,Frederikshavn,57.446461,10.508781
Matas,Matas Frederikshavn - Søndergade 6,"Søndergade 6, 9900 Frederikshavn",9900,Frederikshavn,57.437690,10.534326
Matas,Matas Skagen - Sct. Laurentiivej 45,"Sct. Laurentii Vej 45, 9990 Skagen",9990,Skagen,57.722780,10.590970
POWER,POWER Fisketorvet,"Kalvebod Brygge 59, 1560 København V",1560,København V,55.662731,12.561475
POWER,POWER Vesterport,"Ved Vesterport 4, 1612 København V",1612,København V,55.675248,12.561290
POWER,POWER Frederiksberg Centret,"Solbjergvej 2E, 2000 Frederiksberg",2000,Frederiksberg,55.681463,12.531973
POWER,POWER Glostrup,"Hovedvejen 197, 2600 Glostrup",2600,Glostrup,55.663565,12.373758
POWER,POWER Rødovre,"Rødovre Centrum 1H, 2610 Rødovre",2610,Rødovre,55.679050,12.457160
POWER,POWER Ishøj,"Industridalen 11, 2635 Ishøj",2635,Ishøj,55.619330,12.338190
POWER,"POWER BIG, Herlev","Herlev Hovedgade 17, 2730 Herlev",2730,Herlev,55.719258,12.449413
POWER,POWER Lyngby,"Klampenborgvej 215A, 2800 Kongens Lyngby",2800,Kongens Lyngby,55.771489,12.507927
POWER,POWER Ringsted,"Klosterparks Alle 10, 4100 Ringsted",4100,Ringsted,55.453510,11.788070
POWER,POWER Slagelse,"Japanvej 8, 4200 Slagelse",4200,Slagelse,55.388320,11.324823
POWER,POWER Holbæk,"Stenhusvej 74, 4300 Holbæk",4300,Holbæk,55.702047,11.670687
POWER,POWER Køge,"Gammel Lyngvej 23B, 4600 Køge",4600,Køge,55.481800,12.184490
POWER,POWER Næstved,"Vestergårdsvej 2, 4700 Næstved",4700,Næstved,55.253657,11.788620
POWER,POWER Nykøbing F,"Guldborgsundcentret 20, 4800 Nykøbing F",4800,Nykøbing F,54.759918,11.852315
POWER,POWER Odense,"Ørbækvej 75, 5220 Odense SØ",5220,Odense SØ,55.383288,10.428036
POWER,POWER Kolding,"Vejlevej 257C, 6000 Kolding",6000,Kolding,55.514292,9.455643
POWER,POWER Haderslev,"Nordhavnsvej 2A, 6100 Haderslev",6100,Haderslev,55.251930,9.501380
POWER,POWER Sønderborg,"Centerpassagen 14, 6400 Sønderborg",6400,Sønderborg,54.920800,9.807641
POWER,POWER Esbjerg,"Stormgade 155, 6715 Esbjerg N",6715,Esbjerg N,55.509963,8.455343
POWER,POWER Herningcentret,"Merkurvej 1C, 7400 Herning",7400,Herning,56.136171,8.999863
POWER,POWER Holstebro,"Nyholmvej 6, 7500 Holstebro",7500,Holstebro,56.376693,8.618621
POWER,POWER Skive,"Østergårdsbakken 16, 7800 Skive",7800,Skive,56.569827,8.996815
POWER,POWER Bruuns Galleri,"M.P. Bruuns Gade 25, 8000 Aarhus C",8000,Aarhus C,56.149116,10.203782
POWER,"POWER Mega Syd, Viby J","Ringvej Syd 82C, 8260 Viby J",8260,Viby J,56.116534,10.150885
POWER,POWER Tilst,"Anelystparken 13, 8381 Tilst",8381,Tilst,56.181163,10.098644
POWER,POWER Grenaa,"Rosengade 1B, 8500 Grenaa",8500,Grenaa,56.414258,10.877927
POWER,POWER Horsens,"Grønlandsvej 3C, 8700 Horsens",8700,Horsens,55.858962,9.852795
POWER,POWER Randers,"Paderup Boulevard 2, 8960 Randers SØ",8960,Randers SØ,56.429382,10.057098
POWER,POWER Aalborg,"Løven 25, 9200 Aalborg SV",9200,Aalborg SV,57.002410,9.875080
POWER,POWER Frederikshavn,"Grønlandsvej 22A, 9900 Frederikshavn",9900,Frederikshavn,57.446093,10.503237
Salling,Salling Kultorvet,"Kultorvet 4, 1175 København K",1175,København K,55.682495,12.574636
Salling,Salling Aarhus,"Søndergade 27, 8000 Aarhus C",8000,Aarhus C,56.154417,10.207162
Salling,Salling Aalborg,"Nytorv 10, 9000 Aalborg",9000,Aalborg,57.047800,9.922568
Sport 24,Sport 24 København Fisketorvet,"Kalvebod Brygge 59, 1560 København V",1560,København V,55.661858,12.561271
Sport 24,Sport 24 København Field's,"Arne Jacobsens Allé 22, 2300 København S",2300,København S,55.631111,12.578865
Sport 24,Sport 24 Outlet Glostrup,"Odinsvej 2, 2600 Glostrup",2600,Glostrup,55.663685,12.374548
Sport 24,Sport 24 Outlet Rødovre Centrum,"Rødovre Centrum 1K, 2610 Rødovre",2610,Rødovre,55.679341,12.456824
Sport 24,Sport 24 Outlet Taastrup,"Mårkærvej 15, 2630 Taastrup",2630,Taastrup,55.658259,12.285463
Sport 24,Sport 24 Outlet Ishøj,"Industribuen 1A, 2635 Ishøj",2635,Ishøj,55.621521,12.336931
Sport 24,Sport 24 Outlet Herlev BIG Center,"Herlev Hovedgade 37, 2730 Herlev",2730,Herlev,55.717827,12.450299
Sport 24,Sport 24 Lyngby Storcenter,"Klampenborgvej 232, 2800 Kongens Lyngby",2800,Kongens Lyngby,55.771514,12.506532
Sport 24,Sport 24 Outlet Frederiksværk,"Industrivej 1L, 3300 Frederiksværk",3300,Frederiksværk,55.978950,12.004460
Sport 24,Sport 24 Farum Bytorv,"Farum Bytorv 44, 3520 Farum",3520,Farum,55.814285,12.380278
Sport 24,Sport 24 Rønne,"Store Torv 10, 3700 Rønne",3700,Rønne,55.102370,14.698697
Sport 24,Sport 24 Nexø,"Strandgade 3, 3730 Nexø",3730,Nexø,55.063222,15.133373
Sport 24,Sport 24 Outlet Roskilde Industrivej,"Industrivej 64, 4000 Roskilde",4000,Roskilde,55.647040,12.134189
Sport 24,Sport 24 Roskilde Ro's Torv,"Ro's Torv 8, 4000 Roskilde",4000,Roskilde,55.641418,12.100165
Sport 24,Sport 24 Ringsted,"Klosterkrogen 9, 4100 Ringsted",4100,Ringsted,55.454730,11.782300
Sport 24,Sport 24 Outlet Slagelse,"Japanvej 4B, 4200 Slagelse",4200,Slagelse,55.389361,11.326629
Sport 24,Sport 24 Outlet Holbæk,"Stenhusvej 66, 4300 Holbæk",4300,Holbæk,55.703423,11.668019
Sport 24,Sport 24 Køge,"Rådhusstræde 4D, 4600 Køge",4600,Køge,55.456519,12.185325
Sport 24,Sport 24 Outlet Køge,"Galoche Alle 7, 4600 Køge",4600,Køge,55.477440,12.185020
Sport 24,Sport 24 Outlet Haslev,"Rosenvænget 2, 4690 Haslev",4690,Haslev,55.328600,11.942490
Sport 24,Sport 24 Outlet Næstved,"Vestergårdsvej 28, 4700 Næstved",4700,Næstved,55.254541,11.790627
Sport 24,Sport 24 Outlet Guldborgsund,"Guldborgsundcentret 30, 4800 Nykøbing F",4800,Nykøbing F,54.759145,11.850662
Sport 24,Sport 24 Nykøbing Falster,"Jernbanegade 2, 4800 Nykøbing F",4800,Nykøbing F,54.766328,11.869915
Sport 24,Sport 24 Outlet Nakskov,"Tømmergade 9, 4900 Nakskov",4900,Nakskov,54.829430,11.142870
Sport 24,Sport 24 Outlet Odense (v/ IKEA),"Ørbækvej 97, 5220 Odense SØ",5220,Odense SØ,55.379952,10.431892
Sport 24,"Sport 24 ROSENGÅRDCENTRET (Butik 198, Blå Gade)","Ørbækvej 75D, 5220 Odense SØ",5220,Odense SØ,55.383170,10.426510
Sport 24,Sport 24 Outlet Middelfart,"Nyvang 2, 5500 Middelfart",5500,Middelfart,55.509071,9.766996
Sport 24,Sport 24 Outlet Faaborg,"Herregårdscentret 40, 5600 Faaborg",5600,Faaborg,55.100943,10.241802
Sport 24,Sport 24 Outlet Svendborg,"Ole Rømers Vej 59, 5700 Svendborg",5700,Svendborg,55.061420,10.586240
Sport 24,Sport 24 Svendborg Centrumpladsen,"Centrumpladsen 10, 5700 Svendborg",5700,Svendborg,55.059020,10.607530
Sport 24,Sport 24 Svendborg Gerritsgade,"Gerritsgade 29, 5700 Svendborg",5700,Svendborg,55.059020,10.607530
Sport 24,Sport 24 Outlet Nyborg,"Storebæltsvej 18, 5800 Nyborg",5800,Nyborg,55.308820,10.804370
Sport 24,Sport 24 Nyborg,"Nørregade 4, 5800 Nyborg",5800,Nyborg,55.312470,10.790530
Sport 24,Sport 24 Rudkøbing,"Østergade 35, 5900 Rudkøbing",5900,Rudkøbing,54.935712,10.714846
Sport 24,Sport 24 Kolding City,"Bredgade 8, 6000 Kolding",6000,Kolding,55.489107,9.472175
Sport 24,Sport 24 Kolding Storcenter (Lilla Gade),"Skovvangen 42, 6000 Kolding",6000,Kolding,55.513953,9.459982
Sport 24,Sport 24 Kolding Vejlevej,"Vejlevej 257B, 6000 Kolding",6000,Kolding,55.514347,9.454785
Sport 24,Sport 24 Outlet Haderslev,"Sejlstensgyde 4, 6100 Haderslev",6100,Haderslev,55.248563,9.493788
Sport 24,Sport 24 Haderslev,"Gravene 6C, 6100 Haderslev",6100,Haderslev,55.251660,9.487980
Sport 24,Sport 24 Outlet Aabenraa,"Langebro 40A, 6200 Aabenraa",6200,Aabenraa,55.036420,9.415700
Sport 24,Sport 24 Tønder,"Storegade 11, 6270 Tønder",6270,Tønder,54.935480,8.869419
Sport 24,Sport 24 Outlet Sønderborg,"Stenager 17E, 6400 Sønderborg",6400,Sønderborg,54.923430,9.808920
Sport 24,Sport 24 Sønderborg Borgen Shopping,"Østergade 6, 6400 Sønderborg",6400,Sønderborg,54.909084,9.792196
Sport 24,Sport 24 Outlet Vojens,"Rådhuscentret 13, 6500 Vojens",6500,Vojens,55.245633,9.291206
Sport 24,Sport 24 Outlet Vejen,"Nørregade 20, 6600 Vejen",6600,Vejen,55.476925,9.138466
Sport 24,Sport 24 Vejen,"Nørregade 22, 6600 Vejen",6600,Vejen,55.477074,9.138578
Sport 24,Sport 24 Esbjerg Broen,"Exnersgade 18, 6700 Esbjerg",6700,Esbjerg,55.465940,8.458260
Sport 24,Sport 24 Outlet Esbjerg,"Stormgade 133, 6715 Esbjerg N",6715,Esbjerg N,55.502886,8.453967
Sport 24,Sport 24 Outlet Ribe,"Moltkes Alle 8, 6760 Ribe",6760,Ribe,55.334240,8.772292
Sport 24,Sport 24 Outlet Varde,"Toftegårdsvej 3, 6800 Varde",6800,Varde,55.608095,8.494132
Sport 24,Sport 24 Skjern,"Bredgade 66, 6900 Skjern",6900,Skjern,55.948475,8.492315
Sport 24,Sport 24 Outlet Skjern,"Erhvervsparken 7, 6900 Skjern",6900,Skjern,55.954480,8.512530
Sport 24,Sport 24 Outlet Fredericia,"Venusvej 10A, 7000 Fredericia",7000,Fredericia,55.568910,9.720800
Sport 24,Sport 24 Fredericia,"Danmarksgade 9, 7000 Fredericia",7000,Fredericia,55.567293,9.755575
Sport 24,Sport 24 Vejle Bryggen,"Søndertorv 10C, 7100 Vejle",7100,Vejle,55.705061,9.529638
Sport 24,Sport 24 Outlet Vejle City,"Søndergade 42, 7100 Vejle",7100,Vejle,55.706384,9.530925
Sport 24,Sport 24 Vejle Strøget,"Søndergade 13, 7100 Vejle",7100,Vejle,55.707022,9.532799
Sport 24,Sport 24 Billund,"Gammelbro 36, 7190 Billund",7190,Billund,55.730273,9.114010
Sport 24,Sport 24 Grindsted,"Nørre Torv 1, 7200 Grindsted",7200,Grindsted,55.758108,8.926795
Sport 24,Sport 24 Outlet Grindsted,"Trehøjevej 37, 7200 Grindsted",7200,Grindsted,55.762481,8.897496
Sport 24,Sport 24 Outlet Brande,"Vestergårdsvej 10, 7330 Brande",7330,Brande,55.960460,9.107390
Sport 24,Sport 24 Outlet Herning,"Viborgvej 97, 7400 Herning",7400,Herning,56.145513,8.994188
Sport 24,Sport 24 Herning Centret,"Merkurvej 1C, 7400 Herning",7400,Herning,56.134884,8.999294
Sport 24,Sport 24 Herning City,"Bredgade 19, 7400 Herning",7400,Herning,56.136100,8.972748
Sport 24,Sport 24 Outlet Ikast,"La Cours Vej 13, 7430 Ikast",7430,Ikast,56.120970,9.169470
Sport 24,Sport 24 Ikast,"Strøget 19A, 7430 Ikast",7430,Ikast,56.140636,9.154763
Sport 24,Sport 24 Outlet Holstebro ,"Hjermvej 8, 7500 Holstebro",7500,Holstebro,56.378766,8.620382
Sport 24,Sport 24 Holstebro ,"Nørregade 30, 7500 Holstebro",7500,Holstebro,56.360242,8.617909
Sport 24,Sport 24 Struer,"Østergade 25, 7600 Struer",7600,Struer,56.491898,8.595066
Sport 24,Sport 24 Outlet Struer,"Trudsøvej 4B, 7600 Struer",7600,Struer,56.477973,8.585506
Sport 24,Sport 24 Lemvig,"Vestergade 4, 7620 Lemvig",7620,Lemvig,56.550109,8.308402
Sport 24,Sport 24 Outlet Thisted,"Østerbakken 97E, 7700 Thisted",7700,Thisted,56.968070,8.732390
Sport 24,Sport 24 Skive,"Nørregade 15, 7800 Skive",7800,Skive,56.568515,9.027017
Sport 24,Sport 24 Outlet Skive,"Østergårdsbakken 5, 7800 Skive",7800,Skive,56.569455,8.996932
Sport 24,Sport 24 Aarhus Bruuns Galleri,"M.P. Bruuns Gade 25, 8000 Aarhus C",8000,Aarhus C,56.149154,10.203696
Sport 24,Sport 24 Aarhus N,"Karl Krøyers Vej 6, 8200 Aarhus N",8200,Aarhus N,56.207275,10.175382
Sport 24,Sport 24 Outlet Egå,"Åmarksvej 22, 8250 Egå",8250,Egå,56.206017,10.261209
Sport 24,Sport 24 Outlet Viby J,"Ringvej Syd 98D, 8260 Viby J",8260,Viby J,56.116505,10.154676
Sport 24,Sport 24 Outlet Odder,"Banegårdsgade 32, 8300 Odder",8300,Odder,55.967807,10.148265
Sport 24,Sport 24 Odder,"Nørregade 4B, 8300 Odder",8300,Odder,55.974550,10.149100
Sport 24,Sport 24 Outlet Tilst,"Anelystparken 13, 8381 Tilst",8381,Tilst,56.181167,10.098649
Sport 24,Sport 24 Outlet Hammel,"Østergade 20, 8450 Hammel",8450,Hammel,56.256680,9.866530
Sport 24,Sport 24 Grenaa,"Lillegade 4D, 8500 Grenaa",8500,Grenaa,56.413908,10.875015
Sport 24,Sport 24 Outlet Grenaa,"Hesselvang 3, 8500 Grenaa",8500,Grenaa,56.383221,10.862118
Sport 24,Sport 24 Silkeborg,"Vestergade 2B, 8600 Silkeborg",8600,Silkeborg,56.168999,9.548062
Sport 24,Sport 24 Outlet Silkeborg,"Brokbjergvej 10A, 8600 Silkeborg",8600,Silkeborg,56.186740,9.545865
Sport 24,Sport 24 Outlet Skanderborg,"Thomas Helsteds Vej 2F, 8660 Skanderborg",8660,Skanderborg,56.047320,9.937660
Sport 24,Sport 24 Skanderborg Bloms,"Adelgade 61, 8660 Skanderborg",8660,Skanderborg,56.033349,9.931613
Sport 24,Sport 24 Bytorv Horsens,"Søndergade 14, 8700 Horsens",8700,Horsens,55.861804,9.845824
Sport 24,Sport 24 Outlet Horsens ,"Lilli Gyldenkildes Torv 20, 8700 Horsens",8700,Horsens,55.858724,9.843866
Sport 24,Sport 24 Viborg,"Sct. Mathias Gade 29C, 8800 Viborg",8800,Viborg,56.449395,9.406890
Sport 24,Sport 24 Outlet Viborg ,"Holstebrovej 81D, 8800 Viborg",8800,Viborg,56.446135,9.365548
Sport 24,Sport 24 Outlet Randers,"Marsvej 10, 8960 Randers SØ",8960,Randers SØ,56.426669,10.059207
Sport 24,Sport 24 Randers Storcenter,"Merkurvej 55, 8960 Randers SØ",8960,Randers SØ,56.429699,10.063900
Sport 24,Sport 24 Aalborg City,"Bredegade 2, 9000 Aalborg",9000,Aalborg,57.046771,9.923545
Sport 24,Sport 24 Aalborg Friis,"Nytorv 27, 9000 Aalborg",9000,Aalborg,57.047754,9.926451
Sport 24,Sport 24 Outlet Aalborg,"Nibevej 11, 9200 Aalborg SV",9200,Aalborg SV,57.005882,9.877808
Sport 24,Sport 24 Aalborg Storcenter,"Hobrovej 452, 9200 Aalborg SV",9200,Aalborg SV,57.004404,9.873203
Sport 24,Sport 24 Outlet Nørresundby,"Vestergade 30, 9400 Nørresundby",9400,Nørresundby,57.059915,9.917623
Sport 24,Sport 24 Outlet Aabybro,"Teknologisvinget 7, 9440 Aabybro",9440,Aabybro,57.150412,9.748693
Sport 24,Sport 24 Outlet Hobro,"Thurøvej 15, 9500 Hobro",9500,Hobro,56.626381,9.805949
Sport 24,Sport 24 Hobro,"Adelgade 35, 9500 Hobro",9500,Hobro,56.637799,9.794472
Sport 24,Sport 24 Hadsund,"Butikstorvet 39, 9560 Hadsund",9560,Hadsund,56.717749,10.113587
Sport 24,Sport 24 Aars,"Himmerlandsgade 56, 9600 Aars",9600,Aars,56.803481,9.519383
Sport 24,Sport 24 Brønderslev,"Peder Møllers Plads 14, 9700 Brønderslev",9700,Brønderslev,57.269060,9.948720
Sport 24,Sport 24 Outlet Brønderslev,"Østergade 53, 9700 Brønderslev",9700,Brønderslev,57.265079,9.949157
Sport 24,Sport 24 Outlet Hjørring,"Frederikshavnsvej 87, 9800 Hjørring",9800,Hjørring,57.456282,10.016689
Sport 24,Sport 24 Hjørring Metropol,"Østergade 30, 9800 Hjørring",9800,Hjørring,57.457499,9.991080
Sport 24,Sport 24 Frederikshavn,"Søndergade 8, 9900 Frederikshavn",9900,Frederikshavn,57.437650,10.534110
Sport 24,Sport 24 Outlet Frederikshavn,"Hjørringvej 161A, 9900 Frederikshavn",9900,Frederikshavn,57.446420,10.504200
Sport 24,Sport 24 Outlet Skagen,"Smøgen 11, 9990 Skagen",9990,Skagen,57.722693,10.589434
Sport 24,Sport 24 Skagen Sct. Laurentiivej,"Sct. Laurentii Vej 38, 9990 Skagen",9990,Skagen,57.722505,10.589799
Synoptik,Synoptik Købmagergade,"Købmagergade 22, 1150 København K",1150,København K,55.679938,12.579312
Synoptik,Synoptik Frederiksborggade København,"Frederiksborggade 22, 1360 København K",1360,København K,55.684099,12.571042
Synoptik,Synoptik Vesterbrogade København,"Vesterbrogade 46, 1620 København V",1620,København V,55.672533,12.555263
Synoptik,Synoptik Gl. Kongevej Frederiksberg,"Gammel Kongevej 156, 1850 Frederiksberg C",1850,Frederiksberg C,55.677754,12.536663
Synoptik,Synoptik Frederiksberg Centret,"Falkoner Alle 21, 2000 Frederiksberg",2000,Frederiksberg,55.681533,12.532830
Synoptik,Synoptik Falkoner Alle Frederiksberg,"Falkoner Alle 57, 2000 Frederiksberg",2000,Frederiksberg,55.685533,12.538469
Synoptik,Synoptik Østerbrogade,"Østerbrogade 60, 2100 København Ø",2100,København Ø,55.697976,12.579086
Synoptik,Synoptik Nørrebrogade København,"Nørrebrogade 163, 2200 København N",2200,København N,55.695095,12.547428
Synoptik,Synoptik Holmbladsgade København,"Holmbladsgade 6, 2300 København S",2300,København S,55.664081,12.602090
Synoptik,Synoptik Fields København,"Arne Jacobsens Allé 8, 2300 København S",2300,København S,55.630171,12.576398
Synoptik,Synoptik Amager Centret København,"Reberbanegade 8, 2300 København S",2300,København S,55.664095,12.602121
Synoptik,Synoptik Amagerbrogade København,"Amagerbrogade 150, 2300 København S",2300,København S,55.655714,12.609233
Synoptik,Synoptik Frederikssundsvej København,"Frederikssundsvej 9, 2400 København NV",2400,København NV,55.701167,12.536212
Synoptik,Synoptik Valby,"Valby Langgade 38, 2500 Valby",2500,Valby,55.666823,12.517505
Synoptik,Synoptik Glostrup,"Hovedvejen 83, 2600 Glostrup",2600,Glostrup,55.665907,12.399592
Synoptik,Synoptik Albertslund,"Bytorvet 9, 2620 Albertslund",2620,Albertslund,55.656944,12.353447
Synoptik,Synoptik City 2 Taastrup,"Cityringen 4, 2630 Taastrup",2630,Taastrup,55.644314,12.278745
Synoptik,Synoptik Taastrup,"Taastrup Hovedgade 93, 2630 Taastrup",2630,Taastrup,55.649209,12.301402
Synoptik,Synoptik Ishøj Bymidte,"Ishøj Centervej 1, 2635 Ishøj",2635,Ishøj,55.614475,12.355025
Synoptik,Synoptik Frihedens Butikscenter Hvidovre,"Hvidovrevej 341D, 2650 Hvidovre",2650,Hvidovre,55.626839,12.484424
Synoptik,Synoptik Hvidovrevej Hvidovre,"Hvidovrevej 139, 2650 Hvidovre",2650,Hvidovre,55.653524,12.475032
Synoptik,Synoptik Hvidovre C,"Laurits Olsens Vej 1, 2650 Hvidovre",2650,Hvidovre,55.663863,12.474496
Synoptik,Synoptik Waves,"Over Bølgen 3, 2670 Greve",2670,Greve,55.598785,12.326926
Synoptik,Synoptik Greve Midtby Center,"Greve Midtby Center 8d, 2670 Greve",2670,Greve,55.581861,12.294520
Synoptik,Synoptik Brønshøj,"Frederikssundsvej 175, 2700 Brønshøj",2700,Brønshøj,55.704318,12.499589
Synoptik,Synoptik Vanløse,"Jernbane Allé 52, 2720 Vanløse",2720,Vanløse,55.688408,12.489763
Synoptik,Synoptik Herlev,"Herlev Bygade 28, 2730 Herlev",2730,Herlev,55.725307,12.439344
Synoptik,Synoptik Ballerup Centret,"Ballerup-Centret 2, 2750 Ballerup",2750,Ballerup,55.729224,12.356515
Synoptik,Synoptik Lyngby Hovedgade,"Lyngby Hovedgade 27, 2800 Kongens Lyngby",2800,Kongens Lyngby,55.771534,12.502654
Synoptik,Synoptik Lyngby Storcenter,"Lyngby Storcenter 1, 2800 Kongens Lyngby",2800,Kongens Lyngby,55.771409,12.505178
Synoptik,Synoptik Søborg,"Søborg Hovedgade 199, 2860 Søborg",2860,Søborg,55.741824,12.497683
Synoptik,Synoptik Hellerup,"Strandvejen 94, 2900 Hellerup",2900,Hellerup,55.731704,12.576104
Synoptik,Synoptik Codanhus Hørsholm,"Hovedgaden 55A, 2970 Hørsholm",2970,Hørsholm,55.880865,12.497739
Synoptik,Synoptik Helsingør,"Stengade 14C, 3000 Helsingør",3000,Helsingør,56.032936,12.609404
Synoptik,Synoptik Espergærde Centret,"Øster Torv 1, 3060 Espergærde",3060,Espergærde,55.994720,12.545317
Synoptik,Synoptik Hillerød,"Slotsgade 22A, 3400 Hillerød",3400,Hillerød,55.930170,12.300066
Synoptik,Synoptik Birkerød,"Hovedgaden 35, 3460 Birkerød",3460,Birkerød,55.840836,12.431766
Synoptik,Synoptik Værløse,"Bymidten 84, 3500 Værløse",3500,Værløse,55.783184,12.373835
Synoptik,Synoptik Sillebroen Frederikssund,"Nygade 1, 3600 Frederikssund",3600,Frederikssund,55.835763,12.063445
Synoptik,Synoptik Egedal Centret Stenløse,"Egedal Centret 86, 3660 Stenløse",3660,Stenløse,55.768024,12.191256
Synoptik,Synoptik Bornholmercentret Rønne,"Store Torv 11, 3700 Rønne",3700,Rønne,55.101533,14.699511
Synoptik,Synoptik Roskilde,"Algade 15C, 4000 Roskilde",4000,Roskilde,55.641278,12.084323
Synoptik,Synoptik Ringsted,"Sct Hansgade 10, 4100 Ringsted",4100,Ringsted,55.444727,11.788818
Synoptik,Synoptik Galleriet Nytorv Slagelse,"Nytorv 9M, 4200 Slagelse",4200,Slagelse,55.404407,11.354855
Synoptik,Synoptik Holbæk,"Ahlgade 17D, 4300 Holbæk",4300,Holbæk,55.718076,11.710202
Synoptik,Synoptik Kalundborg,"Kordilgade 19, 4400 Kalundborg",4400,Kalundborg,55.680487,11.089336
Synoptik,Synoptik Køge,"Nørregade 10A, 4600 Køge",4600,Køge,55.457229,12.183260
Synoptik,Synoptik Næstved,"Torvestræde 1A, 4700 Næstved",4700,Næstved,55.230557,11.758892
Synoptik,Synoptik Næstved Storcenter,"Næstved Storcenter 3, 4700 Næstved",4700,Næstved,55.253649,11.780996
Synoptik,Synoptik Vordingborg,"Algade 67, 4760 Vordingborg",4760,Vordingborg,55.010001,11.907139
Synoptik,Synoptik Stege,"Storegade 38A, 4780 Stege",4780,Stege,54.983998,12.285466
Synoptik,Synoptik Nykøbing F,"Østergågade 20, 4800 Nykøbing F",4800,Nykøbing F,54.766648,11.868996
Synoptik,Synoptik Nakskov,"Søndergade 23, 4900 Nakskov",4900,Nakskov,54.829859,11.137953
Synoptik,Synoptik Maribo,"Østergade 20, 4930 Maribo",4930,Maribo,54.774630,11.504251
Synoptik,Synoptik Kongensgade Odense,"Kongensgade 24, 5000 Odense C",5000,Odense C,55.395818,10.382022
Synoptik,Synoptik Tarup Center,"Rugvang 38, 5210 Odense NV",5210,Odense NV,55.409607,10.338584
Synoptik,Synoptik Rosengårdcentret Odense,"Ørbækvej 75, 5220 Odense SØ",5220,Odense SØ,55.382490,10.428080
Synoptik,Synoptik Dalumcentret Odense,"Dalumvej 42, 5250 Odense SV",5250,Odense SV,55.370991,10.371728
Synoptik,Synoptik Middelfart,"Algade 55, 5500 Middelfart",5500,Middelfart,55.505494,9.732039
Synoptik,Synoptik Faaborg,"Østergade 9, 5600 Faaborg",5600,Faaborg,55.095032,10.243814
Synoptik,Synoptik Svendborg,"Gerritsgade 29, 5700 Svendborg",5700,Svendborg,55.058803,10.607473
Synoptik,Synoptik Nyborg,"Nørregade 10A, 5800 Nyborg",5800,Nyborg,55.312264,10.791130
Synoptik,Synoptik Rudkøbing,"Østergade 28, 5900 Rudkøbing",5900,Rudkøbing,54.935537,10.713502
Synoptik,Synoptik Kolding Storcenter,"Skovvangen 42, 6000 Kolding",6000,Kolding,55.513323,9.459534
Synoptik,Synoptik Kolding,"Helligkorsgade 2, 6000 Kolding",6000,Kolding,55.488840,9.473064
Synoptik,Synoptik Haderslev,"Storegade 1, 6100 Haderslev",6100,Haderslev,55.250950,9.485213
Synoptik,Synoptik Aabenraa,"Ramsherred 36B, 6200 Aabenraa",6200,Aabenraa,55.045785,9.418340
Synoptik,Synoptik Sønderborg,"Jernbanegade 24, 6400 Sønderborg",6400,Sønderborg,54.910355,9.791893
Synoptik,Synoptik Esbjerg,"Kongensgade 47, 6700 Esbjerg",6700,Esbjerg,55.466357,8.449796
Synoptik,Synoptik Esbjerg Storcenter,"Gl Vardevej 230, 6715 Esbjerg N",6715,Esbjerg N,55.508431,8.449037
Synoptik,Synoptik Varde,"Vestergade 2, 6800 Varde",6800,Varde,55.620701,8.480173
Synoptik,Synoptik Fredericia,"Gothersgade 11, 7000 Fredericia",7000,Fredericia,55.566416,9.757012
Synoptik,Synoptik Bryggen Vejle,"Søndertorv 2, 7100 Vejle",7100,Vejle,55.705351,9.531784
Synoptik,Synoptik Vejle,"Nørregade 11, 7100 Vejle",7100,Vejle,55.710216,9.534103
Synoptik,Synoptik Billund,"Butikstorvet 6F, 7190 Billund",7190,Billund,55.730452,9.116386
Synoptik,Synoptik Grindsted,"Borgergade 28, 7200 Grindsted",7200,Grindsted,55.756656,8.930670
Synoptik,Synoptik Herning Centret,"Merkurvej 1D, 7400 Herning",7400,Herning,56.135555,8.998463
Synoptik,Synoptik Herning,"Bredgade 2B, 7400 Herning",7400,Herning,56.136423,8.974646
Synoptik,Synoptik Holstebro,"Nørregade 3, 7500 Holstebro",7500,Holstebro,56.358669,8.616974
Synoptik,Synoptik Thisted,"Store Torv 7, 7700 Thisted",7700,Thisted,56.954976,8.690920
Synoptik,Synoptik Skive,"Adelgade 22, 7800 Skive",7800,Skive,56.565634,9.025793
Synoptik,Synoptik Søndergade Aarhus,"Søndergade 56, 8000 Aarhus C",8000,Aarhus C,56.154058,10.206081
Synoptik,Synoptik Bruuns Galleri Aarhus,"Værkmestergade 27, 8000 Aarhus C",8000,Aarhus C,56.149178,10.204799
Synoptik,Synoptik Storcenter Nord Aarhus,"Finlandsgade 17, 8200 Aarhus N",8200,Aarhus N,56.170806,10.189102
Synoptik,Synoptik City Vest Aarhus,"Gudrunsvej 11, 8220 Brabrand",8220,Brabrand,56.154783,10.135088
Synoptik,Synoptik Viby Centret,"Viby Ringvej 10, 8260 Viby J",8260,Viby J,56.129919,10.161329
Synoptik,Synoptik Tilst,"Anelystparken 9, 8381 Tilst",8381,Tilst,56.181956,10.098953
Synoptik,Synoptik Silkeborg,"Vestergade 15b, 8600 Silkeborg",8600,Silkeborg,56.168650,9.547487
Synoptik,Synoptik Skanderborg,"Adelgade 98, 8660 Skanderborg",8660,Skanderborg,56.035367,9.931580
Synoptik,Synoptik Horsens,"Søndergade 29, 8700 Horsens",8700,Horsens,55.862042,9.848693
Synoptik,Synoptik Viborg,"Sct. Mathias Gade 29D, 8800 Viborg",8800,Viborg,56.449273,9.406928
Synoptik,Synoptik Dytmærsken Randers,"Dytmærsken 12, 8900 Randers C",8900,Randers C,56.459098,10.039094
Synoptik,Synoptik Randers Storcenter,"Merkurvej 55, 8960 Randers SØ",8960,Randers SØ,56.430458,10.065563
Synoptik,Synoptik Algade Aalborg,"Algade 28, 9000 Aalborg",9000,Aalborg,57.047350,9.921464
Synoptik,Synoptik Bispensgade Aalborg,"Bispensgade 20, 9000 Aalborg",9000,Aalborg,57.049510,9.918812
Synoptik,Synoptik Aalborg Storcenter,"Hobrovej 452, 9200 Aalborg SV",9200,Aalborg SV,57.004798,9.874147
Synoptik,Synoptik Fjerritslev,"Søndergade 5, 9690 Fjerritslev",9690,Fjerritslev,57.087417,9.266353
Synoptik,Synoptik Hjørring,"Springvandspladsen 5, 9800 Hjørring",9800,Hjørring,57.459782,9.986642
Synoptik,Synoptik Frederikshavn,"Danmarksgade 69A, 9900 Frederikshavn",9900,Frederikshavn,57.439337,10.535838
Thiele,THIELE Købmagergade,"Købmagergade 9, 1150 København K",1150,København K,55.679695,12.579293
Thiele,THIELE Vesterbro,"Vesterbrogade 73B, 1620 København V",1620,København V,55.672504,12.550317
Thiele,THIELE GL. Kongevej,"Gammel Kongevej 119, 1850 Frederiksberg C",1850,Frederiksberg C,55.675879,12.543299
Thiele,THIELE Frederiksberg Centret,"Solbjergvej 2C, 2000 Frederiksberg",2000,Frederiksberg,55.681637,12.532663
Thiele,THIELE Østerbro,"Østerbrogade 64, 2100 København Ø",2100,København Ø,55.698553,12.578651
Thiele,THIELE Nørrebro,"Nørrebrogade 187, 2200 København N",2200,København N,55.696417,12.545342
Thiele,THIELE Amager Centret,"Reberbanegade 3, 2300 København S",2300,København S,55.662891,12.603731
Thiele,THIELE Amagerbrogade,"Amagerbrogade 72, 2300 København S",2300,København S,55.661308,12.603604
Thiele,THIELE Fields,"Ørestads Boulevard 96, 2300 København S",2300,København S,55.630246,12.577217
Thiele,THIELE Spinderiet Valby,"Valby Torvegade 14, 2500 Valby",2500,Valby,55.664856,12.511685
Thiele,THIELE Rødovre Centrum,"Rødovre Centrum 1K, 2610 Rødovre",2610,Rødovre,55.679098,12.457236
Thiele,THIELE City 2,"Cityringen 6, 2630 Taastrup",2630,Taastrup,55.644288,12.278730
Thiele,THIELE Taastrup,"Taastrup Hovedgade 75, 2630 Taastrup",2630,Taastrup,55.651130,12.302858
Thiele,THIELE Hvidovre C,"Laurits Olsens Vej 1, 2650 Hvidovre",2650,Hvidovre,55.663435,12.476241
Thiele,THIELE Waves Hundige,"Over Bølgen 6, 2670 Greve",2670,Greve,55.598265,12.327172
Thiele,THIELE Brønshøj,"Frederikssundsvej 154, 2700 Brønshøj",2700,Brønshøj,55.704633,12.499512
Thiele,THIELE Vanløse,"Vanløse Torv 115, 2720 Vanløse",2720,Vanløse,55.687736,12.492645
Thiele,THIELE Herlev,"Herlev Torv 13, 2730 Herlev",2730,Herlev,55.724161,12.438935
Thiele,THIELE Ballerup,"Banetoften 3B, 2750 Ballerup",2750,Ballerup,55.729058,12.357926
Thiele,THIELE Lyngby Hovedgade,"Lyngby Hovedgade 64, 2800 Kongens Lyngby",2800,Kongens Lyngby,55.770800,12.502941
Thiele,THIELE Lyngby Storcenter,"Klampenborgvej 244A, 2800 Kongens Lyngby",2800,Kongens Lyngby,55.770957,12.505130
Thiele,THIELE Hellerup,"Strandvejen 175, 2900 Hellerup",2900,Hellerup,55.733407,12.575041
Thiele,THIELE Øjenlaser klinik,"Hans Bekkevolds Alle 7, 2900 Hellerup",2900,Hellerup,55.728285,12.580476
Thiele,THIELE Charlottenlund,"Jægersborg Alle 17, 2920 Charlottenlund",2920,Charlottenlund,55.753675,12.570571
Thiele,THIELE Hørsholm,"Hovedgaden 24, 2970 Hørsholm",2970,Hørsholm,55.880361,12.498420
Thiele,THIELE Helsingør Stengade,"Stengade 51B, 3000 Helsingør",3000,Helsingør,56.034436,12.611944
Thiele,THIELE Helsinge,"Østergade 25, 3200 Helsinge",3200,Helsinge,56.023045,12.201614
Thiele,THIELE Hillerød,"Slotsgade 25, 3400 Hillerød",3400,Hillerød,55.930227,12.299596
Thiele,THIELE Farum,"Farum Bytorv 38, 3520 Farum",3520,Farum,55.814211,12.380129
Thiele,THIELE Frederikssund,"Nygade 1A, 3600 Frederikssund",3600,Frederikssund,55.835502,12.064459
Thiele,THIELE RO's Torv,"Ro's Torv 5, 4000 Roskilde",4000,Roskilde,55.642201,12.100422
Thiele,THIELE Roskilde,"Skomagergade 21, 4000 Roskilde",4000,Roskilde,55.640570,12.077488
Thiele,THIELE Ringsted,"Klosterparks Alle 10, 4100 Ringsted",4100,Ringsted,55.453254,11.787720
Thiele,THIELE Sorø,"Storgade 23, 4180 Sorø",4180,Sorø,55.433919,11.556873
Thiele,THIELE Slagelse,"Vestsjællandscentret 10A, 4200 Slagelse",4200,Slagelse,55.407046,11.355599
Thiele,THIELE Holbæk,"Ahlgade 55, 4300 Holbæk",4300,Holbæk,55.717245,11.714688
Thiele,THIELE Køge,"Nørregade 16, 4600 Køge",4600,Køge,55.457631,12.183595
Thiele,THIELE Næstved,"Dania 2, 4700 Næstved",4700,Næstved,55.232132,11.757894
Thiele,THIELE Vordingborg,"Algade 60, 4760 Vordingborg",4760,Vordingborg,55.009740,11.907046
Thiele,THIELE Nykøbing F.,"Østergågade 4, 4800 Nykøbing F",4800,Nykøbing F,54.767385,11.868044
Thiele,THIELE Rosengårdcentret,"Gørtlervej 6, 5220 Odense SØ",5220,Odense SØ,55.383964,10.426166
Thiele,THIELE Middelfart,"Algade 39, 5500 Middelfart",5500,Middelfart,55.505680,9.731285
Thiele,THIELE Svendborg,"Møllergade 14B, 5700 Svendborg",5700,Svendborg,55.059334,10.611088
Thiele,THIELE Nyborg,"Kongegade 15, 5800 Nyborg",5800,Nyborg,55.311614,10.790812
Thiele,THIELE Kolding,"Østergade 20, 6000 Kolding",6000,Kolding,55.489615,9.474068
Thiele,THIELE Kolding Storcenter,"Skovvangen 40B, 6000 Kolding",6000,Kolding,55.512872,9.459855
Thiele,THIELE Haderslev,"Bispegade 16, 6100 Haderslev",6100,Haderslev,55.250628,9.486044
Thiele,THIELE Aabenraa,"Ramsherred 43D, 6200 Aabenraa",6200,Aabenraa,55.045496,9.418684
Thiele,THIELE Sønderborg,"Østergade 8, 6400 Sønderborg",6400,Sønderborg,54.909293,9.791607
Thiele,THIELE Esbjerg,"Kongensgade 72, 6700 Esbjerg",6700,Esbjerg,55.466362,8.447816
Thiele,THIELE Ribe,"Nederdammen 39, 6760 Ribe",6760,Ribe,55.329874,8.766038
Thiele,THIELE Skjern,"Jernbanegade 7, 6900 Skjern",6900,Skjern,55.947895,8.494119
Thiele,THIELE Fredericia,"Jyllandsgade 10C, 7000 Fredericia",7000,Fredericia,55.565550,9.755257
Thiele,THIELE Bryggen Vejle,"Enghavevej 17, 7100 Vejle",7100,Vejle,55.705256,9.530639
Thiele,THIELE Herning,"Bredgade 23, 7400 Herning",7400,Herning,56.136075,8.972210
Thiele,THIELE Herning Centret,"Merkurvej 1B, 7400 Herning",7400,Herning,56.135769,9.001610
Thiele,THIELE Ikast,"Strøget 10, 7430 Ikast",7430,Ikast,56.140239,9.155240
Thiele,THIELE Holstebro,"Nørregade 16, 7500 Holstebro",7500,Holstebro,56.359289,8.617479
Thiele,THIELE Struer,"Vestergade 4, 7600 Struer",7600,Struer,56.492112,8.591410
Thiele,THIELE Lemvig,"Torvet 3, 7620 Lemvig",7620,Lemvig,56.550279,8.309722
Thiele,THIELE Thisted,"Storegade 4, 7700 Thisted",7700,Thisted,56.954432,8.691610
Thiele,THIELE Skive,"Posthustorvet 4A, 7800 Skive",7800,Skive,56.565324,9.025687
Thiele,THIELE Århus C Immervad,"Immervad 3, 8000 Aarhus C",8000,Aarhus C,56.157295,10.207335
Thiele,THIELE Århus Ryesgade,"Ryesgade 12, 8000 Aarhus C",8000,Aarhus C,56.152272,10.204874
Thiele,THIELE Bruuns Galleri,"Værkmestergade 27, 8000 Aarhus C",8000,Aarhus C,56.149148,10.204791
Thiele,THIELE Ebeltoft,"Adelgade 29, 8400 Ebeltoft",8400,Ebeltoft,56.199909,10.678971
Thiele,THIELE Silkeborg,"Søndergade 1B, 8600 Silkeborg",8600,Silkeborg,56.168956,9.549531
Thiele,THIELE Kjellerup,"Søndergade 11, 8620 Kjellerup",8620,Kjellerup,56.288812,9.430811
Thiele,THIELE Skanderborg,"Adelgade 84A, 8660 Skanderborg",8660,Skanderborg,56.034642,9.931867
Thiele,THIELE Horsens,"Hospitalsgade 1, 8700 Horsens",8700,Horsens,55.861677,9.845778
Thiele,THIELE Viborg,"Sct. Mathias Gade 47, 8800 Viborg",8800,Viborg,56.451958,9.411537
Thiele,THIELE Bjerringbro,"Nørregade 12, 8850 Bjerringbro",8850,Bjerringbro,56.375768,9.659092
Thiele,THIELE Randers,"Brødregade 9, 8900 Randers C",8900,Randers C,56.459934,10.037835
Thiele,THIELE Randers Storcenter,"Merkurvej 53, 8960 Randers SØ",8960,Randers SØ,56.430119,10.065049
Thiele,THIELE Aalborg,"Bispensgade 6, 9000 Aalborg",9000,Aalborg,57.049354,9.920337
Thiele,THIELE Aalborg Storcenter,"Hobrovej 452C, 9200 Aalborg SV",9200,Aalborg SV,57.004553,9.873253
Thiele,THIELE Sæby,"Grønnegade 14, 9300 Sæby",9300,Sæby,57.333970,10.516635
Thiele,THIELE Aabybro,"Aabybro Centret 3C, 9440 Aabybro",9440,Aabybro,57.159376,9.733586
Thiele,THIELE Hadsund,"Storegade 33, 9560 Hadsund",9560,Hadsund,56.716903,10.114602
Thiele,THIELE Brønderslev,"Algade 1, 9700 Brønderslev",9700,Brønderslev,57.269536,9.945822
Thiele,THIELE Hjørring,"Parallelvej 13, 9800 Hjørring",9800,Hjørring,57.456718,9.990455
Thiele,THIELE Frederikshavn,"Danmarksgade 70A, 9900 Frederikshavn",9900,Frederikshavn,57.439319,10.535510
Thiele,THIELE Skagen,"Sct. Laurentii Vej 58, 9990 Skagen",9990,Skagen,57.721473,10.586766
Tøjeksperten,Tøjeksperten Frederiksberg Centret,"Solbjergvej 2C, 2000 Frederiksberg",2000,Frederiksberg,55.681637,12.532664
Tøjeksperten,Tøjeksperten København N,"Nørrebrogade 192, 2200 København N",2200,København N,55.697864,12.543634
Tøjeksperten,Tøjeksperten Field's,"Arne Jacobsens Allé 8, 2300 København S",2300,København S,55.630100,12.576321
Tøjeksperten,Tøjeksperten København S,"Reberbanegade 9, 2300 København S",2300,København S,55.662668,12.604874
Tøjeksperten,Store Robert Valby,"Valby Langgade 34, 2500 Valby",2500,Valby,55.666681,12.518418
Tøjeksperten,Tøjeksperten Valby,"Valby Torvegade 8, 2500 Valby",2500,Valby,55.664907,12.512044
Tøjeksperten,Tøjeksperten Rødovre Centrum,"Rødovre Centrum 1A, 2610 Rødovre",2610,Rødovre,55.679618,12.455845
Tøjeksperten,Tøjeksperten City2,"Cityringen 4, 2630 Taastrup",2630,Taastrup,55.643852,12.277641
Tøjeksperten,Tøjeksperten VW Mens Wear Waves,"Over Bølgen 5K, 2670 Greve",2670,Greve,55.598565,12.327681
Tøjeksperten,Tøjeksperten Herlev,"Herlev Torv 10, 2730 Herlev",2730,Herlev,55.724084,12.439224
Tøjeksperten,Tøjeksperten Ballerup,"Baltorpvej 13, 2750 Ballerup",2750,Ballerup,55.728835,12.357634
Tøjeksperten,Tøjeksperten Lyngby Storcenter,"Lyngby Storcenter 1, 2800 Kongens Lyngby",2800,Kongens Lyngby,55.771378,12.506089
Tøjeksperten,Tøjeksperten Søborg,"Søborg Hovedgade 67B, 2860 Søborg",2860,Søborg,55.733597,12.515416
Tøjeksperten,Tøjeksperten Hørsholm,"Hørsholm Midtpunkt 88, 2970 Hørsholm",2970,Hørsholm,55.881914,12.496125
Tøjeksperten,Tøjeksperten Espergærde,"Øster Torv 3, 3060 Espergærde",3060,Espergærde,55.994737,12.545490
Tøjeksperten,Tøjeksperten Helsinge,"Østergade 20, 3200 Helsinge",3200,Helsinge,56.022806,12.201606
Tøjeksperten,Tøjeksperten Frederiksværk,"Nørregade 1H, 3300 Frederiksværk",3300,Frederiksværk,55.973102,12.021547
Tøjeksperten,Tøjeksperten Slotsarkaderne,"Slotsarkaderne 1, 3400 Hillerød",3400,Hillerød,55.929708,12.299079
Tøjeksperten,Tøjeksperten Allerød,"M D Madsensvej 11, 3450 Allerød",3450,Allerød,55.870141,12.354908
Tøjeksperten,Tøjeksperten Birkerød,"Hovedgaden 40A, 3460 Birkerød",3460,Birkerød,55.840492,12.430786
Tøjeksperten,Tøjeksperten Værløse,"Bymidten 31, 3500 Værløse",3500,Værløse,55.783951,12.373523
Tøjeksperten,Tøjeksperten Frederikssund,"Nygade 1, 3600 Frederikssund",3600,Frederikssund,55.836030,12.064441
Tøjeksperten,Tøjeksperten Simons - Rønne,"Lille Torv 4, 3700 Rønne",3700,Rønne,55.100966,14.700397
Tøjeksperten,Tøjeksperten Ros Torv,"Ro's Torv 8, 4000 Roskilde",4000,Roskilde,55.641569,12.099545
Tøjeksperten,Tøjeksperten Roskilde,"Algade 16, 4000 Roskilde",4000,Roskilde,55.641031,12.084387
Tøjeksperten,Tøjeksperten Skibby,"Bymidten 8, 4050 Skibby",4050,Skibby,55.751335,11.957815
Tøjeksperten,Tøjeksperten Carsten P,"Nytorv 7, 4200 Slagelse",4200,Slagelse,55.404103,11.354908
Tøjeksperten,Tøjeksperten Holbæk,"Ahlgade 30A, 4300 Holbæk",4300,Holbæk,55.717859,11.710154
Tøjeksperten,Tøjeksperten Nyk. SJ,"Algade 42, 4500 Nykøbing Sj",4500,Nykøbing Sj,55.922579,11.670366
Tøjeksperten,Tøjeksperten Køge,"Torvet 19A, 4600 Køge",4600,Køge,55.456380,12.181065
Tøjeksperten,Tøjeksperten Faxe,"Torvegade 8A, 4640 Faxe",4640,Faxe,55.257098,12.120565
Tøjeksperten,Tøjeksperten Store Heddinge,"Nytorv 2, 4660 Store Heddinge",4660,Store Heddinge,55.309833,12.389017
Tøjeksperten,Tøjeksperten Haslev,"Jernbanegade 38A, 4690 Haslev",4690,Haslev,55.326910,11.963488
Tøjeksperten,Tøjeksperten Næstved Storcenter,"Næstved Storcenter 1, 4700 Næstved",4700,Næstved,55.253035,11.782024
Tøjeksperten,Tøjeksperten Vordingborg,"Algade 62, 4760 Vordingborg",4760,Vordingborg,55.009615,11.907281
Tøjeksperten,Tøjeksperten Stege,"Storegade 52, 4780 Stege",4780,Stege,54.984937,12.286493
Tøjeksperten,Tøjeksperten Nykøbing F.,"Østergågade 24, 4800 Nykøbing F",4800,Nykøbing F,54.766406,11.869213
Tøjeksperten,Tøjeksperten Nakskov,"Søndergade 51, 4900 Nakskov",4900,Nakskov,54.829790,11.139877
Tøjeksperten,Tøjeksperten Maribo,"Torvet 2, 4930 Maribo",4930,Maribo,54.774358,11.501050
Tøjeksperten,Tøjeksperten Sakskøbing,"Søndergade 20A, 4990 Sakskøbing",4990,Sakskøbing,54.798059,11.637145
Tøjeksperten,Tøjeksperten Odense City,"Kongensgade 27, 5000 Odense C",5000,Odense C,55.396236,10.382065
Tøjeksperten,Tøjeksperten Rosengårdcentret,"Ørbækvej 75, 5220 Odense SØ",5220,Odense SØ,55.384361,10.426958
Tøjeksperten,Tøjeksperten Kerteminde,"Langegade 35, 5300 Kerteminde",5300,Kerteminde,55.450507,10.657827
Tøjeksperten,Tøjeksperten Middelfart,"Østergade 1, 5500 Middelfart",5500,Middelfart,55.504557,9.735504
Tøjeksperten,Tøjeksperten Assens,"Østergade 33, 5610 Assens",5610,Assens,55.270022,9.897157
Tøjeksperten,Tøjeksperten Haarby,"Algade 55, 5683 Haarby",5683,Haarby,55.223576,10.121510
Tøjeksperten,Tøjeksperten Svendborg,"Torvet 7, 5700 Svendborg",5700,Svendborg,55.059648,10.609391
Tøjeksperten,Tøjeksperten Ringe,"Algade 54, 5750 Ringe",5750,Ringe,55.237817,10.478873
Tøjeksperten,Tøjeksperten Nyborg,"Storebæltsvej 24, 5800 Nyborg",5800,Nyborg,55.308361,10.805862
Tøjeksperten,Tøjeksperten Kolding City,"Helligkorsgade 5, 6000 Kolding",6000,Kolding,55.489072,9.473622
Tøjeksperten,Tøjeksperten Kolding Stc,"Skovvangen 42, 6000 Kolding",6000,Kolding,55.513278,9.459969
Tøjeksperten,Tøjeksperten Haderslev,"Storegade 17, 6100 Haderslev",6100,Haderslev,55.251601,9.484521
Tøjeksperten,Tøjeksperten Aabenraa,"Storegade 16, 6200 Aabenraa",6200,Aabenraa,55.044182,9.418792
Tøjeksperten,Tøjeksperten Tønder,"Vestergade 18, 6270 Tønder",6270,Tønder,54.934765,8.867367
Tøjeksperten,Tøjeksperten Gråsten,"Slotsgade 7, 6300 Gråsten",6300,Gråsten,54.922277,9.594727
Tøjeksperten,Tøjeksperten Sønderborg,"Jernbanegade 27, 6400 Sønderborg",6400,Sønderborg,54.910381,9.790639
Tøjeksperten,Tøjeksperten Nordborg,"Storegade 11, 6430 Nordborg",6430,Nordborg,55.057844,9.742811
Tøjeksperten,Tøjeksperten Toftlund,"Østergade 4A, 6520 Toftlund",6520,Toftlund,55.192514,9.064589
Tøjeksperten,Tøjeksperten Vejen,"Nørregade 17B, 6600 Vejen",6600,Vejen,55.477577,9.138019
Tøjeksperten,Tøjeksperten Esbjerg,"Kongensgade 31, 6700 Esbjerg",6700,Esbjerg,55.466257,8.451235
Tøjeksperten,Tøjeksperten Esbjerg Storcenter,"Gl Vardevej 230, 6715 Esbjerg N",6715,Esbjerg N,55.508116,8.448826
Tøjeksperten,Tøjeksperten Ribe,"Nederdammen 26, 6760 Ribe",6760,Ribe,55.329512,8.765020
Tøjeksperten,Tøjeksperten Buksehjørnet,"Storegade 27, 6780 Skærbæk",6780,Skærbæk,55.158203,8.765558
Tøjeksperten,Tøjeksperten Varde,"Kræmmergade 11, 6800 Varde",6800,Varde,55.620750,8.482272
Tøjeksperten,Tøjeksperten Videbæk,"Bredgade 25, 6920 Videbæk",6920,Videbæk,56.091185,8.631804
Tøjeksperten,Tøjeksperten Fredericia,"Gothersgade 18, 7000 Fredericia",7000,Fredericia,55.565828,9.756517
Tøjeksperten,Tøjeksperten Bryggen - Vejle,"Søndertorv 10C, 7100 Vejle",7100,Vejle,55.705116,9.530530
Tøjeksperten,Tøjeksperten Nr. 1 - Vejle,"Nørregade 1, 7100 Vejle",7100,Vejle,55.709783,9.533470
Tøjeksperten,Tøjeksperten Tip Top,"Vejlevej 1, 7260 Sønder Omme",7260,Sønder Omme,55.838428,8.895783
Tøjeksperten,Tøjeksperten Brande,"Storegade 21, 7330 Brande",7330,Brande,55.943451,9.126829
Tøjeksperten,Tøjeksperten Herning Centret,"Merkurvej 1C, 7400 Herning",7400,Herning,56.135402,8.999231
Tøjeksperten,Tøjeksperten Herning City,"Bredgade 37, 7400 Herning",7400,Herning,56.136093,8.971157
Tøjeksperten,Tøjeksperten Vildbjerg,"Kirkegade 1A, 7480 Vildbjerg",7480,Vildbjerg,56.198049,8.766957
Tøjeksperten,Tøjeksperten Holstebro,"Nørregade 50, 7500 Holstebro",7500,Holstebro,56.361662,8.618943
Tøjeksperten,Tøjeksperten Struer,"Østergade 10, 7600 Struer",7600,Struer,56.492069,8.593040
Tøjeksperten,Tøjeksperten Lemvig,"Vestergade 1C, 7620 Lemvig",7620,Lemvig,56.550018,8.308404
Tøjeksperten,Tøjeksperten Thisted,"Vestergade 8, 7700 Thisted",7700,Thisted,56.954929,8.689584
Tøjeksperten,Tøjeksperten Skive,"Adelgade 1, 7800 Skive",7800,Skive,56.566956,9.026979
Tøjeksperten,Tøjeksperten Vinderup,"Søndergade 23, 7830 Vinderup",7830,Vinderup,56.479866,8.778258
Tøjeksperten,Tøjeksperten Nykøbing M.,"Vestergade 2, 7900 Nykøbing M",7900,Nykøbing M,56.794330,8.856780
Tøjeksperten,Tøjeksperten Aarhus,"Søndergade 5, 8000 Aarhus C",8000,Aarhus C,56.155163,10.207497
Tøjeksperten,Tøjeksperten Bruuns Galleri - Aarhus,"M.P. Bruuns Gade 25, 8000 Aarhus C",8000,Aarhus C,56.149265,10.204078
Tøjeksperten,Tøjeksperten Storcenter Nord,"Finlandsgade 33, 8200 Aarhus N",8200,Aarhus N,56.174452,10.188027
Tøjeksperten,Tøjeksperten Odder,"Torvet 6, 8300 Odder",8300,Odder,55.972034,10.146732
Tøjeksperten,Tøjeksperten Hadsten,"Søndergade 18, 8370 Hadsten",8370,Hadsten,56.327314,10.044444
Tøjeksperten,Tøjeksperten Lord Nelson,"Østergade 4, 8600 Silkeborg",8600,Silkeborg,56.170188,9.550808
Tøjeksperten,Tøjeksperten Viborg,"Vestergade 20, 8800 Viborg",8800,Viborg,56.450560,9.408760
Tøjeksperten,Tøjeksperten Randers City,"Slotsgade 1, 8900 Randers C",8900,Randers C,56.460916,10.038538
Tøjeksperten,Tøjeksperten Randers Storcenter,"Merkurvej 55, 8960 Randers SØ",8960,Randers SØ,56.430630,10.064941
Tøjeksperten,Tøjeksperten Auning,"Centervej 14, 8963 Auning",8963,Auning,56.432211,10.372954
Tøjeksperten,Tøjeksperten Aalborg City,"Bredegade 4, 9000 Aalborg",9000,Aalborg,57.046717,9.923836
Tøjeksperten,Tøjeksperten Aalborg Stc.,"Hobrovej 452, 9200 Aalborg SV",9200,Aalborg SV,57.004554,9.875593
Tøjeksperten,Tøjhuset Nibe,"Grydstedgade 6, 9240 Nibe",9240,Nibe,56.981569,9.636265
Tøjeksperten,Tøjeksperten Hjallerup,"Hjallerup Centret 1, 9320 Hjallerup",9320,Hjallerup,57.168058,10.145277
Tøjeksperten,Tøjeksperten Pandrup,"Bredgade 21, 9490 Pandrup",9490,Pandrup,57.223225,9.676942
Tøjeksperten,Tøjeksperten Støvring,"Støvring Bytorv 9, 9530 Støvring",9530,Støvring,56.891748,9.837274
Tøjeksperten,Tøjeksperten Hadsund,"Torvet 2, 9560 Hadsund",9560,Hadsund,56.716732,10.114797
Tøjeksperten,Tøjeksperten Aars,"Himmerlandsgade 91, 9600 Aars",9600,Aars,56.803131,9.515893
Tøjeksperten,Tøjeksperten Løgstør,"Østerbrogade 15, 9670 Løgstør",9670,Løgstør,56.967637,9.252471
Tøjeksperten,Tøjeksperten Fjerritslev,"Vestergade 6, 9690 Fjerritslev",9690,Fjerritslev,57.088305,9.265070
Tøjeksperten,Tøjeksperten Hjørring,"Østergade 30, 9800 Hjørring",9800,Hjørring,57.457418,9.990555
Tøjeksperten,Tøjeksperten Hirtshals,"Nørregade 13B, 9850 Hirtshals",9850,Hirtshals,57.589845,9.957795
Tøjeksperten,Tøjeksperten Frederikshavn,"Søndergade 4, 9900 Frederikshavn",9900,Frederikshavn,57.437754,10.534506
Tøjeksperten,Tøjeksperten Skagen,"Havnevej 1A, 9990 Skagen",9990,Skagen,57.722115,10.588917
Zara,Zara København K,"Vimmelskaftet 28, 1161 København K",1161,København K,55.678707,12.575722
Zara,Zara Odense SØ,"Gørtlervej 8, 5220 Odense SØ",5220,Odense SØ,55.383343,10.425964
